dti,id,inq_last_12m,int_rate,issue_d,loan_amnt,fl_default,tot_cur_bal,annual_inc,revol_bal,mo_sin_old_rev_tl_op,acc_open_past_24mths,mo_sin_old_il_acct,mo_sin_rcnt_tl,mths_since_recent_bc,fico_score,addr_state_encoded,home_ownership_OWN,home_ownership_RENT,verification_status_Source Verified,verification_status_Verified
4.44,92043539,3,19.99,2016-10-01,3200,0,48249,27000,463,19,3,85,3,19,662,0.22820244156389516,0,1,1,0
11.16,92577351,0,16.99,2016-11-01,6000,0,20313,50000,5375,104,3,128,4,33,712,0.2398335190568419,0,1,1,0
27.18,90291454,7,15.59,2016-10-01,16000,1,147567,59000,16315,242,14,119,1,7,682,0.2508940045575526,0,0,0,1
27.63,95715510,0,14.99,2016-12-01,16000,0,47942,50000,16352,181,4,148,14,18,662,0.2367977506586332,0,1,0,1
13.13,92840533,1,7.99,2016-11-01,11000,0,36471,70000,9922,135,2,170,18,22,712,0.16180741466312665,0,1,0,1
21.54,93970495,2,13.49,2016-11-01,15000,0,267937,95000,41125,110,6,76,1,20,662,0.22964600222399478,0,0,0,0
27.37,91328476,2,5.32,2016-10-01,12000,0,362203,104000,23625,120,2,216,3,29,702,0.23093607081390768,0,0,0,0
11.73,92193817,2,7.99,2016-10-01,35000,0,444419,125221,28252,353,3,86,10,42,707,0.21658368254620217,0,0,1,0
11.49,95128316,7,11.44,2016-12-01,15000,1,183681,92000,3906,169,3,140,3,3,687,0.2262116396218806,0,0,0,0
10.9,93741676,4,11.44,2016-11-01,4800,1,423280,81000,4665,123,10,121,4,9,672,0.2258930782682992,0,0,1,0
24.96,90257489,4,12.79,2016-10-01,1000,1,26565,23844,1554,129,3,129,3,20,677,0.2398335190568419,0,1,0,1
19.18,94459230,0,5.32,2016-12-01,4900,0,28418,57000,5101,105,1,88,19,50,767,0.2258930782682992,0,1,0,0
32.09,94276236,2,17.99,2016-12-01,9100,1,53763,38000,18052,180,7,136,10,22,672,0.22820244156389516,0,1,0,0
12.18,93711738,8,11.49,2016-11-01,4800,0,219492,135000,39946,104,9,151,2,23,752,0.22820244156389516,0,0,0,0
9.88,90695079,2,10.49,2016-10-01,8000,0,271343,82000,8176,226,7,139,5,10,682,0.23093607081390768,0,0,0,0
4.92,94081860,4,14.99,2016-12-01,35000,1,317210,260000,2668,72,7,74,2,2,672,0.2258930782682992,0,0,1,0
14.58,92828038,1,13.99,2016-11-01,2500,0,16175,41000,4217,184,4,228,2,7,672,0.2398335190568419,0,1,1,0
17.62,91007871,6,10.99,2016-10-01,15000,0,133048,66000,33505,114,5,71,3,3,692,0.26936207385807537,1,0,1,0
21.58,90936504,3,21.49,2016-10-01,20000,0,174471,55000,16052,170,2,119,8,23,717,0.278503507164471,1,0,1,0
28.69,91396863,1,26.99,2016-10-01,11250,1,192022,45000,11226,266,6,117,3,31,692,0.2962094049669217,0,0,0,1
28.8,90797066,0,8.99,2016-10-01,6000,0,240168,65632,8041,291,1,140,21,62,677,0.2367977506586332,0,0,1,0
10.94,94337894,2,13.49,2016-12-01,15000,0,22886,35000,11519,151,9,154,1,5,692,0.2398335190568419,0,0,0,1
23.28,93461377,1,26.24,2016-11-01,10200,1,71313,50000,5006,93,5,100,2,17,702,0.2367977506586332,0,1,1,0
8.5,91414572,7,7.49,2016-10-01,21000,0,624116,149500,8,143,2,118,10,52,727,0.2258930782682992,0,0,0,0
32.38,94155863,2,13.99,2016-11-01,10000,0,198436,70000,3819,132,9,140,6,61,777,0.2508940045575526,0,0,1,0
10.84,95078251,2,8.24,2016-12-01,10000,0,45503,130000,21764,229,6,152,7,7,687,0.1764017439336834,1,0,0,0
6.12,95057516,2,12.74,2016-12-01,14000,1,90860,92000,17719,146,4,216,8,8,662,0.2367977506586332,0,1,0,0
29.44,93644081,1,14.99,2016-11-01,17400,0,172019,45000,20082,186,4,112,4,4,717,0.2367977506586332,0,0,1,0
26.69,92238221,4,11.49,2016-11-01,16650,0,138281,50000,7544,139,7,122,1,6,752,0.22964600222399478,0,0,0,0
19.11,94385607,4,10.49,2016-12-01,8000,0,313944,114000,5676,178,9,114,0,5,722,0.2258930782682992,0,0,1,0
16.19,91436117,0,7.99,2016-10-01,6500,0,24454,35000,4746,105,5,106,15,16,767,0.2398335190568419,0,1,0,0
24.06,94751384,0,13.49,2016-12-01,10000,0,80745,60000,19579,191,4,175,2,2,677,0.2258930782682992,0,1,1,0
7.49,93739085,0,7.99,2016-11-01,10000,0,6483,108000,4605,191,1,156,5,5,722,0.2258930782682992,0,1,0,1
26.27,94225994,1,18.99,2016-12-01,16300,0,40963,53250,4845,45,5,41,5,21,702,0.16180741466312665,0,1,1,0
13.06,91611510,2,10.99,2016-10-01,15600,0,165912,92000,18547,214,9,132,5,5,782,0.22820244156389516,0,0,0,0
30.55,95181788,0,11.39,2016-12-01,35000,0,104368,93000,44578,275,6,123,5,5,722,0.24038555719815624,0,1,1,0
30.19,91031859,0,12.79,2016-10-01,12000,0,69807,94000,38113,277,7,125,5,48,722,0.30642352237957415,0,0,1,0
14.68,94741618,1,15.99,2016-12-01,24000,0,35382,100000,14734,148,2,112,1,54,737,0.2258930782682992,0,0,1,0
12.85,91554206,0,11.44,2016-10-01,8000,0,7720,36000,6733,260,1,127,2,64,682,0.2258930782682992,0,1,1,0
14.1,94397741,3,7.99,2016-12-01,12000,0,206452,72000,12550,206,7,37,4,4,712,0.25400944474180537,0,0,0,0
23.43,90735265,12,17.99,2016-10-01,21000,0,163700,47900,14060,58,16,191,0,6,727,0.24236974246031542,0,1,0,1
11.85,92835154,1,11.49,2016-11-01,18000,0,371291,120000,15013,62,14,153,2,8,687,0.1764017439336834,0,0,0,1
11.7,93453034,0,11.39,2016-11-01,4000,0,39451,40000,8776,350,1,138,6,6,667,0.2508940045575526,0,0,1,0
9.61,89967352,11,10.99,2016-10-01,32000,0,470656,143000,13620,124,11,126,1,4,702,0.21658368254620217,0,0,0,1
14.35,94236307,0,12.74,2016-11-01,30000,0,374470,150000,17769,241,3,212,2,61,742,0.2258930782682992,0,0,1,0
7.41,91516328,2,7.99,2016-10-01,15000,0,192860,70000,4255,136,3,62,7,20,807,0.2258930782682992,0,0,0,0
26.94,95206828,1,18.99,2016-12-01,35000,0,73367,112000,38530,180,2,164,24,24,702,0.24236974246031542,0,0,0,1
15.41,92135358,2,11.44,2016-11-01,18000,0,103731,80000,5634,220,5,167,3,3,697,0.24178857354630912,0,0,0,0
20.75,92349823,7,19.99,2016-11-01,35000,0,366618,110000,47400,319,12,77,3,3,667,0.16180741466312665,0,0,1,0
19.4,94205706,4,26.99,2016-11-01,12000,1,154468,52100,12458,154,5,125,8,8,677,0.25400944474180537,0,0,1,0
18.11,92627986,0,11.44,2016-11-01,2400,0,170174,65000,40455,255,2,105,12,148,707,0.19155677855117656,0,1,0,1
26.93,95795436,0,11.39,2016-12-01,27450,0,175800,90000,15721,266,5,137,12,21,762,0.2398335190568419,0,0,0,0
32.9,92221022,0,14.99,2016-10-01,5000,0,32131,24000,11140,191,3,127,10,14,677,0.16180741466312665,0,0,0,0
30.9,91182664,0,24.99,2016-10-01,18050,1,37990,43000,11504,182,2,166,7,44,692,0.24178857354630912,0,1,0,1
16.75,95293335,2,12.74,2016-12-01,3000,0,163138,50000,21736,144,6,146,15,63,677,0.22541344615680733,0,1,0,0
30.13,91062588,1,26.99,2016-10-01,20000,1,80282,68653,15190,158,9,168,3,34,667,0.2258930782682992,0,1,0,1
23.03,90995286,2,21.49,2016-10-01,13800,1,206406,53000,11008,157,4,123,8,8,682,0.2218279015751931,0,0,1,0
28.74,93642328,1,11.39,2016-11-01,17775,0,681618.6899999992,95000,31714,226,2,138,22,35,717,0.2258930782682992,0,0,0,0
11.47,91343792,6,21.49,2016-10-01,7650,0,93445,45000,2113,37,6,70,3,7,677,0.24772661201898094,0,0,0,1
9.85,91475946,0,12.74,2016-10-01,15000,0,250526,140000,19854,96,1,122,15,95,722,0.24772661201898094,0,0,0,0
25.15,95795847,3,13.99,2016-12-01,21600,1,280200,75000,19458,124,2,106,4,79,707,0.2218279015751931,0,0,0,0
20.03,91611171,0,15.59,2016-10-01,15325,0,178584,58000,22074,236,4,64,5,5,732,0.19155677855117656,0,0,0,0
19.95,94092857,0,13.99,2016-12-01,23350,0,300299,130000,47012,166,5,125,2,2,702,0.24405029299643655,1,0,0,1
17.3,93429834,1,11.39,2016-11-01,18000,1,38702,71000,20648,306,1,206,6,56,667,0.25400944474180537,0,1,1,0
24.72,91436410,1,11.39,2016-10-01,8000,0,79829,57000,10682,154,3,124,6,6,682,0.15873373683147546,0,0,0,1
32.4,92718803,1,11.44,2016-11-01,5000,0,138116,42000,29050,404,3,199,4,4,672,0.24178857354630912,0,0,0,1
1.98,91629424,0,16.99,2016-11-01,8000,1,188015,40000,1901,218,0,32,32,148,692,0.19155677855117656,0,0,0,1
14.94,94478868,0,18.99,2016-12-01,10350,0,89818,150000,1694,90,4,164,14,16,672,0.2258930782682992,0,1,1,0
16.94,91170872,2,12.79,2016-10-01,29400,0,13064,35000,9612,132,4,123,2,11,662,0.24405029299643655,0,1,0,1
13.18,90875733,2,12.79,2016-10-01,8000,0,13896,49000,9280,133,2,45,2,2,757,0.2258930782682992,0,1,0,1
13.24,91363309,2,8.99,2016-10-01,18000,0,433585,120000,14754,182,4,139,5,104,687,0.2258930782682992,0,0,0,1
25.7,91296771,1,17.99,2016-10-01,12000,0,47536,56000,14554,156,7,59,10,12,712,0.2398335190568419,0,1,0,0
21.98,92559606,2,13.99,2016-11-01,5000,0,332594,138000,24205,88,3,253,2,2,672,0.24772661201898094,0,0,0,0
14.39,91684440,2,12.74,2016-10-01,10000,0,88960,134000,7142,125,3,111,1,1,667,0.2367977506586332,0,1,1,0
15.48,94666320,1,16.99,2016-12-01,11000,1,25254,60000,8101,38,8,43,5,10,662,0.22820244156389516,0,1,1,0
24.08,94466028,1,12.74,2016-12-01,20000,1,91670,80000,22523,85,7,11,1,1,737,0.22820244156389516,1,0,1,0
23.03,93707593,0,15.99,2016-11-01,3000,1,18079,32000,12016,53,4,13,13,20,712,0.2258930782682992,0,1,1,0
18.66,92173272,5,10.49,2016-10-01,4000,1,10996,24564,3208,183,4,132,5,9,662,0.2962466441080822,0,1,1,0
16.29,94151984,2,13.49,2016-12-01,6000,1,564693,140000,14772,252,14,133,5,5,682,0.2258930782682992,0,0,1,0
14.17,92369362,2,26.99,2016-11-01,30000,1,156845,78000,18334,137,8,139,2,4,707,0.21658368254620217,0,0,1,0
10.19,91425533,2,14.99,2016-10-01,20000,0,45725,63000,5827,129,3,93,4,48,752,0.24405029299643655,0,1,1,0
8.61,92838957,0,11.44,2016-11-01,3000,0,2965,23000,2965,265,3,265,6,7,687,0.24405029299643655,0,1,0,1
18.47,93136096,4,13.99,2016-11-01,12000,0,358484,108000,13229,251,13,144,1,2,682,0.23846830760717275,0,0,0,1
12.77,94339052,2,25.49,2016-12-01,12000,0,59566,42000,6998,103,4,110,2,62,692,0.22541344615680733,0,1,0,1
32.28,94028100,2,14.99,2016-12-01,5000,0,239391,68638.44,4520,193,6,157,6,50,687,0.2398335190568419,0,0,0,1
14.74,95353053,0,6.99,2016-12-01,11200,0,39978,75000,15386,314,4,163,18,46,742,0.2258930782682992,0,1,1,0
6.79,93940026,1,11.49,2016-11-01,8000,0,123695,38000,4631,101,4,153,2,83,687,0.21658368254620217,0,0,1,0
17.58,95116524,1,7.49,2016-12-01,13000,0,55685,120000,55685,236,1,108,3,34,687,0.2258930782682992,1,0,0,1
25.18,93051535,2,21.49,2016-11-01,35000,1,188840,86658,48468,158,8,136,5,52,672,0.24178857354630912,0,0,0,1
23.21,91503746,0,9.49,2016-10-01,15000,0,79536,103000,14033,250,8,174,9,16,797,0.2262116396218806,0,0,0,1
9.58,93533275,4,12.74,2016-11-01,15000,0,245250,70000,9152,115,9,129,0,13,662,0.22541344615680733,0,0,1,0
26.05,91028935,2,8.99,2016-10-01,35000,1,289756,165000,11846,325,2,140,8,8,672,0.24178857354630912,0,0,0,1
19.76,95206282,3,19.99,2016-12-01,10000,1,96443,50000,9930,93,6,176,1,1,682,0.2258930782682992,0,1,0,1
19.8,93653074,0,11.49,2016-11-01,25000,0,414961,125000,21108,154,5,149,11,18,732,0.22820244156389516,0,0,0,0
16.22,93883060,6,11.39,2016-11-01,3025,0,321636,95000,4242,276,7,205,3,118,722,0.21658368254620217,0,0,0,0
9.45,94032201,1,8.24,2016-12-01,12000,0,101162,66000,14927,158,7,227,1,14,697,0.2218279015751931,0,1,0,0
7.09,90072665,0,8.99,2016-10-01,10000,0,219107,120000,57636,157,5,120,3,9,712,0.23093607081390768,1,0,1,0
11.44,92747199,2,21.49,2016-11-01,14000,0,11997,62000,11997,283,2,94,3,146,677,0.2258930782682992,0,1,0,1
8.13,92839833,2,14.99,2016-11-01,10000,0,254434,90000,20772,146,0,131,39,48,697,0.2367977506586332,0,0,1,0
26.95,95292564,5,22.74,2016-12-01,27200,0,337581,68000,37748,242,11,126,1,8,692,0.21658368254620217,1,0,0,1
28.65,94135368,3,16.99,2016-12-01,14500,0,108735,48000,6169,92,6,188,2,20,707,0.22820244156389516,0,0,0,1
19.21,92991222,0,14.99,2016-11-01,17000,0,37826,55000,11508,468,8,16,8,8,672,0.1764017439336834,0,1,1,0
18.77,91227968,7,13.49,2016-10-01,4000,0,61494,31200,4595,25,2,97,4,12,687,0.24772661201898094,0,1,1,0
21.62,92281198,1,12.74,2016-11-01,17325,0,194056,76000,17961,177,5,175,3,3,672,0.2258930782682992,0,0,0,1
12.82,91556653,5,11.39,2016-11-01,20000,0,480692,155000,105349.48000000001,136,5,149,1,23,682,0.2218279015751931,0,0,0,1
10.96,91612896,0,11.49,2016-11-01,8000,0,57825,75000,21585,148,1,148,19,19,687,0.2294121971136406,0,1,0,1
21.52,96164129,0,13.99,2016-12-01,3000,0,52882,74000,24785,178,1,272,0,141,662,0.2367977506586332,0,1,0,1
10.3,91670096,1,8.24,2016-10-01,25000,0,311224,145000,25066,124,7,205,3,3,662,0.22820244156389516,0,0,1,0
15.4,92450824,6,8.24,2016-11-01,11850,0,245412,60000,6598,245,7,123,0,6,702,0.2258930782682992,0,0,1,0
13.46,93217291,0,19.99,2016-11-01,23550,0,36450,84000,12738,385,2,117,6,6,692,0.2398335190568419,0,1,0,1
7.6,91404158,2,7.99,2016-10-01,5000,0,73272,60000,9807,116,2,170,2,2,707,0.3029734287056215,0,0,0,0
13.54,94393982,0,5.32,2016-12-01,4000,0,68763,100000,5019,144,3,147,9,9,817,0.2258930782682992,0,1,0,0
22.8,92175470,3,14.99,2016-12-01,21600,0,248530,60000,105349.48000000001,108,1,129,22,22,677,0.2258930782682992,0,0,0,1
26.19,91753392,2,13.49,2016-10-01,10000,0,27372,34000,6953,64,7,13,8,13,662,0.2258930782682992,0,1,1,0
18.48,91192668,2,14.49,2016-10-01,25000,0,113943,90000,19062,235,6,122,6,16,722,0.25450503330821056,0,0,0,1
24.68,94456740,5,22.74,2016-12-01,15000,0,66186,85000,11116,258,8,85,7,17,692,0.2258930782682992,0,0,1,0
22.86,94163993,0,17.99,2016-12-01,35000,1,29408,70000,6660,123,2,115,8,86,702,0.2398335190568419,0,1,1,0
18.93,91363825,0,19.99,2016-10-01,10000,0,43485,53000,6995,73,4,48,2,15,727,0.19155677855117656,0,0,1,0
32.32,92728942,6,18.99,2016-11-01,20000,0,69119,75000,6589,245,6,80,3,16,727,0.2218279015751931,0,1,0,1
14.08,95926955,5,13.49,2016-12-01,5200,1,21687,47743,5136,43,8,19,3,3,682,0.2258930782682992,0,1,1,0
24.75,94057394,0,11.49,2016-12-01,25000,1,61315,120000,27766,183,3,124,23,24,712,0.2258930782682992,0,1,1,0
32.03,92023434,1,11.39,2016-11-01,35000,0,138484,80000,23360,197,2,101,16,23,742,0.22820244156389516,0,1,1,0
22.82,93901933,1,12.74,2016-11-01,20000,0,108779,45000,17573,364,4,141,1,46,692,0.22820244156389516,0,0,0,0
6.28,94132292,4,6.99,2016-12-01,16500,0,39737,143000,6615,186,4,110,5,9,702,0.2586338582330572,0,0,1,0
29.05,94100046,9,12.74,2016-12-01,3000,1,32408,35000,5654,128,9,204,3,12,667,0.2508940045575526,1,0,0,1
17.79,91661198,2,12.74,2016-10-01,20400,0,296687,62000,12818,292,3,125,7,105,727,0.22820244156389516,0,0,0,0
19.92,90150191,1,22.39,2016-10-01,24950,0,32647,62400,6100,158,3,125,6,51,687,0.2367977506586332,0,1,1,0
12.52,95332672,5,11.49,2016-12-01,21000,0,145864,106000,23041,228,8,134,3,3,702,0.22820244156389516,0,0,0,0
16.33,94444779,1,25.49,2016-12-01,24000,1,43802,100000,24862,266,5,153,8,25,712,0.2398335190568419,1,0,1,0
12.29,94140221,0,6.99,2016-12-01,14000,0,425686,219000,12760,271,6,148,13,15,742,0.25400944474180537,0,0,1,0
5.26,91467002,1,21.49,2016-11-01,12000,0,8469,58000,1557,146,4,142,5,34,667,0.2367977506586332,0,0,1,0
17.94,91129959,3,19.99,2016-10-01,14700,1,49965,60000,7200,125,2,168,5,41,692,0.2218279015751931,0,1,1,0
11.01,94275421,0,8.24,2016-11-01,9600,0,302190,260000,8428,127,2,186,3,47,687,0.2398335190568419,0,1,1,0
15.95,91291326,0,8.99,2016-10-01,18000,0,32790,68000,13080,239,0,221,37,148,707,0.2962466441080822,0,0,0,1
14.72,91289295,1,13.99,2016-10-01,14500,0,107355,59176,6864,264,2,146,11,36,662,0.16197620383450775,0,0,0,0
27.05,92124849,0,8.24,2016-10-01,8000,0,38068,39000,3263,133,3,130,4,30,667,0.3133839123580087,0,0,1,0
19.86,92841495,0,11.44,2016-11-01,10000,0,86466,40000,12439,65,0,59,36,36,722,0.22820244156389516,0,0,0,0
14.5,92419611,0,18.99,2016-11-01,15000,1,27324,75000,14211,249,4,7,7,12,672,0.14194112958139316,0,1,1,0
21.72,95049022,0,13.49,2016-12-01,6000,1,55199,50000,12711,160,5,137,1,1,682,0.2367977506586332,0,1,1,0
12.24,95057687,2,19.99,2016-12-01,16000,1,263793,57600,8702,115,5,102,4,4,702,0.21658368254620217,0,0,0,0
29.57,90865791,0,14.49,2016-10-01,7500,0,275156,73800,41595,197,2,148,14,37,687,0.2258930782682992,0,0,0,1
27.08,94981185,2,10.49,2016-12-01,30000,0,372515,120000,15769,308,7,129,5,11,682,0.22541344615680733,0,0,0,1
8.79,92214291,11,16.99,2016-10-01,5000,0,93788,65000,771,141,13,128,1,4,707,0.3133839123580087,0,1,1,0
19.4,92025148,0,26.99,2016-10-01,20000,0,47669,73117.78,22676,257,5,120,12,12,667,0.25220620065309657,0,1,0,1
10.76,95357081,0,7.49,2016-12-01,18400,0,45373,96000,19097,98,1,100,21,21,712,0.16180741466312665,0,1,1,0
33.73,90141814,1,26.99,2016-10-01,9275,1,49152,53296,21803,258,7,157,5,6,667,0.24772661201898094,0,0,1,0
4.01,95725839,1,12.74,2016-12-01,35000,0,396155,140000,15905,470,2,161,14,39,662,0.2258930782682992,0,0,1,0
10.88,91456837,2,14.99,2016-11-01,28000,1,36713,86000,12675,147,2,39,3,30,702,0.2258930782682992,0,1,1,0
10.08,91222448,2,12.79,2016-10-01,12000,0,178314,78000,12436,138,2,112,19,24,697,0.3133839123580087,0,0,0,1
18.22,92891909,3,15.99,2016-11-01,15000,0,137366,83500,10188,185,16,131,2,16,667,0.22820244156389516,0,0,0,1
25.82,94057896,3,21.49,2016-12-01,12000,1,32573,75000,24105,225,16,44,0,7,672,0.2258930782682992,0,1,0,0
15.86,95180795,2,10.49,2016-12-01,3000,0,176107,55000,3812,174,5,136,4,7,712,0.1764017439336834,0,1,1,0
9.31,92902375,2,7.49,2016-11-01,30000,0,279642,200000,20230,142,7,156,6,23,757,0.24405029299643655,0,0,0,1
11.77,94386634,2,13.49,2016-12-01,2800,0,169939,102000,25593,401,4,12,2,16,697,0.25400944474180537,0,0,1,0
16.52,94182373,0,25.49,2016-12-01,25125,1,137244,140000,5944,115,5,64,10,12,682,0.2398335190568419,0,0,1,0
3.9,91724104,1,14.99,2016-10-01,8000,0,14194,150000,5945,258,1,9,9,148,707,0.2398335190568419,0,1,1,0
18.29,95181292,4,11.49,2016-12-01,18000,1,179794,84000,9125,86,7,126,2,2,672,0.21658368254620217,0,0,0,0
26.49,93584858,2,15.99,2016-11-01,22400,0,52895,100000,19703,283,7,159,3,5,697,0.24405029299643655,1,0,1,0
14,93052250,0,14.99,2016-11-01,16000,0,262537,85000,8519,172,3,161,8,8,682,0.2962466441080822,0,0,0,0
21.88,91415349,1,11.49,2016-11-01,10000,0,61894,44000,12323,75,2,135,11,47,667,0.2962466441080822,1,0,0,1
24.49,93403310,1,12.74,2016-12-01,10000,0,15731,35000,6545,130,7,97,5,5,692,0.24236974246031542,1,0,1,0
5.41,90845386,0,10.99,2016-10-01,15000,0,24261,131000,8981,470,3,107,7,7,702,0.24236974246031542,0,0,0,0
12.05,92216881,1,11.49,2016-11-01,19800,0,189220,66000,19726,97,5,124,4,12,727,0.2218279015751931,0,0,0,0
13.82,95736250,3,15.99,2016-12-01,3000,0,252188,108000,3893,251,3,146,3,49,692,0.2258930782682992,1,0,0,1
17.13,41429315,0,18.99,2016-12-01,9000,0,15064,18000,9407,47,1,129,14,12,662,0.16180741466312665,0,1,1,0
9.02,93603843,1,15.99,2016-12-01,35000,0,52825,175000,14148,153,5,59,3,3,677,0.2398335190568419,0,0,1,0
23.59,95696708,1,7.49,2016-12-01,19000,0,102018,98500,35895,470,4,191,2,20,717,0.24178857354630912,1,0,0,0
31.05,94353281,1,12.74,2016-12-01,2100,0,201447,85000,21567,269,13,246,4,9,697,0.22964600222399478,0,1,0,1
7.53,91228882,4,11.49,2016-10-01,4800,0,344523,198000,11496,192,9,43,6,6,687,0.24178857354630912,0,0,1,0
15.51,95232865,0,8.24,2016-12-01,9000,0,25617,42000,7850,358,3,163,1,61,757,0.25400944474180537,0,1,0,0
17.6,91238989,4,14.49,2016-10-01,8000,1,15458,45000,3104,117,6,120,5,5,672,0.3133839123580087,0,1,1,0
21.02,93823078,1,12.74,2016-11-01,10000,0,28827,32000,5466,35,6,44,11,17,702,0.22820244156389516,0,0,1,0
22.29,92218139,2,7.99,2016-10-01,10500,0,196738,65000,1448,273,4,84,12,60,762,0.2586338582330572,0,0,0,0
13.86,91120384,1,14.49,2016-10-01,4000,0,16662,44000,2037,127,10,31,3,3,727,0.22541344615680733,1,0,1,0
16.7,92015558,3,26.99,2016-11-01,28000,1,43600,80000,1419,268,9,124,1,13,757,0.24772661201898094,0,1,0,1
31.29,90279210,8,15.59,2016-10-01,6000,0,330297,52123,11843,133,16,126,4,11,672,0.24772661201898094,0,0,0,1
7.3,90805796,1,10.99,2016-10-01,17000,0,148125,48000,21744,136,0,125,27,35,722,0.24772661201898094,0,0,1,0
11.89,93434156,5,18.99,2016-12-01,20000,1,15852,72800,4104,147,8,125,1,1,662,0.2258930782682992,0,1,0,1
2.71,94446370,0,14.99,2016-12-01,15000,0,5207,48222,5207,184,4,125,8,9,672,0.2258930782682992,0,0,1,0
22.78,94379947,1,8.24,2016-12-01,8000,0,83934,100000,3748,154,4,152,3,31,667,0.2262116396218806,0,1,0,1
34.05,94199809,0,19.99,2016-12-01,20000,0,53867,56000,19836,141,9,109,6,6,682,0.22391551552496644,0,1,0,1
25.71,92737520,0,11.49,2016-11-01,6725,1,112736,45000,6064,36,6,117,5,5,672,0.21658368254620217,0,0,0,1
20.59,95327053,1,12.74,2016-12-01,16000,0,263135,100000,6864,134,4,123,3,7,727,0.1305656166082932,0,0,0,1
26.07,93654834,1,16.99,2016-11-01,4150,0,14654,25000,11585,127,5,118,7,15,662,0.24236974246031542,0,1,0,1
23.68,94008694,9,12.74,2016-12-01,35000,1,132285,144000,26782,221,5,165,2,34,742,0.24236974246031542,0,0,0,1
31.61,91434612,2,18.99,2016-10-01,20000,1,123882,85000,60658,240,7,163,1,37,687,0.22541344615680733,0,1,0,1
14.16,92247812,1,15.99,2016-11-01,12000,0,50729,75000,9328,78,9,115,1,1,702,0.2398335190568419,0,1,1,0
13.71,95029447,2,19.99,2016-12-01,12075,1,10949,28800,10949,103,0,129,33,33,707,0.23846830760717275,0,1,1,0
19.51,91172771,1,8.99,2016-10-01,9600,0,49478,122000,10542,133,3,136,12,28,687,0.2258930782682992,0,1,1,0
22.06,92561425,0,18.99,2016-11-01,8475,0,34840,50000,408,38,3,101,5,38,752,0.2962094049669217,1,0,0,1
8.22,94020361,1,8.24,2016-12-01,9500,0,500752,75000,7092,230,1,169,23,102,752,0.22541344615680733,0,0,1,0
18.39,92597757,1,15.99,2016-11-01,15000,0,39817,95000,18314,233,5,276,2,2,667,0.2398335190568419,0,0,1,0
20.43,91833289,0,10.49,2016-11-01,3600,0,16982,37000,1890,132,4,124,6,6,737,0.2398335190568419,0,1,0,0
21.31,94070549,2,10.49,2016-12-01,6300,0,179167,120000,6172,392,7,141,3,3,727,0.30642352237957415,0,0,1,0
26.42,91397955,2,12.74,2016-11-01,16000,0,64372,60000,7103,44,6,276,11,11,737,0.22541344615680733,0,1,1,0
27.04,94011457,0,21.49,2016-12-01,18625,0,172600,45000,24859,315,5,123,14,18,707,0.25450503330821056,0,0,0,0
20.9,91733786,3,11.49,2016-10-01,15950,0,385975,110000,6460,215,5,170,5,5,697,0.2218279015751931,0,0,0,0
25.22,91302502,1,10.49,2016-10-01,7000,0,45993,50000,839,50,2,85,6,25,712,0.23093607081390768,0,1,0,1
25.77,93277385,3,12.74,2016-11-01,8500,1,30671,40000,5129,224,6,14,5,11,707,0.22820244156389516,1,0,0,0
23.45,92524985,2,26.24,2016-11-01,12300,1,109981,28000,7743,275,4,32,3,66,707,0.24178857354630912,0,0,1,0
19.6,92832457,5,11.44,2016-11-01,8000,0,68071,45000,7264,59,7,30,2,34,742,0.2258930782682992,0,1,1,0
24.93,93753253,5,5.32,2016-12-01,15000,0,215472,112000,18889,127,6,125,5,19,742,0.24236974246031542,0,0,0,0
30.74,92217207,2,18.99,2016-10-01,26000,0,441681,66000,22294,118,5,262,4,10,687,0.21658368254620217,0,0,0,1
21.44,91637401,2,16.99,2016-10-01,28000,0,319505,185000,68107,276,7,124,1,39,682,0.23093607081390768,0,0,0,0
4.32,90896615,0,10.49,2016-10-01,1200,0,3908,65000,3908,224,2,156,5,11,702,0.2258930782682992,0,1,0,0
22.12,94170008,0,15.99,2016-12-01,22000,0,32144,69000,13890,374,1,50,16,50,712,0.22541344615680733,1,0,0,0
10.7,95922007,5,10.49,2016-12-01,5600,0,411280,125000,9650,196,4,126,10,19,702,0.21910964887857984,0,0,1,0
8.53,92311695,5,11.44,2016-11-01,20000,0,181348,205000,5314,235,6,211,6,16,752,0.2218279015751931,0,0,1,0
10.56,93443606,0,11.39,2016-11-01,1000,0,9136,35000,3253,61,0,276,27,48,702,0.2398335190568419,0,1,0,0
23.72,91555247,0,13.99,2016-11-01,4050,1,6736,11280,6736,186,1,209,2,2,667,0.2962466441080822,0,1,0,1
26.15,95666374,1,14.99,2016-12-01,10000,1,288050,58000,17368,140,6,146,5,5,687,0.22820244156389516,0,0,0,0
27.29,93993729,3,11.39,2016-11-01,6000,0,137438,82000,16717,201,7,142,3,21,672,0.22820244156389516,0,0,1,0
23.92,90886861,1,17.99,2016-10-01,16000,1,46034,85400,18294,133,4,132,12,12,702,0.25450503330821056,0,1,1,0
31.68,93378588,4,17.99,2016-11-01,11200,0,616514,107000,14366,73,11,276,2,16,662,0.2367977506586332,0,0,0,1
4.25,95973871,2,21.49,2016-12-01,25000,0,466719,160000,15933,416,4,142,1,1,662,0.2258930782682992,0,0,0,0
15.87,90997381,0,6.99,2016-10-01,20000,0,51852,90000,6075,226,1,153,19,46,817,0.16180741466312665,0,1,0,0
26.91,92155021,2,14.99,2016-10-01,2500,0,324444,110000,35848,257,6,159,2,53,712,0.21470648544797244,0,0,1,0
15.62,92125155,3,8.24,2016-11-01,9600,0,39490,100000,1803,158,3,138,6,6,672,0.2258930782682992,0,1,1,0
20.01,93869713,2,5.32,2016-11-01,20000,0,203542,120000,20155,294,4,144,7,27,767,0.21658368254620217,0,0,0,0
20.36,93442451,2,12.74,2016-11-01,4000,0,159712,55000,4439,129,10,120,3,3,667,0.2367977506586332,0,0,1,0
30.18,92269201,0,15.99,2016-11-01,35000,1,287993,120000,17399,195,14,50,2,8,712,0.22391551552496644,0,0,0,1
5.59,88779031,2,5.32,2016-10-01,9600,0,171809,103000,11616,194,4,171,1,1,737,0.25400944474180537,0,0,1,0
24.81,93227788,2,14.99,2016-11-01,19725,1,85712,143000,3019,67,5,168,7,7,667,0.2367977506586332,0,1,1,0
33.83,95271684,3,22.74,2016-12-01,19200,0,155148,90000,23471,217,10,138,5,20,697,0.24236974246031542,0,0,0,0
20.47,90993754,0,12.79,2016-10-01,6000,0,47824,59000,8197,118,11,99,5,6,672,0.21658368254620217,0,1,1,0
21.12,91507773,9,13.49,2016-10-01,5500,0,139132,60000,21816,111,12,225,2,16,682,0.24038555719815624,0,0,0,1
12.79,95109564,5,7.24,2016-12-01,3500,0,152801,70000,12391,121,3,185,11,44,717,0.16180741466312665,1,0,0,0
11.99,95248141,2,11.44,2016-12-01,10800,0,57923,150000,18431,124,4,147,1,22,677,0.2258930782682992,0,0,1,0
9.8,91089895,0,12.79,2016-10-01,10000,0,112011,36000,4286,136,1,135,24,24,672,0.16180741466312665,0,0,1,0
23.8,95953280,1,7.49,2016-12-01,4500,0,166886,47000,1527,134,4,151,14,33,732,0.2111913767566574,0,0,0,0
18.11,95930113,6,23.99,2016-12-01,24000,0,36665,75000,17190,265,9,147,0,4,677,0.1305656166082932,1,0,0,0
19.86,91120116,1,6.99,2016-10-01,4000,0,28940,49000,2172,105,3,68,7,7,782,0.22820244156389516,0,1,0,0
6.9,94328016,1,15.99,2016-11-01,10000,0,8718,32000,8718,54,0,131,27,29,687,0.2398335190568419,0,1,1,0
10.58,95294761,1,13.49,2016-12-01,8000,1,15570,54000,15570,222,5,148,10,10,682,0.2398335190568419,0,0,1,0
8.05,92658527,1,14.99,2016-11-01,35000,0,235910,140000,12908,153,4,129,4,4,682,0.2508940045575526,0,0,1,0
26.84,92310747,3,13.49,2016-11-01,2000,1,58334,49000,12542,154,7,132,2,2,662,0.2398335190568419,0,1,1,0
19.93,93831063,5,15.99,2016-11-01,35000,0,657810,148000,30563,287,7,267,4,4,717,0.2258930782682992,0,0,0,1
18.91,94347421,5,26.99,2016-12-01,35000,1,38376,63000,9880,77,5,22,9,15,662,0.24772661201898094,0,1,0,1
11.33,94496483,1,12.74,2016-12-01,16000,0,115611,52000,13146,148,3,184,4,18,682,0.24772661201898094,0,0,1,0
30.94,92113751,3,10.49,2016-10-01,4000,0,97465,50000,6022,185,5,121,4,13,747,0.2508940045575526,0,0,1,0
22.16,93753133,0,11.44,2016-12-01,6000,0,95898,40000,9264,316,2,87,13,15,757,0.2367977506586332,0,1,0,0
13.44,94666857,2,14.99,2016-12-01,8300,0,122850,51000,10229,273,4,148,7,14,682,0.26936207385807537,0,1,0,0
20.08,95019134,2,11.49,2016-12-01,1600,0,106102,57000,11794,137,5,135,5,5,677,0.2398335190568419,0,1,1,0
20.74,95103464,6,11.49,2016-12-01,8000,0,203273,91000,17024,192,7,166,6,15,662,0.24772661201898094,0,0,1,0
10.13,93536028,0,13.49,2016-11-01,15000,0,5210,41000,5210,109,2,99,14,14,692,0.16180741466312665,0,1,1,0
5.81,89957178,1,15.59,2016-10-01,7000,1,4472,25000,4472,61,5,132,4,9,697,0.2398335190568419,0,1,1,0
8.08,94596322,0,14.99,2016-12-01,5000,0,3536,15000,3536,59,0,64,28,28,662,0.2398335190568419,0,1,1,0
17.19,91703771,9,13.49,2016-11-01,25000,1,146109,65900,36254,352,9,79,1,2,682,0.22541344615680733,0,0,0,0
6.48,93603659,1,8.24,2016-11-01,8400,0,11165,80000,9689,259,3,128,6,6,682,0.2218279015751931,1,0,0,0
17.55,93685658,4,10.49,2016-11-01,15000,1,282988,85000,4146,314,2,164,1,45,672,0.2398335190568419,0,0,0,1
29.63,94425394,6,17.99,2016-12-01,10000,0,33380,36000,8567,200,4,129,14,17,662,0.2258930782682992,0,1,0,1
22.57,95123425,0,12.74,2016-12-01,9600,0,89145,46000,6879,145,0,250,35,35,697,0.24038555719815624,0,0,0,1
24.76,91683533,0,15.99,2016-10-01,5000,0,171789,65000,13429,106,3,110,3,34,697,0.2367977506586332,0,0,0,1
17.09,91553501,1,13.99,2016-10-01,4000,1,167041,50000,14768,169,3,148,7,7,687,0.2367977506586332,0,0,1,0
16.92,95918978,3,7.49,2016-12-01,12000,1,116329,140000,38799,279,4,159,8,22,687,0.22820244156389516,0,1,1,0
25.62,93684155,2,18.99,2016-11-01,6000,0,17493,35000,3012,96,3,152,5,24,677,0.14194112958139316,1,0,1,0
22,92014077,0,7.99,2016-11-01,8000,0,296912,85000,35116,358,2,67,13,35,682,0.23093607081390768,0,0,0,0
11.04,94090920,7,26.99,2016-12-01,28000,1,305162,98586,20820,324,5,139,2,2,667,0.2398335190568419,0,0,1,0
20.78,93712024,2,13.99,2016-11-01,19850,1,19889,42216,12561,119,4,276,13,21,697,0.1935332077454842,0,1,0,0
17.46,94363111,2,13.49,2016-12-01,19000,0,146938,42000,31148,199,3,152,6,6,772,0.24236974246031542,0,0,0,0
29.6,91247922,4,17.99,2016-10-01,19100,1,147408,50000,19666,130,11,96,2,10,712,0.2508940045575526,0,0,0,1
2.91,96083576,3,16.99,2016-12-01,5000,0,343667,42000,2499,470,3,173,6,12,672,0.1764017439336834,0,0,0,1
12.58,94099577,1,15.99,2016-12-01,24000,1,25342,68000,25342,134,1,120,11,11,662,0.24405029299643655,0,1,1,0
17.07,91387135,1,17.99,2016-11-01,20400,1,34410,72000,5659,323,6,109,10,10,687,0.2258930782682992,0,1,0,0
10.23,36361454,1,26.99,2016-12-01,16800,0,12303,45500,1118,125,8,212,1,1,717,0.24178857354630912,0,1,0,1
1.52,91644090,4,14.99,2016-10-01,14000,0,2885,45000,2885,153,1,132,24,24,722,0.24178857354630912,0,1,1,0
20.02,91092307,2,7.49,2016-11-01,10000,1,681618.6899999992,85000,14084,151,4,122,7,108,697,0.2398335190568419,0,0,0,0
14.43,92697209,0,15.99,2016-11-01,18000,1,29340,80000,17623,62,6,13,2,2,662,0.24405029299643655,0,1,0,1
22.26,91179367,2,17.99,2016-10-01,6000,0,34951,44000,4111,118,9,144,4,6,697,0.16197620383450775,0,1,1,0
12.9,91694355,1,7.24,2016-10-01,25000,0,379710,84000,26543,123,2,217,8,8,727,0.2367977506586332,0,0,0,0
27.14,92401007,7,10.49,2016-11-01,2000,1,361163,56160,5638,317,9,276,3,18,677,0.22964600222399478,1,0,1,0
6.99,90746168,1,18.99,2016-10-01,15000,1,9366,45000,9366,42,6,132,3,26,697,0.2218279015751931,0,1,1,0
9.04,91230276,0,15.99,2016-10-01,15350,0,11952,47936,11952,147,0,123,32,32,697,0.2398335190568419,0,1,0,0
21.81,93691150,2,14.99,2016-12-01,20700,0,102462,45000,24089,196,7,141,4,4,667,0.22820244156389516,0,0,0,1
27.76,91122210,1,26.99,2016-10-01,19325,0,255933,75000,17375,193,3,146,5,5,682,0.16402453469631748,0,0,0,0
13.72,92219490,2,21.49,2016-11-01,18000,0,19631,55000,7537,251,7,124,3,3,672,0.24772661201898094,1,0,1,0
14.34,91067791,1,7.99,2016-10-01,10000,0,39373,60000,10935,68,5,96,11,11,687,0.22820244156389516,0,1,0,1
28.42,91949587,3,12.74,2016-11-01,15000,0,290506,78260,5594,172,9,124,4,22,742,0.21910964887857984,0,0,0,0
20.58,91955827,5,12.74,2016-11-01,3600,0,406271,60700,5232,220,7,216,8,14,702,0.16197620383450775,0,0,0,0
6.38,94327413,8,18.99,2016-12-01,8000,1,19530,35000,3087,54,3,28,4,31,662,0.24178857354630912,0,0,1,0
14.33,94383806,3,7.49,2016-12-01,9600,1,28076,72000,834,98,4,18,4,4,742,0.2258930782682992,0,1,0,0
18.46,93960982,1,11.44,2016-11-01,6400,0,333220,73000,10538,294,3,152,8,8,672,0.2367977506586332,0,0,0,0
15.67,91497913,1,8.24,2016-10-01,28000,0,134658,130000,40451,289,1,125,7,7,697,0.21701380971305592,0,0,0,0
17.16,91051825,11,14.49,2016-10-01,8000,1,464826,110000,15097,163,10,73,3,5,687,0.24405029299643655,0,0,1,0
18.57,90916407,10,9.49,2016-10-01,9000,0,37436,67000,5432,82,5,107,11,11,692,0.24038555719815624,0,0,1,0
16.32,92372004,1,15.99,2016-11-01,2500,0,424831,85000,3945,121,0,87,4,97,707,0.2398335190568419,0,0,0,1
19.31,95179273,5,11.44,2016-12-01,30000,0,681618.6899999992,136800,37079,234,6,177,5,5,702,0.16180741466312665,0,0,0,1
3.97,93663101,1,11.49,2016-11-01,10000,1,16492,65000,5213,128,3,146,3,3,667,0.24236974246031542,1,0,0,1
23.59,92261821,0,8.24,2016-11-01,12000,0,267620,85000,31371,187,2,146,4,9,727,0.22820244156389516,0,0,1,0
25.33,93672862,3,11.49,2016-11-01,15000,0,48177,65000,3803,104,3,76,11,20,692,0.23846830760717275,1,0,0,1
11.62,91575891,4,12.74,2016-10-01,20000,0,34272,70000,10768,102,3,78,4,4,682,0.2398335190568419,0,0,1,0
2.28,95258887,2,7.24,2016-12-01,3000,0,1738,72000,1738,156,6,51,4,43,742,0.2258930782682992,0,0,1,0
17.13,91150591,1,12.79,2016-10-01,7000,0,152829,62500,10942,145,3,139,12,12,677,0.2258930782682992,0,1,1,0
7.73,95169995,9,7.99,2016-12-01,6000,0,15647,100000,2590,237,10,44,4,9,682,0.2258930782682992,1,0,0,0
25.47,94345515,5,19.99,2016-12-01,16000,0,232313,50000,20081,63,7,74,8,9,697,0.24772661201898094,0,0,1,0
19.33,91576313,1,13.99,2016-11-01,33000,1,201166,84488,29347,192,3,160,2,14,717,0.2367977506586332,0,1,0,1
8.84,91179251,4,26.99,2016-10-01,27600,0,13865,60000,5754,102,8,16,1,7,662,0.25400944474180537,0,1,1,0
7.25,95216504,1,13.49,2016-12-01,15000,0,330652,75000,11542,227,4,33,6,6,677,0.2398335190568419,0,0,0,0
19.59,95092321,1,11.44,2016-12-01,4000,0,49285,53000,10523,106,4,88,6,10,687,0.2508940045575526,0,1,1,0
7.93,94004740,5,11.49,2016-11-01,1800,0,29944,78995,7476,204,9,122,2,8,662,0.2962466441080822,0,0,1,0
21.38,91080741,0,12.79,2016-10-01,5000,1,44601,33000,2899,356,2,137,2,2,662,0.2586338582330572,0,1,0,1
19.25,91577391,0,24.74,2016-11-01,35000,0,37041,90000,6130,114,5,98,1,2,682,0.25220620065309657,1,0,1,0
28.15,94029089,1,10.49,2016-12-01,18000,0,90210,70000,18077,94,4,70,10,10,667,0.1764017439336834,0,1,0,0
15.22,95101605,0,11.44,2016-12-01,15000,0,184185,63000,3210,112,1,101,5,110,702,0.22820244156389516,0,0,1,0
11.14,92222279,12,16.99,2016-10-01,8500,1,28733,70000,4169,221,9,47,4,4,667,0.2218279015751931,0,0,0,1
24.89,91188614,3,19.99,2016-10-01,32000,1,324175,120000,15131,270,16,181,1,9,722,0.19155677855117656,0,0,0,1
23.56,94233530,2,13.99,2016-12-01,14400,0,326045,86000,18832,144,7,159,3,12,687,0.2262116396218806,0,0,0,1
21.94,90438565,2,12.79,2016-10-01,3000,1,86702,101500,19539,148,8,178,8,11,667,0.2258930782682992,0,1,0,1
4.16,94173248,1,11.44,2016-12-01,4600,0,5460,90000,3960,185,4,142,1,72,682,0.23846830760717275,0,0,0,0
29.84,91343884,1,16.99,2016-10-01,24850,1,25777,60000,315,204,4,163,3,31,712,0.24772661201898094,0,0,0,1
30.67,91678531,2,26.99,2016-10-01,20000,0,30313,48000,17734,210,7,111,0,0,697,0.22820244156389516,0,0,1,0
24.05,91077802,1,17.99,2016-10-01,8000,1,20275,28000,8112,75,3,140,9,19,667,0.2367977506586332,0,1,1,0
8.57,90765311,7,11.49,2016-10-01,35000,0,264000,139552,20235,295,7,276,11,12,667,0.16180741466312665,0,0,0,1
9.27,91457947,1,7.99,2016-10-01,12000,1,69764,104000,10539,87,8,74,1,1,727,0.16180741466312665,0,1,0,0
9.36,91100908,0,11.49,2016-10-01,8325,0,238210,105000,4431,177,3,134,17,17,677,0.2218279015751931,0,0,1,0
25.15,95189920,1,22.74,2016-12-01,24000,1,59140,68000,11985,154,5,100,3,45,687,0.22541344615680733,0,1,0,0
3.5,94116469,12,11.49,2016-12-01,4800,0,4356,50000,4356,118,6,129,10,14,687,0.24102227492165665,1,0,1,0
29.55,91764149,5,11.44,2016-10-01,10900,0,36031,49824,5948,177,5,135,4,4,667,0.2262116396218806,0,1,1,0
29.19,92204276,3,14.99,2016-10-01,2400,0,9844,19000,5564,112,6,107,3,3,707,0.2367977506586332,1,0,0,1
19.15,93995591,3,11.44,2016-11-01,8000,0,163312,69200,31049,271,14,142,1,6,662,0.25220620065309657,0,0,0,1
17.73,90706533,4,12.79,2016-10-01,27025,0,205256,212000,0,246,5,135,8,13,672,0.22820244156389516,0,0,1,0
32.24,92309621,1,12.74,2016-11-01,10000,0,57152,48000,11264,69,6,85,1,2,687,0.26936207385807537,0,1,0,1
25.06,95715508,1,22.74,2016-12-01,31150,1,231253,64900,28379,122,4,176,2,2,687,0.24102227492165665,0,0,0,1
10.14,90692725,1,17.99,2016-10-01,30000,1,51992,65000,6262,114,3,201,10,10,677,0.24405029299643655,0,1,0,1
22.9,95176664,2,11.39,2016-12-01,4200,0,453631,78000,8856,38,7,57,6,14,682,0.2258930782682992,0,0,1,0
29.25,92123971,3,8.24,2016-10-01,10000,0,213333,65000,20577,128,7,122,7,7,672,0.1935332077454842,0,0,0,1
18.5,94195290,0,22.74,2016-11-01,13275,0,14001,44054,4982,242,1,111,14,32,662,0.22541344615680733,0,1,0,0
16.74,90722885,3,15.59,2016-10-01,15000,1,241409,55000,5772,52,8,122,4,13,672,0.21658368254620217,0,1,1,0
6.27,90511887,0,5.32,2016-10-01,12000,0,101993,54350,10216,167,2,178,17,17,692,0.2962094049669217,0,1,1,0
13.14,94414820,0,11.49,2016-12-01,8000,1,11772,38000,3106,87,3,173,7,13,717,0.22820244156389516,0,1,1,0
8.07,91684488,0,14.99,2016-10-01,15000,0,185695,70000,14499,76,6,100,11,13,677,0.2218279015751931,0,0,0,0
14.23,91547764,0,13.49,2016-10-01,21000,0,67137,150000,34413,225,4,195,9,9,687,0.2258930782682992,0,1,0,1
27.37,94148637,0,15.99,2016-12-01,5000,0,296365,130000,60993,301,5,144,8,38,702,0.25400944474180537,0,0,1,0
10.52,90726853,2,19.99,2016-10-01,24000,1,31257,99500,22717,147,10,122,2,2,727,0.2962466441080822,1,0,0,1
11.26,94046625,1,15.99,2016-12-01,5000,0,3253,15660,3253,470,2,144,6,6,682,0.1935332077454842,0,1,0,1
17.49,93969487,4,10.49,2016-11-01,10000,0,100566,51040,10281,101,4,127,9,9,672,0.2367977506586332,0,0,1,0
28.4,91631411,0,22.74,2016-10-01,35000,0,339319,125000,61525,262,0,29,29,53,722,0.2586338582330572,0,0,0,1
0.54,95103242,0,7.24,2016-12-01,7600,0,743,55432.32,743,196,2,161,6,6,802,0.22820244156389516,0,1,0,1
19.28,91387192,0,7.49,2016-10-01,25000,0,319480,160000,28798,319,4,149,2,120,727,0.2508940045575526,0,0,0,1
21.36,93779389,5,12.74,2016-11-01,10000,1,42338,55000,8689,201,4,149,13,13,677,0.2367977506586332,0,0,0,0
17.98,91179670,6,18.99,2016-10-01,14000,1,72701,140000,11580,83,8,60,2,3,712,0.24772661201898094,0,1,1,0
13.26,92667425,1,11.39,2016-11-01,6500,0,12551,47500,7566,229,5,116,12,12,672,0.22541344615680733,0,1,1,0
22.59,94176497,1,12.74,2016-12-01,8400,0,84945,45000,3189,245,4,136,1,14,662,0.26220086013005467,0,0,1,0
23.88,94128553,0,11.49,2016-12-01,8000,0,40737,70000,16819,45,6,44,8,22,687,0.26936207385807537,0,0,1,0
10.45,90986467,1,9.49,2016-10-01,14500,0,30330,85000,10402,109,2,105,12,20,717,0.2258930782682992,0,0,1,0
20.87,92439238,2,13.99,2016-10-01,28000,0,291742,100000,30750,453,7,157,4,4,762,0.2398335190568419,0,0,0,0
31.54,91093370,0,14.49,2016-10-01,3600,1,285800,73956,24752,143,5,135,7,87,717,0.26936207385807537,0,0,0,1
18.6,95080314,1,15.99,2016-12-01,8400,0,13891,40000,9574,55,6,68,1,10,667,0.2367977506586332,0,1,1,0
20.24,94022376,7,21.49,2016-12-01,21000,1,191485,45000,6344,169,4,158,7,46,682,0.2508940045575526,0,0,0,1
16.28,94107901,0,17.99,2016-11-01,35000,1,77751,142162,9443,245,5,171,12,15,707,0.2508940045575526,0,0,0,0
33.49,91295824,9,17.99,2016-10-01,4825,1,232897,39500,4213,33,5,276,3,33,667,0.24772661201898094,0,1,0,1
33.78,94037008,0,21.49,2016-12-01,11000,0,33115,33000,4330,292,4,127,7,12,667,0.24405029299643655,0,1,1,0
28.13,93749711,1,7.99,2016-12-01,13000,0,28882,46000,8032,114,5,157,8,14,722,0.1089257395525156,0,1,1,0
8.37,92841756,7,12.74,2016-11-01,35000,1,133558,140000,17919,149,1,131,14,29,707,0.24772661201898094,0,0,0,1
4.46,95128661,0,5.32,2016-12-01,4000,0,21738,70000,12636,163,0,129,35,124,812,0.2367977506586332,0,0,1,0
27.15,90692212,3,9.49,2016-10-01,10250,0,321880,80000,36456,134,3,61,8,11,722,0.2962094049669217,0,0,0,0
22.54,91111544,0,5.32,2016-10-01,4000,0,245419,40197,8280,149,3,158,19,24,752,0.22964600222399478,0,0,0,0
14.22,91040860,11,16.99,2016-10-01,7000,1,126816,65000,6301,156,8,149,7,8,692,0.22820244156389516,0,0,1,0
14.86,92797228,1,14.99,2016-11-01,10800,0,165998,175000,21554,301,10,132,3,3,662,0.22820244156389516,0,0,1,0
11.06,95447197,0,15.99,2016-12-01,35000,1,45024,110000,36807,169,4,139,3,11,687,0.2398335190568419,0,1,1,0
16.65,92739551,9,18.99,2016-11-01,21000,0,366258,120000,7199,145,11,154,1,1,712,0.2398335190568419,0,0,0,0
2.86,95022955,0,11.44,2016-12-01,15000,0,13008,230000,6545,325,3,12,5,5,662,0.2398335190568419,0,1,1,0
4.3,90965872,2,9.49,2016-10-01,5600,0,2100,82680,2100,128,2,149,7,7,667,0.21910964887857984,0,0,1,0
4.78,93474212,4,14.99,2016-11-01,7800,1,5222,65000,5222,36,16,110,1,2,662,0.2367977506586332,0,1,1,0
7.65,92370925,0,12.74,2016-11-01,7750,0,386700,82000,2149,83,1,146,5,29,687,0.2586338582330572,1,0,0,1
30.29,94046984,2,11.44,2016-12-01,8000,1,25353,38000,10700,202,5,152,3,6,672,0.25400944474180537,0,1,0,1
12.56,93187513,0,8.24,2016-11-01,3000,0,9143,30000,2147,128,2,95,9,33,677,0.2258930782682992,0,1,0,0
27.38,91404325,1,8.59,2016-10-01,1975,0,153192,57500,13898,204,9,276,4,4,732,0.2367977506586332,0,0,1,0
17.84,95338942,0,14.99,2016-12-01,16000,1,27219,47500,7895,132,2,74,7,7,702,0.23846830760717275,0,1,1,0
17.44,95097971,6,11.44,2016-12-01,5000,1,38197,60000,4185,89,1,68,3,53,697,0.2258930782682992,0,1,1,0
31.44,93869782,3,24.74,2016-11-01,35000,1,113595,90000,27373,159,6,108,4,13,717,0.2258930782682992,0,1,0,1
34.28,95275492,2,16.99,2016-12-01,9800,0,23866,27450,8045,50,3,40,4,17,667,0.2398335190568419,0,1,0,0
10.55,90220151,1,15.59,2016-10-01,20000,0,95185,66560,5236,182,8,132,2,38,687,0.21658368254620217,0,0,1,0
31.38,95071770,9,11.44,2016-12-01,12000,0,54271,48500,10745,126,8,137,3,3,677,0.2258930782682992,0,1,0,1
26.3,92537578,2,10.49,2016-11-01,12500,0,290689,92000,75677,400,8,158,2,2,692,0.22820244156389516,0,0,1,0
20.25,90845374,2,14.49,2016-10-01,8000,0,18910,39000,2298,178,4,179,2,7,662,0.22391551552496644,0,1,1,0
33.6,91037895,0,18.99,2016-10-01,12000,0,22348,30000,12230,210,1,149,16,29,702,0.2367977506586332,0,1,0,1
6.84,91041759,2,13.49,2016-10-01,23500,1,541280,73700,10938,176,6,211,5,5,667,0.2367977506586332,0,0,0,0
12.08,94247296,0,6.99,2016-12-01,2000,0,11489,45000,7653,217,0,116,39,87,702,0.1935332077454842,0,1,1,0
14.19,91555754,4,11.49,2016-11-01,20000,0,15800,46000,15800,470,5,86,6,6,687,0.1764017439336834,0,0,0,1
0.92,90161932,1,14.49,2016-10-01,12000,0,95961,80000,147,163,1,156,10,10,707,0.24178857354630912,0,0,0,0
27.28,91524574,3,13.99,2016-10-01,11500,0,221855,49150,10061,147,6,126,5,7,677,0.21701380971305592,1,0,1,0
25.31,92850945,1,13.99,2016-11-01,2000,0,186143,84000,27666,209,3,131,11,11,672,0.24236974246031542,0,0,0,0
25.7,95081066,1,26.99,2016-12-01,20000,1,209951,60000,4211,113,7,223,9,10,667,0.3029734287056215,0,0,0,1
10.23,92679366,0,11.39,2016-11-01,8000,1,66392,59000,2860,183,2,98,8,8,732,0.2398335190568419,0,1,0,0
26.88,92431910,0,7.24,2016-11-01,20000,0,274456,90000,5052,249,6,127,5,49,762,0.21658368254620217,0,0,1,0
32.66,91486029,2,11.44,2016-10-01,21000,0,145103,47000,13593,34,5,117,6,13,697,0.2218279015751931,0,0,0,1
17.87,90058120,1,10.99,2016-10-01,20000,0,193409,67000,17602,243,0,193,26,125,702,0.24236974246031542,0,0,0,0
20.49,91252499,2,18.99,2016-10-01,9050,1,28380,52000,11208,235,5,141,11,19,667,0.25220620065309657,0,0,1,0
11.33,95705568,1,5.32,2016-12-01,3000,0,27273,90000,5649,233,3,180,9,9,757,0.24405029299643655,0,1,0,0
12.89,91079211,5,12.79,2016-10-01,20000,1,31810,65000,31810,133,0,119,25,126,687,0.21658368254620217,0,0,1,0
0,95249505,0,5.32,2016-12-01,4000,0,0,48000,0,109,3,88,18,18,762,0.1764017439336834,0,1,0,1
10.17,93414328,2,10.49,2016-11-01,12600,1,77714,55000,7012,128,8,99,7,10,737,0.16197620383450775,0,1,1,0
9.63,91611881,3,14.49,2016-10-01,35000,0,283448,130000,63405,128,5,66,2,2,747,0.2367977506586332,1,0,1,0
10.46,94012611,3,17.99,2016-11-01,12800,0,23825,82000,430,192,2,144,11,12,662,0.24038555719815624,0,0,0,1
10.67,94356012,10,25.49,2016-12-01,20000,0,26447,70000,11171,121,10,76,2,2,697,0.2367977506586332,0,0,1,0
7.4,95062568,0,12.74,2016-12-01,4800,0,71566,185000,5543,197,5,126,1,43,667,0.2258930782682992,0,0,1,0
26.94,92566627,1,5.32,2016-11-01,10000,0,178323,100000,9543,190,3,136,6,6,807,0.24772661201898094,0,0,1,0
16.08,95109810,0,11.44,2016-12-01,22000,0,169267,70000,22029,156,3,119,10,26,737,0.21701380971305592,0,1,0,0
15,94726994,1,16.99,2016-12-01,18000,0,27824,90000,11935,106,2,137,8,100,697,0.24038555719815624,0,1,0,0
13.61,91518764,2,15.99,2016-10-01,10000,0,37768,70000,7967,205,7,134,1,3,687,0.2294121971136406,0,0,0,1
7.79,95051044,1,15.99,2016-12-01,19200,0,340221,105000,17619,208,3,14,1,7,677,0.2258930782682992,0,0,0,1
22.69,91330499,1,8.24,2016-10-01,10000,0,77788,45000,9807,158,1,139,20,63,687,0.21701380971305592,0,0,0,0
18.83,91573471,1,11.49,2016-10-01,6000,0,49630,62000,116,173,4,136,3,7,692,0.2258930782682992,0,0,0,1
14.96,92216663,3,5.32,2016-11-01,8000,0,124162,64000,9078,145,3,114,5,14,727,0.25400944474180537,0,0,0,0
15.52,90965871,4,21.49,2016-10-01,11600,0,17658,29000,17658,60,11,132,5,8,692,0.2398335190568419,1,0,0,1
21.35,91573963,3,14.99,2016-10-01,7200,0,10138,22600,5128,84,4,1,1,10,677,0.24405029299643655,0,1,0,1
25.33,91743156,2,11.39,2016-10-01,9000,0,206643,72000,6085,277,8,85,2,15,692,0.2508940045575526,0,0,1,0
19.35,95081622,4,17.99,2016-12-01,24000,1,214368,61320,21009,57,7,52,4,4,677,0.21910964887857984,1,0,0,1
16.8,93972193,1,8.24,2016-11-01,2400,0,81056,45000,13882,64,3,91,6,6,672,0.14194112958139316,0,0,1,0
8.78,95825472,1,16.99,2016-12-01,30000,0,20901,70000,6290,129,5,128,10,11,697,0.2398335190568419,0,1,0,1
33.69,91131219,3,10.49,2016-10-01,3000,0,37106,40000,12704,99,5,74,4,4,667,0.2508940045575526,0,1,0,1
21.86,95922908,4,24.74,2016-12-01,2500,0,136526,60000,308,34,14,138,3,11,707,0.2962466441080822,0,0,1,0
11.54,94443279,0,15.99,2016-12-01,24000,0,328301,100000,16978,260,1,164,9,55,762,0.24178857354630912,0,0,0,0
14.4,93684916,1,12.74,2016-11-01,3500,0,8494,37000,5060,131,4,150,11,11,662,0.2258930782682992,0,1,1,0
14.96,93861655,2,8.24,2016-11-01,18000,1,120576,45000,20843,276,6,131,8,8,732,0.26936207385807537,1,0,0,0
27.72,91341371,1,16.99,2016-10-01,6000,1,31206,50000,17882,278,7,18,3,3,662,0.2258930782682992,0,1,0,1
10.47,93523273,0,10.49,2016-11-01,8000,0,19035,50000,19035,114,0,131,39,52,707,0.21658368254620217,0,0,0,0
28.92,92841521,0,11.44,2016-11-01,20000,0,51202,70000,15701,114,2,135,18,43,712,0.26936207385807537,0,0,0,0
14.27,93522493,3,24.74,2016-11-01,11700,0,249775,65000,25953,295,3,145,14,14,667,0.22541344615680733,0,0,0,1
27.64,91436925,1,24.74,2016-10-01,19350,0,49534,44000,12043,135,11,129,2,2,667,0.25400944474180537,1,0,1,0
17.06,91031585,4,13.99,2016-10-01,8000,1,83451,139000,22087,183,15,137,2,2,662,0.24178857354630912,0,0,0,1
24.5,91181368,1,18.99,2016-10-01,35000,0,637808,120000,27339,188,4,160,5,19,707,0.2586338582330572,0,0,0,1
4.56,92573324,2,14.99,2016-11-01,20000,0,396917,175000,2092,470,3,179,4,26,662,0.2258930782682992,0,0,1,0
25.31,93615066,2,16.99,2016-12-01,25000,0,344505,80000,16721,133,3,122,7,26,687,0.16180741466312665,1,0,0,0
19.21,92470236,2,13.49,2016-11-01,20000,0,72762,115000,19864,139,7,127,2,2,717,0.24772661201898094,0,1,0,1
6.98,94257586,7,11.44,2016-12-01,35000,0,306934,125000,18770,212,4,226,3,7,717,0.24772661201898094,0,0,0,1
13.72,91566800,1,15.99,2016-10-01,30000,0,223855,88000,25453,393,7,148,4,17,717,0.1935332077454842,0,0,1,0
21.52,90692576,2,13.99,2016-10-01,6000,0,138630,102000,34236,227,10,173,0,3,707,0.22820244156389516,0,0,0,1
26.97,93993080,1,25.49,2016-12-01,30000,1,60721,90000,26177,93,3,107,15,15,672,0.24178857354630912,0,1,0,1
21.69,92400915,0,13.99,2016-11-01,30000,0,90698,200000,12423,384,2,137,9,59,682,0.24178857354630912,0,0,1,0
13.71,92409297,0,5.32,2016-10-01,5275,0,343088,102000,8224,229,6,146,3,45,737,0.2258930782682992,0,0,0,0
26.25,95127919,1,26.24,2016-12-01,8150,0,49534,24000,3627,31,3,39,6,18,677,0.2367977506586332,0,1,1,0
26.28,91304737,4,17.99,2016-10-01,10000,1,37330,60000,17786,470,5,135,3,3,692,0.22541344615680733,0,0,0,1
14.14,91248793,0,8.59,2016-10-01,20000,0,24796,78500,11362,327,2,150,12,59,732,0.24772661201898094,0,1,0,0
20.06,95126513,0,10.49,2016-12-01,15000,0,53066,67000,17521,130,3,112,13,29,717,0.22820244156389516,0,1,0,0
23.81,95270817,1,22.74,2016-12-01,20000,0,39418,50000,17200,207,0,136,28,28,722,0.2508940045575526,0,0,0,1
14.21,93502957,1,13.49,2016-11-01,24000,0,288750,92000,22860,138,2,147,15,32,692,0.24236974246031542,0,0,0,0
6.55,95315010,1,7.99,2016-12-01,24000,0,17803,130000,8896,308,0,144,26,12,697,0.22820244156389516,0,0,1,0
14.9,95240118,1,11.49,2016-12-01,15000,0,35698,92000,8578,116,2,139,4,43,692,0.19155677855117656,0,0,1,0
28.61,92452095,2,26.99,2016-11-01,14125,1,48970,62000,5379,181,8,29,3,9,682,0.25220620065309657,0,1,0,1
14.45,91050801,3,26.99,2016-10-01,24000,1,36724,90000,410,46,9,119,3,3,667,0.2258930782682992,0,1,0,1
25.11,91051279,2,12.79,2016-10-01,3600,1,42439,62000,13394,182,6,138,1,105,757,0.2218279015751931,0,1,1,0
13.68,94546600,4,12.74,2016-12-01,16800,0,414930,110000,9380,257,6,261,4,12,697,0.26936207385807537,0,0,0,0
19.21,92389537,5,12.74,2016-11-01,25000,0,244115,96000,11014,470,2,212,4,4,662,0.22820244156389516,0,0,1,0
27.57,91001339,2,7.59,2016-10-01,30000,0,397628,99000,14365,225,5,203,6,11,742,0.16180741466312665,0,0,0,1
24.2,91328462,3,12.79,2016-10-01,5050,1,191619,49000,11849,75,5,87,8,34,687,0.21658368254620217,0,0,0,1
12.12,91071650,4,11.39,2016-10-01,7200,0,28986,70000,2821,60,5,144,1,1,677,0.24236974246031542,0,1,1,0
28.14,94192676,2,11.49,2016-12-01,6000,0,681618.6899999992,260000,105349.48000000001,439,7,197,8,8,727,0.24405029299643655,0,0,1,0
16.68,94263757,4,19.99,2016-12-01,25000,1,312018,78500,10355,136,10,122,1,3,687,0.1764017439336834,0,0,0,0
6.45,91030030,0,10.49,2016-10-01,7500,0,8375,50000,8375,40,3,132,7,10,677,0.23093607081390768,0,1,0,1
29.08,93706958,2,13.49,2016-11-01,9600,0,454622,115000,34291,183,7,151,3,17,682,0.2508940045575526,0,0,0,1
11.59,94304420,2,25.49,2016-12-01,9600,1,12363,55000,5434,115,2,21,12,27,687,0.2258930782682992,0,1,0,0
13.18,92544692,1,13.49,2016-11-01,14000,0,41303,100000,23643,110,3,110,13,13,702,0.2398335190568419,0,1,0,0
20.44,94359209,7,18.99,2016-12-01,10000,1,49914,65000,7072,40,8,132,3,4,682,0.2218279015751931,0,1,0,1
34.08,95835466,2,21.49,2016-12-01,24000,0,82100,75000,11751,92,7,130,7,11,702,0.24236974246031542,0,0,0,1
20.76,90693028,2,10.49,2016-10-01,20000,0,197994,64000,18624,155,7,104,2,2,737,0.22541344615680733,0,0,0,0
15.1,90926950,3,10.99,2016-10-01,3000,0,22352,35360,1053,37,6,8,8,13,742,0.24178857354630912,0,1,0,1
22.43,90319643,5,24.49,2016-10-01,10000,0,44386,42000,10121,334,3,49,10,15,697,0.2398335190568419,0,1,1,0
21.05,95217529,1,18.99,2016-12-01,22075,0,90583,48000,22332,125,3,148,10,10,707,0.22964600222399478,0,0,0,1
22.89,94337846,2,14.99,2016-12-01,24000,0,41820,50000,2563,121,5,51,4,4,747,0.2367977506586332,0,0,0,0
30.65,91277158,8,15.59,2016-10-01,28500,1,78049,61000,29276,201,2,104,5,5,707,0.25450503330821056,0,1,0,1
20.87,93949538,5,18.99,2016-11-01,18000,0,227738,92000,15212,239,8,276,2,2,682,0.2435476551350135,0,0,0,0
27.82,92034531,3,12.74,2016-11-01,7200,0,175131,55000,7102,351,9,125,7,23,712,0.2367977506586332,0,0,0,1
19.93,92535343,3,14.99,2016-11-01,28800,0,194035,77000,6512,323,2,103,7,42,707,0.24236974246031542,0,0,0,0
10.05,91007567,1,13.99,2016-10-01,15000,0,15213,48000,15213,103,2,132,22,33,687,0.2258930782682992,0,1,0,0
14.93,95209983,2,12.74,2016-12-01,4000,1,12326,25000,5432,131,5,203,7,8,672,0.2218279015751931,0,1,0,0
16.9,95289288,2,12.74,2016-12-01,25000,1,191722,88000,24312,134,8,122,1,1,672,0.24038555719815624,0,0,0,1
23.09,95239363,0,13.49,2016-12-01,20000,1,53785,108000,1327,216,3,125,6,18,822,0.24772661201898094,0,0,0,0
30.05,91615204,1,15.59,2016-10-01,18000,1,97546,40000,10049,194,7,136,3,29,682,0.2962466441080822,0,0,1,0
11.26,95291106,8,12.74,2016-12-01,5000,1,6115,42000,4018,246,6,94,7,7,672,0.24236974246031542,0,1,1,0
20.37,92143875,1,12.74,2016-10-01,18000,0,128875,93600,30351,132,2,89,4,32,682,0.24178857354630912,0,1,0,0
21.55,92441642,1,8.24,2016-11-01,30000,0,214618,85000,11952,195,7,171,13,20,772,0.21658368254620217,0,1,0,1
22.31,91329069,1,18.99,2016-10-01,32000,1,441987,92000,10014,282,9,164,6,25,697,0.26936207385807537,0,0,0,1
11.86,91332759,0,7.24,2016-10-01,2000,0,9053,22360,9053,327,0,144,28,28,682,0.30642352237957415,1,0,0,0
7.24,91220209,0,9.49,2016-10-01,7500,0,55851,55000,2337,148,2,143,2,63,712,0.2398335190568419,0,1,0,0
31.37,95587172,2,19.99,2016-12-01,10000,0,51009,40518,4478,28,4,78,4,27,682,0.14194112958139316,0,1,1,0
11.51,90180936,0,12.79,2016-10-01,25000,1,17918,64000,7334,95,0,124,25,72,682,0.25400944474180537,1,0,0,0
24.66,94426092,3,15.99,2016-12-01,7000,0,17736,35000,3726,281,6,40,4,4,667,0.2586338582330572,0,1,1,0
30.21,94376609,4,14.99,2016-12-01,15000,1,125887,37500,10232,269,1,70,24,24,672,0.22541344615680733,0,0,0,1
17.96,93493428,1,14.99,2016-11-01,12800,0,229293,85000,3986,133,8,139,4,72,712,0.25450503330821056,0,0,1,0
21.22,94277193,2,11.49,2016-12-01,6000,1,26707,60000,5548,119,6,51,6,26,677,0.23846830760717275,1,0,1,0
11.65,92841249,1,12.74,2016-11-01,20000,0,95890,60000,1952,35,2,82,8,30,732,0.2962466441080822,0,1,1,0
4.79,92217997,1,11.44,2016-10-01,1000,0,109257,82000,11671,288,12,175,4,4,682,0.2258930782682992,0,0,0,0
25.25,95816827,3,13.99,2016-12-01,8425,1,34346,55000,13301,123,6,54,3,3,687,0.23093607081390768,0,1,1,0
34.1,91682096,12,13.99,2016-10-01,12000,0,399642,80000,20113,146,6,152,1,18,687,0.24772661201898094,0,0,1,0
16.47,92204294,0,18.99,2016-11-01,9000,0,104461,50000,14195,211,5,144,14,15,682,0.2398335190568419,0,0,1,0
34.67,95211956,2,13.99,2016-12-01,3600,0,126829,26000,8647,137,3,94,6,6,662,0.2367977506586332,0,0,0,1
13.08,92834935,2,16.99,2016-11-01,1200,0,10669,30000,5883,118,6,106,5,6,667,0.2398335190568419,0,1,1,0
8.6,94056062,5,21.49,2016-12-01,20000,1,96225,260000,7144,126,9,128,0,5,717,0.2586338582330572,0,1,1,0
7.58,90461423,2,16.99,2016-10-01,12000,0,5653,50000,3592,119,7,122,5,6,722,0.2258930782682992,0,1,1,0
11.88,95357201,8,11.39,2016-12-01,15000,0,188712,50000,4731,292,1,157,6,40,817,0.21701380971305592,0,0,1,0
28.23,92238157,8,11.44,2016-11-01,3500,0,82462,70812,48899,154,10,145,5,17,687,0.1764017439336834,0,0,0,1
29.39,94159538,5,16.99,2016-12-01,6000,0,37882,65000,3562,176,11,204,1,8,677,0.2367977506586332,0,1,1,0
9.6,92014884,0,13.99,2016-10-01,8000,0,20692,85000,6594,207,7,23,1,1,702,0.2398335190568419,0,1,0,0
25.11,95856383,0,11.39,2016-12-01,10675,0,101789,40000,7808,107,6,35,1,1,757,0.24178857354630912,0,0,0,0
15.78,90119297,0,14.49,2016-10-01,10000,0,55125,37793,1511,46,5,31,5,22,767,0.15873373683147546,1,0,0,0
17.69,91585863,1,17.99,2016-10-01,8275,0,109913,23000,10311,221,4,195,8,15,722,0.2367977506586332,1,0,0,1
13.59,94156881,3,13.99,2016-12-01,22500,0,24379,80000,6561,409,7,57,7,12,672,0.22820244156389516,0,1,0,0
30.34,94342825,4,26.99,2016-12-01,20000,0,488673,86000,17517,204,3,129,1,36,662,0.22541344615680733,0,0,0,1
31.03,94278018,6,14.99,2016-12-01,16000,0,88069,82000,10756,378,6,93,5,6,717,0.22541344615680733,0,0,0,1
8.54,91109118,2,17.99,2016-10-01,2425,0,20743,12506,810,89,6,55,2,16,752,0.2508940045575526,1,0,1,0
12.57,22363734,1,11.39,2016-11-01,15200,1,29275,80000,28418,174,7,108,5,13,672,0.2258930782682992,0,1,1,0
2.17,95151508,2,11.39,2016-12-01,10000,1,5387,110000,5387,45,1,129,7,27,702,0.2258930782682992,0,1,1,0
21.97,95206215,1,11.39,2016-12-01,6000,0,213566,106000,20478,153,2,243,3,109,702,0.24236974246031542,0,0,0,0
10.84,95159327,0,12.74,2016-12-01,10000,0,11946,35000,11946,85,1,120,2,2,662,0.2258930782682992,0,1,0,0
16.86,94191553,5,14.99,2016-12-01,5000,0,681618.6899999992,260000,60559,417,8,135,1,2,702,0.2367977506586332,0,0,0,1
25.78,93701144,3,14.99,2016-11-01,11200,1,61478,75000,5690,45,8,86,6,25,697,0.30642352237957415,1,0,1,0
21.37,95920788,0,10.49,2016-12-01,10000,0,23017,36000,10488,147,0,146,31,37,707,0.2258930782682992,0,1,0,0
16.05,94046684,0,11.49,2016-12-01,34000,0,23271,92000,5023,134,1,151,4,12,692,0.2367977506586332,0,1,0,1
6.99,90239936,3,13.49,2016-10-01,20000,1,20971,120000,9845,185,5,190,1,1,667,0.22541344615680733,0,0,1,0
17.04,92537579,0,15.99,2016-11-01,20000,0,240082,85000,27748,144,3,165,3,24,677,0.24236974246031542,0,1,1,0
28.36,91784276,0,12.74,2016-10-01,7200,0,18706,28000,9826,57,4,43,7,18,687,0.2367977506586332,0,1,1,0
28.84,93443586,0,13.99,2016-11-01,20000,0,57024,70000,22778,137,6,155,4,4,677,0.26936207385807537,0,0,0,1
28.48,93688629,0,8.24,2016-11-01,6625,0,22176,29000,7245,213,2,123,8,23,772,0.2508940045575526,1,0,0,0
9.09,95359918,8,6.99,2016-12-01,22000,0,395243,200000,13379,146,6,155,7,7,697,0.22964600222399478,0,0,1,0
27.98,90936929,3,10.99,2016-10-01,10000,0,181007,60000,5754,24,6,193,6,6,702,0.16180741466312665,0,0,0,1
27.11,92055457,0,11.39,2016-10-01,25075,0,294270,76000,29227,185,3,136,14,39,737,0.1764017439336834,0,0,0,0
20.59,95366898,1,11.39,2016-12-01,18000,1,590035,120000,30333,285,6,149,3,3,677,0.2586338582330572,0,0,0,0
26.04,91345815,1,8.24,2016-10-01,12000,1,423166,100000,88859,281,3,98,3,3,702,0.2258930782682992,0,0,1,0
27.01,93994711,0,15.99,2016-11-01,15250,0,96275,36000,22195,358,2,122,21,21,687,0.3133839123580087,0,0,1,0
20.19,90989079,0,5.32,2016-10-01,5700,0,36230,45000,6726,140,4,145,4,19,747,0.25400944474180537,0,1,0,0
22.78,93969847,0,16.99,2016-11-01,1675,0,39809,50000,21315,149,1,129,22,22,687,0.2258930782682992,0,1,1,0
30.72,91298017,1,12.79,2016-10-01,3400,0,59236,30000,5695,147,8,139,4,4,722,0.2962466441080822,0,1,0,0
20.26,91299444,1,11.49,2016-10-01,18000,0,192526,42000,19549,363,2,150,14,15,662,0.2367977506586332,0,0,1,0
26.41,93850903,5,11.49,2016-11-01,6000,1,132573,59100,14025,232,12,212,10,10,667,0.1935332077454842,0,0,0,1
20.12,94435064,2,11.49,2016-12-01,6000,0,15294,38000,2756,20,3,117,8,8,667,0.2367977506586332,0,1,0,1
16.63,90708800,2,19.99,2016-11-01,14950,0,111507,34000,10466,196,0,110,25,25,662,0.16180741466312665,0,0,0,1
15.99,91099843,1,8.99,2016-10-01,12500,0,51112,140000,11630,244,4,125,9,21,677,0.2258930782682992,0,1,1,0
19,91112748,2,13.49,2016-10-01,8400,0,13131,52300,6069,71,3,96,8,50,662,0.24236974246031542,0,1,1,0
21.14,91342111,1,15.99,2016-11-01,24075,0,204523,52000,10460,221,3,163,3,15,787,0.24178857354630912,0,0,0,1
7,93890122,4,15.99,2016-11-01,5000,1,3984,30000,1507,123,3,125,3,7,672,0.2218279015751931,1,0,1,0
26.75,92524342,1,11.44,2016-11-01,12900,0,372717,80000,11197,345,3,141,4,26,682,0.2586338582330572,0,0,1,0
23.46,94198740,0,22.74,2016-12-01,25900,0,68204,93000,26728,140,2,135,19,107,677,0.2258930782682992,0,1,0,1
13.75,94231552,1,14.99,2016-12-01,3000,0,38732,72000,65,313,1,154,11,12,677,0.22820244156389516,0,1,1,0
18.98,93772920,0,11.44,2016-12-01,12000,0,38360,60000,13386,133,2,29,6,6,687,0.2258930782682992,0,1,0,0
19.64,94202606,0,11.44,2016-12-01,1200,0,62751,100000,15257,151,2,176,16,51,722,0.24772661201898094,0,0,0,0
5.66,91658517,0,11.49,2016-10-01,2000,0,95680,60000,409,226,3,149,2,148,752,0.2258930782682992,0,0,1,0
25.88,92480512,2,13.49,2016-11-01,10000,1,106113,53000,6568,178,4,141,4,126,697,0.2218279015751931,0,0,0,0
11.07,93700892,2,8.24,2016-12-01,30000,0,547336,133000,8868,258,6,276,2,28,752,0.25220620065309657,0,0,0,1
34.23,92401343,0,13.49,2016-11-01,16200,0,29223,36000,13469,92,6,109,3,15,672,0.24178857354630912,0,0,0,1
16.56,91018824,1,14.49,2016-10-01,10800,0,41597,110000,3164,271,10,125,2,5,712,0.2258930782682992,0,1,1,0
27.52,91609892,3,13.49,2016-10-01,7000,0,103189,89000,8104,127,16,121,1,4,702,0.21658368254620217,0,0,0,1
16.25,93851533,3,17.99,2016-11-01,14000,1,24992,59072,10959,119,7,114,6,13,672,0.22820244156389516,0,0,1,0
20.2,91954470,4,14.99,2016-10-01,4200,0,206776,64000,14182,119,9,276,3,6,697,0.22820244156389516,0,0,0,1
22.59,90140238,12,19.99,2016-10-01,15000,1,33919,75000,8832,180,14,143,6,8,737,0.24178857354630912,0,1,1,0
14.93,93134272,2,5.32,2016-11-01,6000,0,171093,33120,2811,240,2,59,7,31,757,0.2258930782682992,0,0,0,1
16.59,94384708,0,5.32,2016-12-01,3200,0,9422,35360,5502,161,5,151,2,2,777,0.24405029299643655,0,1,1,0
27.49,94394892,7,24.74,2016-12-01,1000,0,91345,52000,17848,121,10,138,4,13,667,0.21701380971305592,1,0,1,0
23.16,91101447,1,7.59,2016-10-01,5000,0,516079,150000,11122,264,11,147,3,3,767,0.2586338582330572,0,0,0,0
21.74,94087542,0,7.49,2016-12-01,2200,0,389989,81265,12066,171,4,145,12,50,712,0.2586338582330572,0,0,0,0
19.61,91180693,3,19.99,2016-10-01,11000,0,199654,50000,16497,168,5,150,4,4,692,0.22820244156389516,0,0,0,0
28.44,92115355,0,8.24,2016-11-01,20000,0,152309,110000,105349.48000000001,183,5,164,7,96,667,0.19155677855117656,1,0,0,1
22.22,91683662,1,13.49,2016-10-01,3000,0,24899,33000,6594,169,7,148,8,19,677,0.22820244156389516,0,1,1,0
4.06,92535084,0,11.49,2016-11-01,7200,1,43315,50000,3615,427,3,231,10,10,672,0.25400944474180537,0,1,1,0
13.07,94176711,4,13.99,2016-12-01,35000,1,395541,260000,20854,234,6,151,6,91,677,0.22541344615680733,0,0,0,1
25.87,94556952,3,18.99,2016-12-01,35000,1,447574,110000,12493,336,9,243,2,110,727,0.1764017439336834,0,0,1,0
27.16,90721500,0,11.49,2016-10-01,12000,0,260848,67500,20723,213,0,158,28,61,697,0.3133839123580087,0,0,1,0
10.82,91508609,4,13.99,2016-11-01,24450,1,173075,58000,1646,267,5,161,9,9,692,0.22541344615680733,0,0,0,1
19.83,95638314,3,14.99,2016-12-01,10800,1,300327,65000,15092,187,2,128,9,140,682,0.2398335190568419,0,0,1,0
1.9,94388921,7,25.49,2016-12-01,30000,1,38755,82080,3090,125,4,69,1,1,732,0.2258930782682992,0,1,1,0
18,91220764,0,16.99,2016-10-01,5000,1,15589,28000,15589,53,2,132,12,12,687,0.2367977506586332,1,0,1,0
27.6,91672121,0,22.74,2016-10-01,8500,0,15416,25000,6391,146,4,13,4,17,662,0.24405029299643655,0,1,0,1
14.64,92183939,1,12.74,2016-10-01,14500,1,36749,55000,12010,57,1,32,8,31,672,0.2258930782682992,0,1,0,1
24.72,92321243,6,14.99,2016-11-01,6600,1,235883,49992,3914,123,7,193,4,4,697,0.2367977506586332,0,0,1,0
21.18,93002317,0,10.49,2016-11-01,5000,0,29550,60000,20118,117,5,122,10,22,692,0.2367977506586332,0,1,0,1
33.13,92561891,1,17.99,2016-11-01,16000,0,309129,83000,9914,214,9,127,1,1,697,0.2586338582330572,0,0,0,0
10.79,91456124,1,12.74,2016-11-01,8000,0,6573,30240,5878,115,4,121,8,21,722,0.2262116396218806,0,0,0,0
18.21,91609139,0,10.49,2016-10-01,2800,0,70577,85000,2054,441,0,241,37,13,677,0.25400944474180537,0,1,1,0
2.53,90158314,2,11.49,2016-10-01,5000,0,302394,45000,2600,153,3,127,13,17,702,0.1764017439336834,0,0,1,0
14.22,92232391,3,18.99,2016-11-01,30425,0,288135,157000,5734,137,10,131,4,4,687,0.2258930782682992,0,1,1,0
9.91,93001647,2,15.99,2016-11-01,8200,0,83340,105000,1680,180,4,121,1,5,662,0.2586338582330572,0,1,1,0
33.36,90294629,12,21.49,2016-10-01,6725,1,38477,34000,1087,154,6,121,6,7,662,0.30642352237957415,0,0,0,1
11.98,93109523,0,8.24,2016-11-01,15000,0,88640,73500,15841,123,1,53,20,54,717,0.24772661201898094,0,0,1,0
16.13,94045338,1,11.49,2016-12-01,20000,0,300158,90000,15025,178,6,158,5,14,722,0.24405029299643655,0,0,0,1
32.42,94436114,0,11.49,2016-12-01,6600,1,140247,91944,17362,112,8,150,4,14,727,0.2586338582330572,0,1,1,0
16.67,94087429,0,11.44,2016-12-01,10400,0,11024,36000,6767,125,4,128,3,3,702,0.24236974246031542,0,1,0,1
14.9,91280325,3,25.29,2016-10-01,13000,1,30652,60000,17028,265,8,28,12,12,677,0.2258930782682992,0,1,0,1
39.948699999999995,91089847,0,13.49,2016-10-01,32000,1,277476,75000,13537,134,4,156,8,26,742,0.22820244156389516,0,0,0,0
7.39,92409172,0,13.99,2016-11-01,9000,0,18982,95000,9890,39,4,19,15,15,672,0.16180741466312665,0,1,1,0
24.24,92340870,1,13.49,2016-11-01,14400,0,181463,90000,31821,256,1,137,11,30,692,0.2218279015751931,0,0,1,0
24.21,90145660,1,13.99,2016-10-01,6000,1,27837,35000,5617,196,3,47,15,15,662,0.2398335190568419,0,1,1,0
13.42,95836183,1,8.24,2016-12-01,35000,0,382822,190000,34005,126,4,111,1,34,687,0.24236974246031542,1,0,1,0
22.85,92247247,5,12.74,2016-11-01,10000,0,46507,90000,3680,256,11,114,2,8,662,0.2258930782682992,0,1,0,1
8.14,92173976,6,5.32,2016-10-01,4000,0,261875,70000,1736,108,8,208,1,1,737,0.1764017439336834,0,0,0,0
11.04,94221900,5,26.99,2016-12-01,21000,1,407644,85000,35168,117,8,123,5,9,662,0.24236974246031542,0,0,1,0
26.68,95101988,0,10.49,2016-12-01,10000,0,235419,185000,105349.48000000001,167,6,156,4,17,662,0.2367977506586332,1,0,0,1
27.87,95058699,5,10.49,2016-12-01,20000,1,61753,85000,7994,96,10,124,2,2,702,0.22820244156389516,1,0,1,0
26.3,93863032,3,13.99,2016-11-01,10800,0,220915,60000,21398,123,6,34,3,3,677,0.22820244156389516,0,0,1,0
16.24,92668874,0,15.99,2016-11-01,11675,0,26574,53000,7442,138,6,265,4,5,677,0.24236974246031542,0,1,0,1
19.59,90170236,5,12.79,2016-10-01,11000,0,56730,65000,14868,143,3,140,4,13,702,0.22820244156389516,0,1,0,0
27.27,94066350,4,18.99,2016-12-01,18000,0,198747,140000,56936,149,16,131,2,2,727,0.22541344615680733,0,0,0,0
9.12,92341799,1,11.39,2016-11-01,11000,0,304197,85000,11919,470,7,147,2,2,687,0.23093607081390768,0,0,0,0
17.19,93484513,3,14.99,2016-11-01,28000,1,39596,80000,18069,133,7,156,7,10,692,0.24405029299643655,0,1,1,0
23.23,91247783,1,17.99,2016-10-01,20000,1,55466,75000,32767,300,4,118,3,38,677,0.22820244156389516,0,1,1,0
16.51,94256555,2,11.44,2016-11-01,5900,0,6520,21000,2845,266,5,134,11,22,697,0.2111913767566574,0,0,1,0
28.75,92647261,6,19.99,2016-11-01,11000,1,167689,40000,11017,124,11,98,2,2,667,0.22541344615680733,0,0,1,0
14.33,91515672,2,14.99,2016-10-01,10000,1,21944,54000,5634,306,6,115,10,10,662,0.16337446126458402,0,1,0,0
29.32,92320842,1,11.39,2016-11-01,6000,0,25867,52000,17861,326,2,130,13,117,702,0.25220620065309657,0,0,0,0
20.86,92698958,1,14.99,2016-11-01,6000,1,39835,60000,3156,259,10,126,3,28,662,0.25450503330821056,0,1,1,0
29.79,91250312,1,14.49,2016-10-01,23750,1,681618.6899999992,115000,105349.48000000001,222,1,242,2,51,727,0.25400944474180537,0,0,0,1
11.25,92891344,0,13.99,2016-11-01,18000,1,282911,90000,6723,275,4,115,5,5,662,0.19155677855117656,0,0,0,1
9.04,94100535,0,11.44,2016-12-01,30000,0,23849,76300,23849,74,1,52,21,21,662,0.24772661201898094,0,1,0,1
6.11,90946538,2,8.59,2016-10-01,2000,0,87267,45000,226,103,3,76,7,13,712,0.21701380971305592,0,0,0,1
19.29,95292213,7,14.99,2016-12-01,15200,0,69335,80000,1240,103,8,201,2,2,697,0.3029734287056215,1,0,1,0
16.24,91304305,0,8.99,2016-10-01,30000,0,37208,60000,37208,463,4,88,6,16,727,0.2367977506586332,1,0,0,1
19.67,94447869,0,18.99,2016-12-01,35000,0,65322,85000,51401,262,4,4,2,15,667,0.2258930782682992,1,0,0,1
16.51,94467416,2,21.49,2016-12-01,16000,1,20600,49500,5663,213,3,215,2,140,667,0.21658368254620217,0,1,0,1
25.11,93052474,4,21.49,2016-11-01,20000,0,171995,65000,13965,141,5,149,5,32,697,0.22820244156389516,0,0,1,0
19.72,95256886,0,13.99,2016-12-01,4650,0,8048,17400,8048,311,2,68,3,5,717,0.2367977506586332,0,1,0,0
15.03,92842405,6,11.49,2016-11-01,4500,0,137000,32106,2416,105,5,152,8,30,682,0.1305656166082932,0,0,1,0
8.03,92015488,1,8.24,2016-11-01,10000,0,29876,69000,10195,264,2,125,12,12,662,0.2258930782682992,0,1,0,0
11.59,93552398,0,8.24,2016-11-01,5000,0,21369,55000,1352,207,2,39,13,39,687,0.2258930782682992,0,1,1,0
8.51,93107313,1,17.99,2016-11-01,35000,0,8863,80000,3224,162,0,135,30,86,672,0.2367977506586332,0,1,1,0
23.87,94417591,1,18.99,2016-12-01,3500,0,119056,58000,5231,46,7,188,2,4,677,0.26936207385807537,0,0,0,1
10.32,90965326,3,13.99,2016-10-01,5000,1,175946,120000,11734,68,9,164,3,5,667,0.2262116396218806,0,0,1,0
9.69,94375283,2,11.39,2016-12-01,3500,0,155290,37416,3413,165,5,154,1,1,732,0.2398335190568419,0,0,0,1
23.33,93413472,1,21.49,2016-11-01,10000,0,118530,57000,23235,164,6,16,4,7,682,0.24236974246031542,0,0,0,1
20.1,92577657,1,14.99,2016-11-01,25000,0,103205,102336,24624,187,2,125,6,14,672,0.2258930782682992,0,1,0,1
33.41,93633976,3,24.74,2016-11-01,10500,0,98807,80000,27625,198,4,156,3,8,692,0.22820244156389516,1,0,1,0
20.58,93513683,3,13.49,2016-11-01,3000,0,75179,60000,1769,192,11,125,10,11,662,0.2258930782682992,0,1,1,0
10.78,91497603,8,15.99,2016-10-01,15150,0,341867,61610,22713,163,7,64,2,5,717,0.2258930782682992,1,0,1,0
15.32,92564145,3,16.99,2016-11-01,30000,0,330215,145000,31741,132,3,276,6,6,672,0.25220620065309657,0,0,1,0
22.43,90138605,6,13.99,2016-10-01,6500,0,52165,35000,6332,128,8,126,4,15,662,0.2367977506586332,0,1,0,0
1.48,93692651,3,11.49,2016-11-01,6200,0,3141,82540,3141,21,3,119,11,11,677,0.2262116396218806,0,1,0,0
22.08,93813287,0,13.49,2016-12-01,24000,0,46098,75000,20113,151,1,148,8,8,687,0.22820244156389516,0,0,0,1
23.08,91211555,2,12.79,2016-10-01,35000,0,304836,156000,36887,241,3,118,3,24,697,0.25400944474180537,0,0,0,1
5.4,94444571,0,14.99,2016-12-01,22150,1,12964,125000,10328,54,9,151,3,3,687,0.2367977506586332,0,1,1,0
8.74,92085904,0,15.99,2016-11-01,16000,0,6272,78000,4887,217,4,24,11,12,682,0.24772661201898094,0,0,1,0
7.34,92881201,0,15.99,2016-11-01,30000,0,14061,95000,10851,224,1,122,22,22,677,0.2258930782682992,0,1,1,0
10.03,91167690,6,15.59,2016-10-01,10000,0,35406,70000,1058,164,3,44,8,18,662,0.2258930782682992,0,1,1,0
18.81,91534934,1,11.49,2016-11-01,8650,0,4235,17300,1144,220,3,101,8,15,712,0.24038555719815624,0,1,0,1
22.01,91635697,5,10.49,2016-10-01,28000,0,92689,135000,29579,236,10,108,2,2,667,0.2258930782682992,0,1,1,0
14.43,94117963,3,25.49,2016-12-01,12800,1,19208,38000,1791,53,5,77,15,15,672,0.2398335190568419,0,0,1,0
7.13,92565300,2,11.39,2016-11-01,14400,0,239808,60000,9890,202,5,108,2,79,707,0.2258930782682992,0,0,1,0
6.6,93402944,4,10.49,2016-11-01,10000,0,28751,144000,13155,99,8,157,1,3,727,0.2258930782682992,1,0,1,0
39.948699999999995,94304462,1,10.49,2016-12-01,19575,0,18409,24000,6075,353,5,136,12,12,682,0.14194112958139316,0,0,0,0
7.49,95294237,2,11.49,2016-12-01,10000,0,32478,150000,21411,201,6,74,9,9,682,0.23093607081390768,0,1,1,0
13.49,92229421,1,15.99,2016-10-01,5425,1,6219,17000,1696,48,3,47,2,16,737,0.2586338582330572,0,1,0,1
9.33,93761700,3,17.99,2016-11-01,14000,0,7592,42970,3891,22,7,83,3,5,672,0.23846830760717275,0,0,0,0
19.95,92839947,0,25.49,2016-11-01,24000,0,299126,110000,51607,177,5,33,8,9,667,0.23846830760717275,0,0,0,1
31.81,91312994,4,8.59,2016-10-01,24650,0,650591,150000,105349.48000000001,193,2,126,8,36,722,0.22820244156389516,0,0,0,0
21.12,94188353,1,11.44,2016-12-01,4700,1,13444,30000,5971,429,4,129,2,20,707,0.30642352237957415,1,0,1,0
21.28,91473783,0,14.49,2016-10-01,20625,1,223204,140000,12155,133,4,129,1,20,662,0.24178857354630912,0,0,0,1
16.72,91417507,0,13.99,2016-10-01,18000,0,29847,90000,397,127,3,135,13,22,677,0.22541344615680733,0,1,1,0
24.16,90561448,1,9.49,2016-10-01,15000,0,28886,46000,5524,75,9,169,3,3,707,0.2367977506586332,0,1,0,0
16.17,91475286,4,7.99,2016-10-01,11200,0,258439,70000,10765,286,4,134,8,13,807,0.26936207385807537,0,0,0,0
34.15,90399582,4,17.99,2016-10-01,20000,0,123203,48000,16223,196,8,121,1,1,702,0.30642352237957415,0,0,1,0
18.66,93585556,3,16.99,2016-11-01,16200,1,221069,60000,31499,226,6,4,4,14,672,0.24405029299643655,0,0,0,1
33.26,92882396,2,12.74,2016-11-01,12000,0,67733,63000,17395,172,5,224,6,50,712,0.24038555719815624,1,0,0,0
16.48,92737188,0,7.49,2016-11-01,6000,0,133329,85000,2440,119,3,99,11,32,722,0.1935332077454842,0,0,0,1
15.65,91052356,1,6.99,2016-10-01,21000,1,26757,120000,9655,110,3,127,12,12,692,0.2258930782682992,0,1,1,0
23.58,92561412,1,11.39,2016-11-01,5000,1,56233,50000,3417,107,4,83,2,6,717,0.2367977506586332,1,0,1,0
32.73,92568988,12,15.99,2016-11-01,5000,1,96128,72000,10849,186,11,135,4,6,687,0.22820244156389516,1,0,0,1
28.7,91217834,1,13.49,2016-10-01,15000,0,180332,44000,17369,44,5,31,12,12,717,0.22964600222399478,0,0,1,0
8.33,94380897,0,11.39,2016-12-01,10000,0,178654,68000,9762,216,3,108,16,21,707,0.25400944474180537,0,0,0,0
26.46,91468217,0,15.99,2016-10-01,12000,0,59405,64000,10968,134,2,62,12,14,727,0.2258930782682992,1,0,0,0
16.19,91661471,0,11.39,2016-10-01,10000,0,181500,43440,18464,190,1,101,23,23,687,0.2258930782682992,0,0,1,0
11.67,92216699,2,15.99,2016-11-01,35000,0,271491,54000,4909,207,6,114,7,15,727,0.2367977506586332,0,0,0,1
19.84,91444688,0,14.99,2016-10-01,26000,0,93133,62959,23125,159,0,106,39,54,717,0.1935332077454842,0,0,0,1
10.99,91328323,4,13.99,2016-10-01,1600,0,22348,50000,7754,249,9,74,1,5,747,0.22820244156389516,0,1,0,1
20.63,91983183,0,15.99,2016-11-01,20000,1,105342,72000,14606,67,7,54,1,6,682,0.2258930782682992,1,0,0,0
20.94,95039555,3,12.74,2016-12-01,3600,0,78491,60912,13657,265,4,46,5,24,667,0.1089257395525156,1,0,1,0
18.31,95895891,0,12.74,2016-12-01,2100,0,312736,134000,59783,219,3,129,5,130,672,0.2258930782682992,0,0,1,0
21.06,95567353,0,8.24,2016-12-01,15000,0,24240,60000,9808,163,5,182,7,7,732,0.2398335190568419,0,1,0,0
21.57,91091778,5,26.99,2016-11-01,24000,0,75846,101000,5579,188,4,23,4,22,712,0.16180741466312665,0,0,0,1
23.66,91690508,1,14.99,2016-10-01,15525,0,51563,37000,17432,143,2,140,9,26,677,0.16180741466312665,0,0,0,0
29.17,91973460,3,22.74,2016-11-01,20350,0,173885,55000,19852,382,11,119,3,10,722,0.22820244156389516,0,0,0,0
11.14,93871667,4,15.99,2016-11-01,35000,0,681618.6899999992,200000,105349.48000000001,263,7,66,2,77,687,0.2398335190568419,0,0,1,0
13.28,93843129,1,11.39,2016-11-01,9000,0,132597,60000,2655,212,2,164,19,19,757,0.16180741466312665,0,0,1,0
10.27,90511456,2,14.49,2016-10-01,10000,0,99260,65000,2220,142,4,79,10,10,687,0.21658368254620217,0,0,1,0
20.95,91137421,2,8.99,2016-10-01,3000,0,538462,100000,1705,155,3,40,4,19,762,0.2258930782682992,1,0,0,0
13.25,91546458,0,12.74,2016-10-01,15000,0,25358,75000,1957,208,4,80,2,53,662,0.23093607081390768,1,0,0,0
34.74,91984981,5,17.99,2016-10-01,32200,1,162372,87500,23660,147,11,141,2,5,702,0.22820244156389516,0,1,0,1
11.62,95259948,1,11.39,2016-12-01,15000,0,33738,130000,5984,147,4,108,4,9,742,0.2258930782682992,0,1,0,0
24.49,91250483,1,14.49,2016-10-01,7500,0,303452,95000,60645,470,3,133,11,108,727,0.26220086013005467,0,0,0,1
7.84,91002487,3,8.99,2016-10-01,6400,0,142054,75000,8551,220,3,34,5,5,712,0.24236974246031542,0,0,1,0
25.4,91974925,0,18.99,2016-11-01,15000,1,34295,50000,24402,247,3,32,15,15,667,0.24405029299643655,0,0,0,0
18.39,95836663,0,10.49,2016-12-01,8000,0,54754,112350,19011,216,6,147,4,4,672,0.2367977506586332,0,0,1,0
34.56,91683617,6,12.74,2016-10-01,7000,1,96826,60000,4860,129,9,55,3,15,742,0.2367977506586332,0,1,0,1
28.03,94173018,1,7.24,2016-12-01,18000,1,366914,123000,36776,205,6,241,4,4,712,0.24405029299643655,0,0,0,1
23.39,93922987,1,11.39,2016-11-01,5000,0,328573,150000,34301,174,6,257,3,10,667,0.2367977506586332,0,0,1,0
30.12,94240274,2,26.24,2016-12-01,19200,1,192041,50000,27676,168,5,122,3,14,682,0.2367977506586332,0,1,1,0
19.55,91644485,3,14.99,2016-11-01,25000,0,47603,112437,12381,164,9,154,1,17,687,0.2367977506586332,0,1,1,0
18.57,94217962,4,15.99,2016-12-01,35000,0,41225,105000,12006,215,13,89,2,2,682,0.24405029299643655,0,1,0,1
9.73,91575109,5,13.99,2016-10-01,27275,0,6661,59336,3826,170,2,108,9,22,797,0.2258930782682992,1,0,0,0
34.9,93699405,1,11.44,2016-11-01,20000,0,534712,93000,105349.48000000001,158,5,141,4,12,732,0.2258930782682992,0,0,1,0
14.42,93197931,1,7.49,2016-12-01,10000,0,69840,195000,20619,119,2,78,9,42,752,0.2398335190568419,0,1,0,0
28.04,91396366,11,13.99,2016-11-01,3000,0,182991,50000,12362,255,6,124,1,4,682,0.22541344615680733,0,0,1,0
21.09,90846819,5,14.49,2016-10-01,4000,1,23152,45000,14479,88,10,81,9,10,672,0.2962466441080822,0,1,1,0
25.9,93802157,6,16.99,2016-12-01,8000,1,115582,36000,12138,211,7,121,6,6,662,0.2218279015751931,0,0,0,1
34.93,91415500,6,15.99,2016-10-01,3000,0,22191,36000,4525,136,7,130,5,5,662,0.16180741466312665,0,1,0,1
21,94068093,0,11.44,2016-12-01,5000,0,349717,80000,35725,353,2,122,2,28,692,0.2586338582330572,0,0,0,1
10.56,95685328,0,7.49,2016-12-01,5000,1,34051,113000,9163,192,0,160,39,41,682,0.3029734287056215,0,0,1,0
31.07,93769988,1,7.99,2016-12-01,20000,0,237277,72000,24230,391,1,124,11,37,682,0.22820244156389516,0,0,0,1
27.5,92024567,2,7.49,2016-10-01,6000,0,40835,41200,4602,197,5,92,1,3,702,0.24405029299643655,1,0,0,0
27.8,92024270,2,13.99,2016-10-01,14000,0,167046,56000,21402,199,5,113,7,18,707,0.24772661201898094,0,0,0,0
14.13,92559006,1,15.99,2016-11-01,4400,0,5635,13000,3169,243,7,136,11,11,667,0.24236974246031542,0,1,0,0
34.51,95082424,4,11.44,2016-12-01,3000,0,232223,73000,29609,201,2,154,4,103,682,0.24236974246031542,0,0,0,0
14.2,93505137,1,17.99,2016-11-01,14000,0,48556,90000,18476,296,7,40,3,3,682,0.2398335190568419,0,0,1,0
25.96,95652220,7,26.24,2016-12-01,18000,1,305524,93000,18025,147,8,147,1,3,667,0.278503507164471,0,0,1,0
4.23,92134078,0,7.99,2016-10-01,12000,0,10092,65000,9995,126,2,132,20,20,717,0.1935332077454842,0,1,0,1
5.47,93582506,3,7.49,2016-11-01,12000,0,135198,80000,780,120,5,107,2,2,712,0.3029734287056215,0,0,0,0
25.79,91585619,1,11.39,2016-10-01,7300,0,19830,38000,2758,138,5,153,4,22,687,0.14194112958139316,0,1,0,0
31.18,92778811,3,16.99,2016-11-01,4800,1,47824,50000,9575,136,4,99,3,3,697,0.2258930782682992,0,1,0,1
29.14,92972264,2,26.99,2016-11-01,15325,1,49303,65000,6898,115,6,120,4,4,667,0.24405029299643655,0,0,0,1
25.78,91503684,1,12.74,2016-10-01,10000,0,284866,100000,82589,225,3,161,11,122,692,0.2508940045575526,0,0,1,0
13.51,94566394,4,17.99,2016-12-01,5600,0,14308,48000,1997,17,9,115,1,2,662,0.21658368254620217,0,1,1,0
29.84,94236835,0,11.49,2016-11-01,6500,1,61303,80000,11407,86,6,164,4,28,687,0.22820244156389516,0,1,1,0
15.89,93645028,1,11.49,2016-11-01,2400,0,9514,21000,1882,61,2,98,13,61,682,0.2398335190568419,0,1,0,1
14.49,94070748,12,13.49,2016-12-01,7450,0,125467,64000,8185,74,11,138,4,12,662,0.24038555719815624,0,0,0,1
21.82,91109422,9,10.99,2016-10-01,10000,0,65285,70000,15461,55,3,109,6,21,667,0.2258930782682992,0,1,1,0
33.3,93700560,4,26.24,2016-11-01,25000,0,455659,135000,59877,373,16,165,4,4,677,0.2367977506586332,0,0,0,0
17.8,93820395,1,7.99,2016-11-01,10000,0,256295,130666,8923,211,3,117,10,27,687,0.2586338582330572,0,0,1,0
15.94,91743551,1,21.49,2016-11-01,16000,0,19411,50000,15095,129,2,116,0,0,692,0.1935332077454842,0,1,1,0
27.71,94276748,2,13.49,2016-12-01,19275,0,73504,47000,9894,162,5,162,4,8,667,0.1935332077454842,1,0,0,1
24.28,90219926,9,19.99,2016-10-01,6000,0,39822,82000,2963,182,10,127,2,16,672,0.2508940045575526,0,0,1,0
21.07,94470262,1,11.49,2016-12-01,15000,0,45288,95000,0,158,7,63,2,12,687,0.3029734287056215,0,1,0,1
12.44,96163276,1,12.74,2016-12-01,4500,0,681618.6899999992,178000,27856,224,5,119,2,59,697,0.2258930782682992,0,0,0,1
12.13,94439321,0,12.74,2016-12-01,10000,0,29348,36000,2647,205,2,152,15,57,687,0.14194112958139316,0,1,0,0
2.71,94245917,1,14.99,2016-12-01,10000,0,85946,43000,3295,19,6,144,4,13,712,0.2258930782682992,0,1,1,0
23.48,92911710,0,7.24,2016-11-01,30700,0,313475,160000,50087,284,4,135,13,32,747,0.2218279015751931,1,0,1,0
13.09,94175397,0,18.99,2016-11-01,31000,1,22888,62000,22888,289,3,131,12,71,712,0.24178857354630912,0,0,1,0
15.82,92881978,0,21.49,2016-11-01,16000,0,168117,260000,56603,192,2,160,14,30,697,0.2398335190568419,0,1,0,1
18.55,92093539,0,12.74,2016-11-01,22150,0,26118,70000,12790,189,3,206,6,6,717,0.2258930782682992,0,1,1,0
29.65,93831950,0,8.24,2016-12-01,6000,0,236607,58000,14007,301,5,138,6,22,707,0.22820244156389516,1,0,0,0
30.2,91488130,3,15.99,2016-10-01,15000,0,23919,48000,15397,196,4,101,9,11,677,0.22391551552496644,0,1,0,1
22.72,90379253,3,15.59,2016-10-01,35000,0,31700,45000,8782,167,4,61,8,8,717,0.2586338582330572,0,0,0,1
22.05,92798503,3,21.49,2016-11-01,25750,1,415435,96783,14247,273,5,123,8,11,747,0.2586338582330572,0,0,0,1
16.54,91393548,1,8.59,2016-10-01,12000,0,681618.6899999992,260000,62533,297,2,270,13,148,682,0.24405029299643655,0,0,1,0
10.68,92035171,1,15.99,2016-11-01,22150,0,126732,48200,3832,168,1,141,17,92,787,0.2962094049669217,0,0,0,0
17.85,91009297,0,7.99,2016-10-01,10000,0,27307,48000,10550,101,0,145,39,73,742,0.2962466441080822,0,1,0,1
31.58,92013289,1,7.99,2016-10-01,27500,0,404542,100500,18510,128,4,147,8,8,702,0.16180741466312665,0,0,0,0
18.81,94423916,6,14.99,2016-12-01,14000,1,73829,82000,21666,65,2,86,8,31,677,0.24405029299643655,0,1,0,1
12.52,93752514,4,17.99,2016-12-01,15000,1,40375,123000,4696,105,11,19,3,3,697,0.2258930782682992,0,1,1,0
18.41,91331371,3,10.49,2016-10-01,30000,0,457967,130294,16722,268,8,276,1,1,677,0.2258930782682992,0,0,1,0
23.31,90865139,0,14.49,2016-10-01,12000,1,86975,40000,12606,146,3,255,5,5,692,0.16180741466312665,0,1,1,0
25.79,91396416,2,10.49,2016-10-01,18000,0,179901,106000,30093,179,9,215,3,3,722,0.21658368254620217,0,0,0,0
14.84,91187430,1,12.79,2016-10-01,21000,0,346187,85000,29565,282,9,258,5,9,687,0.22964600222399478,0,0,1,0
18.91,96124434,3,13.99,2016-12-01,16000,0,461742,77000,14313,153,5,169,1,1,687,0.2435476551350135,0,0,0,0
12.46,94881362,1,19.99,2016-12-01,10000,1,270933,36500,3813,45,2,102,20,23,662,0.24038555719815624,0,0,0,1
13.25,94461114,4,11.44,2016-12-01,7200,0,225415,80000,15679,135,2,136,9,9,682,0.1305656166082932,0,0,0,0
16.88,93147893,6,5.32,2016-11-01,4900,0,221778,58000,3295,125,7,121,6,12,772,0.1935332077454842,0,0,0,0
18.22,93761798,0,19.99,2016-11-01,20600,1,211320,79032,7076,121,6,135,7,7,682,0.22820244156389516,0,0,0,1
28.64,92391669,0,10.49,2016-11-01,8000,0,38486,66584,16627,183,3,153,6,6,702,0.24405029299643655,0,1,0,0
12.79,93772922,4,11.44,2016-12-01,9000,0,131390,55000,7264,49,10,136,3,3,712,0.2508940045575526,0,0,0,1
2.88,94088528,0,12.74,2016-12-01,12000,1,6438,70000,6438,62,2,129,6,6,687,0.2398335190568419,0,1,1,0
22.58,92034679,2,10.49,2016-11-01,9600,0,153321,75000,2295,245,7,160,2,2,732,0.24236974246031542,0,0,0,0
25.4,93188081,2,16.99,2016-11-01,25000,0,38021,50000,23237,169,3,80,2,2,677,0.25400944474180537,1,0,1,0
22.51,90226849,2,16.99,2016-10-01,10250,1,47045,63600,13793,138,10,139,10,14,667,0.24236974246031542,0,1,1,0
34.7,90078040,12,13.99,2016-10-01,15000,0,190399,64000,10663,161,4,145,6,7,692,0.24236974246031542,0,0,0,0
18.08,91148931,2,18.99,2016-10-01,13200,0,216052,109000,17944,303,10,131,2,11,737,0.24405029299643655,1,0,0,1
9.89,91610812,0,8.24,2016-11-01,35000,0,201612,109000,29627,195,2,250,15,20,707,0.1089257395525156,0,1,1,0
27.02,91222943,3,16.99,2016-10-01,7000,1,18164,34000,10905,106,10,276,3,3,682,0.2398335190568419,0,1,1,0
18.06,91159129,0,12.79,2016-10-01,4000,0,23603,67000,8560,176,15,161,3,3,662,0.22820244156389516,0,1,0,1
22.92,95338267,2,17.99,2016-12-01,11600,0,230134,50000,15429,91,6,88,3,3,677,0.24772661201898094,0,0,1,0
6.13,91182383,6,10.99,2016-10-01,5000,0,210915,48000,2756,91,3,76,1,20,737,0.22541344615680733,0,0,0,0
23.82,94183564,2,12.74,2016-12-01,25725,0,337933,189800,47138,188,4,125,4,49,712,0.24178857354630912,0,0,0,1
14.15,91516567,0,19.99,2016-10-01,15625,0,57963,41184,9246,162,4,122,15,33,667,0.2218279015751931,1,0,1,0
6.7,91281198,0,7.99,2016-10-01,8000,0,128599,50000,7716,49,2,58,10,10,702,0.22541344615680733,0,0,1,0
17.96,90067049,5,12.79,2016-10-01,15000,1,34521,80000,9516,245,5,155,7,10,667,0.24405029299643655,0,1,0,0
22.71,92788879,1,17.99,2016-11-01,20000,0,113071,50000,18250,132,3,130,12,12,712,0.22820244156389516,0,0,0,1
13.26,94526862,1,8.24,2016-12-01,6000,0,104168,75000,8431,174,4,163,4,47,672,0.2962466441080822,0,0,0,0
12.64,91691161,0,7.99,2016-11-01,18000,0,81538,45000,7316,138,5,114,1,1,777,0.16180741466312665,0,0,0,1
12.77,94487038,0,13.49,2016-12-01,15000,1,15087,40000,15087,103,6,129,11,19,692,0.2508940045575526,1,0,0,0
22.91,91638182,0,10.49,2016-10-01,8000,0,155846,87000,27680,184,6,118,3,3,687,0.2586338582330572,0,0,1,0
22.98,92379883,0,11.44,2016-11-01,6400,0,132182,34000,15723,129,2,170,16,35,697,0.2218279015751931,0,0,0,0
22.64,91536686,2,11.39,2016-10-01,9000,0,34054,29000,8747,308,5,171,8,15,687,0.2258930782682992,0,1,0,0
17.91,94030650,7,15.99,2016-12-01,15000,0,44890,40860,11861,140,8,158,4,5,702,0.24038555719815624,1,0,1,0
33.3,93633117,2,26.24,2016-11-01,12400,0,170096,63000,24787,117,5,71,8,23,682,0.24772661201898094,0,0,0,1
19.67,92522448,3,11.49,2016-11-01,30000,0,65806,124000,24164,187,8,140,3,3,677,0.2258930782682992,0,1,0,1
5.36,91962318,3,13.99,2016-10-01,20000,0,557146,115000,15328,208,4,165,5,5,677,0.2398335190568419,1,0,0,0
15.92,92619005,1,14.99,2016-11-01,24000,1,19346,50000,4680,142,1,40,13,27,767,0.2258930782682992,0,1,0,0
11.8,91347812,0,7.99,2016-10-01,15000,0,304342,175000,506,334,4,158,3,11,817,0.2508940045575526,0,0,0,0
25.24,95128243,4,14.99,2016-12-01,12800,1,219841,46000,18813,94,16,105,2,4,672,0.23846830760717275,0,0,0,1
18.82,91655182,4,18.99,2016-10-01,7000,0,31067,56000,1941,109,7,144,2,13,662,0.2962094049669217,0,1,0,1
25.09,93791060,8,13.49,2016-11-01,3000,1,43287,20000,3341,36,10,50,3,3,722,0.2962466441080822,0,1,1,0
16.45,95188054,1,13.49,2016-12-01,17000,0,156416,90000,28369,222,4,141,1,1,722,0.21701380971305592,0,0,0,0
14.11,94100717,0,6.99,2016-12-01,6300,0,299877,60000,12714,217,6,145,2,4,772,0.14194112958139316,0,0,1,0
15.8,91613939,6,23.99,2016-10-01,9700,0,21496,48000,1823,251,8,122,3,11,677,0.2262116396218806,0,1,1,0
39.948699999999995,93111124,2,12.74,2016-11-01,15600,0,20057,23954,12206,131,3,134,9,25,672,0.16180741466312665,0,0,0,1
22.1,95181113,2,13.99,2016-12-01,21000,0,101191,68000,15970,68,7,137,2,57,687,0.2258930782682992,0,0,0,1
20.95,91018103,3,22.39,2016-10-01,12000,0,405753,90000,17315,181,9,175,4,4,662,0.21701380971305592,0,0,1,0
18.91,90955826,2,16.99,2016-10-01,7000,0,7646,20000,5114,72,8,17,12,12,687,0.2398335190568419,0,1,0,1
19.14,95101538,2,10.49,2016-12-01,18000,0,81287,99700,31588,137,7,133,8,8,702,0.24772661201898094,1,0,0,1
28.01,92830447,0,11.44,2016-11-01,10000,1,290105,82000,53315,260,3,192,6,59,677,0.24178857354630912,0,0,1,0
7.22,91120466,0,11.49,2016-10-01,10000,0,120565,55000,10553,203,1,123,12,25,672,0.22541344615680733,0,0,0,0
22.8,92451954,4,21.49,2016-11-01,21000,1,244689,93000,19351,110,12,145,2,2,687,0.26220086013005467,0,0,1,0
22.26,92568546,1,14.99,2016-12-01,15000,1,150357,40000,17906,153,5,158,16,16,722,0.2218279015751931,0,0,1,0
20.86,92469126,1,11.39,2016-11-01,20000,0,71925,75000,20369,51,9,74,3,3,717,0.2508940045575526,0,1,0,0
10.64,93031343,1,8.24,2016-11-01,5000,0,14684,60000,3479,367,1,157,11,11,677,0.24236974246031542,0,1,0,0
15.38,91298253,0,14.49,2016-10-01,20000,0,28577,80000,23186,186,5,200,3,3,712,0.2398335190568419,0,1,1,0
12.63,94422920,1,8.24,2016-12-01,20000,0,183066,86000,3911,182,4,173,9,69,672,0.24236974246031542,0,0,1,0
33.04,94263024,4,11.44,2016-12-01,3500,0,70185,53499.48,5521,154,2,131,3,54,682,0.2962466441080822,0,1,0,1
27.34,89904580,5,21.49,2016-10-01,15000,1,52176,60000,6095,71,5,74,1,3,727,0.2586338582330572,0,0,0,1
7.2,93780377,2,11.49,2016-11-01,14000,0,185686,60000,10297,183,4,119,1,5,662,0.22541344615680733,0,0,0,0
14.95,91177319,4,13.99,2016-10-01,3000,0,37862,78000,477,171,0,143,27,43,667,0.24038555719815624,0,1,0,0
19.68,92014085,5,19.99,2016-11-01,25000,0,259762,82000,17913,193,12,203,2,2,737,0.2398335190568419,0,1,0,1
6.34,91375881,0,21.49,2016-10-01,12500,0,5369,32000,5369,72,4,132,4,4,682,0.2262116396218806,0,1,0,1
28.95,95308181,1,26.99,2016-12-01,14725,1,33158,40000,11583,123,5,130,3,3,707,0.24405029299643655,1,0,1,0
15.07,95027554,5,26.99,2016-12-01,20000,1,186666,75000,5156,121,10,126,1,12,662,0.22541344615680733,0,0,1,0
11.82,91302724,1,6.99,2016-10-01,2000,0,6189,40000,1653,82,2,43,22,55,777,0.2367977506586332,0,1,1,0
29.37,93258117,5,23.99,2016-11-01,32550,0,412561,120000,33639,335,16,146,2,9,687,0.23093607081390768,0,0,0,1
24.93,92094383,5,19.99,2016-11-01,23000,0,81719,79000,25031,134,8,133,4,4,667,0.24236974246031542,0,1,0,1
11.36,93779578,0,6.99,2016-11-01,20000,0,239586,94000,21310,193,3,146,2,2,777,0.2367977506586332,0,0,0,0
5.11,90136598,0,7.99,2016-11-01,11000,1,9254,85000,3172,68,2,50,9,29,722,0.2258930782682992,0,1,0,0
18.31,95271581,4,13.99,2016-12-01,3000,0,79214,71000,27953,150,6,171,4,58,662,0.2262116396218806,0,1,0,0
18.07,94257609,1,8.24,2016-12-01,32000,0,241032,105000,35171,381,6,135,7,8,757,0.23093607081390768,0,0,0,1
13.09,89777762,3,25.69,2016-10-01,12000,0,216813,62000,5325,187,10,126,2,2,677,0.24236974246031542,0,0,0,1
16.29,91506454,0,7.99,2016-10-01,5000,0,34048,40000,6618,104,3,84,2,2,697,0.2398335190568419,0,1,0,0
16.24,92627503,2,12.74,2016-11-01,10800,0,393749,85000,76488,217,5,167,1,1,687,0.22541344615680733,0,0,0,0
30.52,94169985,3,13.49,2016-12-01,25000,1,521851,150000,26416,331,11,137,2,2,747,0.2258930782682992,0,1,1,0
10.51,94247091,2,15.99,2016-12-01,6850,0,19952,75000,11703,195,2,184,8,11,682,0.24405029299643655,0,1,1,0
13.39,91018836,0,13.99,2016-10-01,8000,0,133694,45000,8662,155,6,60,10,10,662,0.23846830760717275,0,0,0,0
28.15,91535427,3,11.44,2016-10-01,8000,1,22395,37000,11528,123,13,124,6,6,702,0.1935332077454842,1,0,0,1
11.6,92749137,1,8.24,2016-11-01,24000,0,203497,260000,63888,130,6,219,2,22,717,0.2258930782682992,0,1,0,1
22.31,91180601,1,11.49,2016-10-01,10000,0,116274,90000,14792,470,2,138,9,51,687,0.2262116396218806,1,0,1,0
24.79,95119965,6,24.74,2016-12-01,35000,1,203260,85000,23812,213,6,111,3,7,742,0.1935332077454842,0,0,0,1
21.32,91346377,7,13.99,2016-10-01,12000,0,50052,78000,6148,174,9,122,3,3,707,0.24038555719815624,0,0,0,0
16.26,94045579,6,18.99,2016-12-01,35000,1,218750,130000,42714,323,5,28,5,12,667,0.16180741466312665,0,0,1,0
6.48,91613936,0,10.49,2016-10-01,8000,0,31713,260000,5471,123,1,159,2,2,677,0.22541344615680733,0,1,1,0
24.76,91685244,2,17.99,2016-10-01,6400,1,83637,52000,14438,188,8,170,1,1,662,0.24405029299643655,0,1,0,1
20.49,95122668,3,11.49,2016-12-01,9000,0,221991,70000,24186,178,5,153,3,8,687,0.2367977506586332,0,0,1,0
26.84,93107045,4,7.49,2016-11-01,12600,0,207101,86000,15819,159,9,97,3,6,752,0.22820244156389516,0,0,1,0
15.54,96124507,6,12.74,2016-12-01,10000,0,41808,92000,4878,110,12,113,3,6,687,0.23846830760717275,0,1,1,0
17.81,91179336,1,7.99,2016-10-01,5700,0,27048,70000,3163,219,3,127,4,113,722,0.24772661201898094,0,1,1,0
24.3,92533270,1,16.99,2016-11-01,20000,0,97833,60000,18929,129,6,139,4,7,682,0.2435476551350135,0,1,0,1
14.85,94304425,0,14.99,2016-12-01,35000,0,394087,150000,30641,266,3,158,17,61,692,0.16180741466312665,0,1,1,0
20.46,93664274,2,15.99,2016-11-01,1400,0,302611,95000,24314,45,8,137,5,16,667,0.14194112958139316,0,0,1,0
22.37,92688186,0,11.49,2016-11-01,11000,0,69713,50000,12425,281,2,110,15,23,732,0.2508940045575526,0,0,0,0
4.8,95016775,1,13.49,2016-12-01,12225,1,244737,35000,3852,103,6,113,8,12,667,0.2258930782682992,0,0,1,0
27.62,92228369,3,11.49,2016-10-01,8000,0,63258,67000,8961,122,3,96,0,29,687,0.2367977506586332,0,1,1,0
13.68,90251848,5,19.99,2016-10-01,10000,1,25080,60000,10300,165,9,239,4,4,667,0.2258930782682992,0,1,1,0
27.97,91984542,2,15.99,2016-11-01,12000,0,211294,65000,12826,252,6,79,3,15,677,0.22820244156389516,0,0,0,1
23.38,93462047,5,13.99,2016-12-01,2000,1,24656,25000,7511,135,10,195,5,5,677,0.24236974246031542,1,0,1,0
20.38,95241102,0,18.99,2016-12-01,28550,0,206308,64000,23957,136,3,152,19,20,702,0.25450503330821056,0,0,0,0
5.37,95193496,2,25.49,2016-12-01,30825,0,681618.6899999992,95217,18350,183,4,126,2,8,697,0.2586338582330572,0,0,1,0
26.45,93624081,12,22.74,2016-12-01,18450,1,63392,42000,5772,120,5,149,0,51,667,0.23093607081390768,0,1,1,0
12.51,92064630,3,7.99,2016-11-01,20000,0,237527,91000,47749,382,3,54,7,13,707,0.21658368254620217,0,0,0,1
15.92,92533579,1,11.49,2016-11-01,12000,0,92541,140000,31871,297,8,122,2,13,687,0.2586338582330572,0,1,1,0
18.25,91088815,6,13.49,2016-10-01,10000,1,201646,95000,8106,58,2,88,14,44,702,0.25450503330821056,0,0,1,0
20.02,94356429,5,19.99,2016-12-01,25000,0,106911,105000,37441,129,3,134,10,10,667,0.2258930782682992,0,1,0,1
15.4,94636829,0,11.49,2016-12-01,3500,1,10734,21280,115,170,0,121,39,99,667,0.19155677855117656,0,0,1,0
4.21,93134357,0,7.49,2016-11-01,15000,0,15123,122000,15123,233,0,129,34,103,707,0.2258930782682992,0,0,1,0
13.72,92461726,2,11.44,2016-11-01,20000,0,205841,98000,11143,124,4,97,5,5,672,0.22541344615680733,0,0,1,0
22.29,94168514,0,11.44,2016-11-01,5000,1,59560,21000,3888,202,2,124,6,6,697,0.24236974246031542,0,1,0,0
10.14,92221884,3,7.99,2016-10-01,9600,0,27592,110000,11444,230,6,217,5,7,687,0.2258930782682992,0,0,0,1
23.35,93682308,2,11.49,2016-11-01,8000,0,45664,68000,11388,133,6,114,7,19,667,0.22541344615680733,0,1,1,0
33.91,91111698,0,16.99,2016-10-01,8400,0,212894,192000,77939,266,16,119,5,7,682,0.26936207385807537,0,1,0,1
25.9,91250856,0,11.49,2016-10-01,10000,0,77707,48000,15556,182,5,157,4,15,742,0.2367977506586332,0,1,0,0
22.9,91047644,6,7.59,2016-10-01,3000,0,184296,50000,3968,216,10,188,2,2,757,0.22820244156389516,0,1,0,1
11.63,93455109,3,11.44,2016-11-01,2400,0,37673,105000,10048,239,6,114,1,3,667,0.2258930782682992,0,1,1,0
20.13,94716961,1,11.39,2016-12-01,6000,1,618346,103000,19743,235,7,170,4,4,727,0.26936207385807537,0,0,0,0
11.71,95237288,0,7.49,2016-12-01,1525,0,45108,75000,6042,146,3,123,7,27,707,0.22820244156389516,0,1,0,0
30.47,94343391,3,16.99,2016-12-01,1600,0,13501,24000,5792,328,4,105,4,4,662,0.2586338582330572,0,1,0,0
14.1,91127667,4,11.49,2016-10-01,10400,0,187443,68000,6876,142,3,82,3,67,717,0.2262116396218806,0,0,0,0
21.66,92400505,0,13.49,2016-11-01,19350,0,65302,44000,12893,150,2,151,8,47,697,0.24772661201898094,0,0,0,1
30.64,91793574,0,14.99,2016-10-01,3500,1,78692,23000,5292,79,1,40,22,39,712,0.24236974246031542,0,0,0,1
21.76,94462450,1,13.49,2016-12-01,6000,0,20772,36540,5963,99,7,91,7,7,677,0.25400944474180537,0,1,1,0
33.37,94248410,4,12.74,2016-12-01,5000,0,20838,42000,11407,145,10,132,1,34,662,0.2218279015751931,0,1,0,1
4.52,93687266,5,14.99,2016-11-01,25000,1,595097,115000,12198,136,8,116,2,14,697,0.2258930782682992,0,1,1,0
23.26,91367009,1,12.74,2016-10-01,8000,0,23169,73000,920,151,3,138,6,6,672,0.2398335190568419,0,1,1,0
17.61,91684348,0,6.99,2016-10-01,8400,0,47137,80000,7354,384,5,154,12,12,837,0.2258930782682992,1,0,0,0
11.55,90234116,12,19.99,2016-10-01,21000,1,19957,85000,6947,286,8,147,6,8,667,0.2218279015751931,0,0,1,0
28.63,91100973,6,13.99,2016-10-01,10000,0,533443,55000,24786,242,13,8,1,1,667,0.24405029299643655,0,1,0,1
8.17,94046851,2,11.44,2016-11-01,5325,1,11228,31605,8286,86,1,38,2,2,667,0.3045384699149415,0,0,1,0
18.62,94240562,0,22.74,2016-12-01,21000,1,37769,69800,12728,97,4,170,6,6,702,0.2398335190568419,0,1,1,0
12.36,94283232,0,18.99,2016-12-01,14850,0,38375,120000,8618,205,2,165,2,3,722,0.2258930782682992,0,1,1,0
17.16,94301588,4,15.99,2016-12-01,1000,0,20819,80000,12154,437,9,67,1,1,682,0.2258930782682992,0,0,1,0
18.97,90991971,2,13.49,2016-10-01,32000,0,295388,120000,16354,216,4,149,5,5,717,0.22820244156389516,0,0,0,0
9.12,95231203,1,7.99,2016-12-01,24000,0,83114,260000,27051,256,0,122,26,98,707,0.2398335190568419,0,1,1,0
16.53,91148493,1,16.99,2016-10-01,34500,0,45040,75000,15592,109,3,126,3,28,697,0.21658368254620217,0,1,1,0
23.15,91933398,0,11.44,2016-10-01,13000,0,13204,45000,11622,255,0,83,39,148,747,0.2218279015751931,0,0,0,0
21.29,91505546,12,16.99,2016-11-01,16125,0,261354,120000,2986,131,14,139,4,6,682,0.2367977506586332,0,0,0,1
23.28,94243259,1,7.24,2016-12-01,6000,0,287552,126000,22789,337,4,111,2,56,702,0.25220620065309657,0,0,0,0
21.65,92767492,2,7.49,2016-11-01,4000,0,241945,62400,3577,157,10,206,2,11,787,0.14194112958139316,0,0,0,0
25.81,92124098,0,6.99,2016-10-01,8000,0,92661,55000,7663,258,3,121,12,13,772,0.2218279015751931,0,1,1,0
9,95856777,1,11.44,2016-12-01,34000,0,15316,68000,8514,189,1,148,17,79,792,0.21658368254620217,0,1,1,0
16.93,92235648,3,10.49,2016-10-01,24000,0,112029,100700,49804,208,6,97,1,5,717,0.16180741466312665,0,0,0,0
24.79,92717797,3,14.99,2016-11-01,10000,1,21763,35000,12569,470,7,84,4,4,707,0.24772661201898094,0,1,0,0
19.37,91017566,0,19.99,2016-10-01,22800,1,141287,53100,12583,64,4,144,8,22,712,0.2218279015751931,0,0,0,1
15.26,93673355,1,18.99,2016-11-01,11175,0,29717,60000,9440,339,4,143,1,6,662,0.22541344615680733,1,0,0,0
24.36,94577046,0,14.99,2016-12-01,15000,0,130908,99000,1291,134,6,112,1,16,722,0.2962466441080822,0,1,0,1
12.66,94029066,1,12.74,2016-12-01,20300,0,46142,144600,9978,178,1,147,3,3,667,0.24236974246031542,0,1,1,0
19.77,91040427,3,13.49,2016-10-01,2500,0,28393,32000,4801,34,2,73,2,2,727,0.24236974246031542,0,1,1,0
32.86,92599344,7,25.49,2016-11-01,10000,0,93697,52000,11743,79,10,217,1,20,672,0.24038555719815624,0,0,0,0
16.91,93454602,4,11.44,2016-11-01,8000,0,78063,72000,13241,235,3,129,3,19,677,0.2586338582330572,0,0,0,0
11.46,95240790,0,7.49,2016-12-01,1500,0,258147,44000,486,37,2,113,13,28,682,0.2258930782682992,0,0,0,1
11.81,89777971,10,14.49,2016-10-01,21600,0,151032,85009,17714,293,4,151,6,15,692,0.24772661201898094,0,1,1,0
7.25,91535824,3,12.74,2016-10-01,8500,0,107180,25000,6459,63,3,25,7,15,682,0.2367977506586332,0,0,1,0
3.35,91279779,5,7.59,2016-10-01,5000,0,3005,45000,3005,310,7,110,4,4,692,0.2367977506586332,1,0,0,1
3.53,92515142,2,13.49,2016-11-01,7000,0,84515,50000,5604,140,1,131,20,125,662,0.2367977506586332,0,0,1,0
23.54,94212944,2,15.99,2016-12-01,20000,0,404937,133000,23141,187,6,148,3,95,677,0.22820244156389516,0,0,1,0
9.67,92261098,0,5.32,2016-11-01,1500,0,5238,35000,679,119,1,16,16,34,772,0.24236974246031542,1,0,1,0
2.28,94341023,1,7.49,2016-12-01,6000,0,3265,40000,3265,105,2,69,11,19,717,0.2258930782682992,1,0,1,0
32.84,92557191,2,12.74,2016-11-01,10000,0,49633,52400,8937,221,11,127,5,7,672,0.2258930782682992,0,1,0,1
17.85,92133707,4,13.99,2016-10-01,11900,0,196035,115000,3260,181,10,182,2,6,662,0.24178857354630912,0,0,1,0
31.33,93910647,1,13.49,2016-11-01,9000,0,36463,75000,15758,143,5,89,6,6,687,0.22820244156389516,0,1,0,0
21.46,93742796,0,13.99,2016-11-01,8000,1,478479,210000,82434,185,4,227,2,27,687,0.2586338582330572,0,0,1,0
39.948699999999995,91680969,3,17.99,2016-10-01,15000,0,408262,38000,18221,97,10,118,1,4,662,0.1764017439336834,0,0,0,1
26.89,92013486,0,17.99,2016-11-01,16000,0,188593,84000,20969,178,4,136,3,16,687,0.21658368254620217,0,0,1,0
29.58,94716176,1,15.99,2016-12-01,20000,0,62825,85000,19637,144,4,69,5,31,692,0.26936207385807537,0,1,0,0
10.45,95229108,4,26.99,2016-12-01,30000,0,354931,100000,55,175,8,137,1,13,817,0.2586338582330572,0,0,1,0
10.41,93133018,9,14.99,2016-11-01,15000,0,17698,67000,16510,145,5,18,9,22,677,0.2258930782682992,0,1,1,0
11.48,95016969,0,12.74,2016-12-01,32000,1,50154,215000,19788,343,4,135,11,23,732,0.2258930782682992,0,1,0,1
21.4,91179373,0,13.99,2016-11-01,11200,0,149295,61000,8854,103,2,134,16,25,727,0.24178857354630912,0,0,0,0
29.89,95317832,9,11.49,2016-12-01,6000,0,43483,47500,11445,138,9,118,5,30,672,0.2258930782682992,0,1,1,0
14.25,92074446,3,19.99,2016-10-01,9600,0,131072,41103,5219,123,5,101,0,0,687,0.2218279015751931,0,0,0,1
5.73,95256709,1,16.99,2016-12-01,8000,0,6157,45000,6157,115,2,124,17,23,692,0.2398335190568419,0,1,1,0
27.35,91635642,0,14.99,2016-10-01,5000,1,24535,28000,7102,114,2,101,19,22,662,0.22964600222399478,0,1,0,1
29.43,94046473,2,18.99,2016-12-01,10150,0,29512,29000,10617,38,7,20,8,9,662,0.24405029299643655,0,1,0,0
7.63,91211701,0,5.32,2016-10-01,10000,0,13956,97000,10978,96,2,135,18,18,702,0.2218279015751931,0,0,1,0
27.37,94332124,1,18.99,2016-11-01,25000,0,343012,90000,33794,307,9,151,2,2,682,0.23846830760717275,0,0,0,0
27.95,91368915,2,11.39,2016-10-01,15000,1,88032,45000,17280,198,2,53,22,23,662,0.24102227492165665,0,0,0,1
29.86,95653623,7,26.99,2016-12-01,13525,1,81730,83200,1279,56,4,43,0,33,762,0.2508940045575526,0,1,0,1
18.98,91585837,2,13.49,2016-10-01,20000,0,225651,85000,18597,175,4,131,4,6,717,0.2586338582330572,0,0,1,0
15.95,95103214,3,11.49,2016-12-01,4000,0,23615,56000,7565,132,8,31,6,9,687,0.2586338582330572,0,1,1,0
22.36,92842584,3,11.49,2016-11-01,35000,0,320392,118000,35759,222,2,169,7,35,697,0.2367977506586332,0,0,0,1
12.27,94263482,1,6.99,2016-12-01,6000,0,174679,70000,11020,268,1,231,5,5,752,0.24405029299643655,0,0,0,0
26.57,94130060,3,14.99,2016-12-01,4000,0,5462,20000,779,57,5,21,4,13,662,0.2218279015751931,0,1,0,1
12.82,90697864,2,19.99,2016-10-01,10550,1,10366,33600,2188,359,3,163,4,51,667,0.24772661201898094,0,0,0,1
13.49,91435535,7,13.99,2016-10-01,3000,1,52486,46000,5548,35,3,156,10,27,662,0.3045384699149415,0,1,1,0
15.3,94334617,0,10.49,2016-12-01,9200,0,95603,48000,12754,224,2,140,7,19,722,0.25220620065309657,0,0,1,0
32.05,92961378,3,8.24,2016-11-01,11200,1,212794,98000,38269,309,6,162,3,5,707,0.22820244156389516,0,0,0,1
15.8,93157597,1,10.49,2016-11-01,7000,0,56667,43000,7788,72,2,133,1,1,702,0.2508940045575526,0,1,1,0
29.14,92513085,0,18.99,2016-11-01,10000,1,18296,25000,7641,98,3,13,13,17,677,0.2398335190568419,0,1,1,0
10.73,92083702,0,6.99,2016-10-01,7000,0,17874,140000,14,171,2,153,15,108,682,0.2258930782682992,0,1,0,0
21.84,92034342,2,11.49,2016-10-01,11000,1,47439,65003,10954,141,6,192,5,5,687,0.25450503330821056,0,1,0,0
22.93,94465951,6,13.49,2016-12-01,16000,0,241433,65000,25406,180,11,151,5,10,667,0.2218279015751931,0,0,1,0
13.65,91218761,1,9.49,2016-10-01,6000,0,7880,35000,3778,163,2,132,3,3,762,0.2398335190568419,0,1,0,0
31.18,95357729,6,16.99,2016-12-01,4000,0,63791,54000,10170,172,5,29,5,8,677,0.22820244156389516,0,1,1,0
7.03,94433681,0,11.39,2016-12-01,32000,0,203757,98000,37819,253,1,231,7,7,717,0.26936207385807537,0,0,0,1
21.46,93674789,3,15.99,2016-12-01,8650,0,89271,28800,8058,423,6,80,4,6,677,0.2398335190568419,0,0,0,1
25.54,93427087,0,13.49,2016-11-01,19000,0,71232,105000,36979,160,8,178,2,36,692,0.24405029299643655,0,1,0,0
21.46,91279828,9,12.79,2016-10-01,9600,0,506480,68500,3332,235,16,107,3,5,662,0.2258930782682992,0,0,0,1
30.19,95177403,2,18.99,2016-12-01,9000,1,25829,37000,6277,162,5,55,1,7,662,0.2367977506586332,0,1,1,0
23.39,94164010,1,16.99,2016-12-01,30000,0,184408,85000,27282,198,8,125,4,14,667,0.22820244156389516,0,0,1,0
12.35,93503845,3,8.24,2016-11-01,6500,0,19292,52000,9897,75,5,128,6,6,672,0.24236974246031542,0,0,1,0
4.79,94742198,1,12.74,2016-12-01,10000,0,19218,85000,1595,118,7,129,2,4,727,0.2398335190568419,1,0,1,0
23.04,95140484,0,7.49,2016-12-01,9000,0,34037,66000,3261,106,3,148,9,22,757,0.24405029299643655,0,1,0,0
22.45,93751523,0,15.99,2016-11-01,28000,0,163280,100000,20709,164,3,163,10,10,682,0.22820244156389516,0,0,1,0
6.41,92522820,0,21.49,2016-11-01,19725,0,6823,47000,6823,207,3,207,14,36,677,0.2258930782682992,0,1,0,1
14.2,91027317,0,10.99,2016-10-01,2600,0,185445,42000,2495,136,0,131,26,50,662,0.22820244156389516,0,0,0,1
12.22,91448581,6,13.99,2016-10-01,3000,1,542315,105000,13729,138,6,227,7,7,697,0.2398335190568419,0,1,1,0
34.42,91681222,2,19.99,2016-10-01,8000,0,74655,46000,5673,164,7,158,3,10,697,0.24178857354630912,0,0,1,0
4.4,93197487,0,8.24,2016-11-01,8600,0,7182,101273,5508,192,5,242,4,4,667,0.26936207385807537,0,0,0,0
34.81,93108529,4,11.44,2016-11-01,16500,0,303233,127000,26690,127,12,131,5,6,732,0.2586338582330572,0,1,1,0
12.95,95447187,1,13.49,2016-12-01,14000,0,42384,96000,6465,204,5,124,10,10,682,0.24178857354630912,0,1,0,0
10.57,93800472,7,11.44,2016-11-01,15000,0,194611,65000,18796,161,5,145,1,1,672,0.22820244156389516,0,0,1,0
24.3,93830528,10,11.49,2016-11-01,9000,1,61019,61000,12804,120,8,135,5,5,697,0.24405029299643655,0,1,0,1
21.76,90966523,0,15.59,2016-10-01,16000,0,71649,84000,4832,43,6,106,6,6,667,0.3029734287056215,0,1,1,0
14.97,91477455,0,15.99,2016-10-01,23500,1,25117,72000,10369,83,2,125,14,28,682,0.14194112958139316,0,1,0,0
10.65,91476173,0,7.49,2016-11-01,2400,0,11525,47000,3830,111,3,114,13,17,762,0.2258930782682992,1,0,0,1
13.2,95220627,1,21.49,2016-12-01,35000,1,48483,110000,9465,119,4,16,13,13,752,0.2218279015751931,0,1,0,1
29.17,91357631,3,14.99,2016-10-01,10000,0,188549,55000,14036,382,7,87,6,6,687,0.1764017439336834,0,0,0,1
11.74,93501460,5,11.44,2016-11-01,11000,0,216045,67000,7894,155,12,181,3,3,667,0.2586338582330572,0,1,1,0
28.13,91476302,1,11.44,2016-10-01,11200,0,48868,63000,12258,318,8,128,11,19,697,0.2367977506586332,0,1,0,0
11.28,92225183,2,14.99,2016-10-01,12000,0,423972,65000,7709,182,8,25,1,1,747,0.2258930782682992,0,0,0,0
33.86,95139518,4,16.99,2016-12-01,10575,0,44626,55000,13501,64,12,54,4,4,682,0.3133839123580087,0,1,0,0
16.38,94087326,6,11.44,2016-12-01,16000,0,231850,90280,6343,63,8,143,4,6,677,0.22541344615680733,0,0,1,0
7.68,90651332,4,13.99,2016-10-01,6000,0,196482,144999,8468,348,2,276,8,20,677,0.22820244156389516,0,0,1,0
21.6,91238625,5,26.99,2016-10-01,14425,0,79267,56000,5309,19,9,138,3,13,682,0.22820244156389516,0,0,1,0
13.87,92991584,7,12.74,2016-12-01,20000,0,20638,75000,11144,210,5,139,11,11,667,0.2218279015751931,0,1,1,0
19.88,94183709,4,14.99,2016-12-01,7200,0,12126,39000,7050,30,8,64,2,7,697,0.24038555719815624,1,0,1,0
13.93,93103550,8,11.44,2016-11-01,5600,0,365104,85000,1068,149,10,137,1,12,672,0.26936207385807537,0,0,1,0
22.53,92193755,0,14.99,2016-11-01,18200,0,218408,70000,14931,286,12,55,4,4,687,0.16197620383450775,0,0,0,1
14.73,93634247,1,13.49,2016-11-01,10500,1,10662,33000,1770,37,0,33,25,30,737,0.25450503330821056,0,1,1,0
19.4,91583823,9,13.49,2016-10-01,30000,1,368751,160000,5379,64,9,122,8,27,697,0.278503507164471,0,0,0,1
11.08,92065080,2,18.99,2016-12-01,6000,0,17299,65000,7423,41,3,70,6,19,667,0.24405029299643655,1,0,1,0
26.32,91049472,1,10.99,2016-10-01,8000,0,314462,75000,26574,129,4,69,4,13,702,0.2262116396218806,0,0,0,1
14.5,95766816,1,8.24,2016-12-01,23000,0,286267,106000,2660,132,6,122,0,0,782,0.1764017439336834,0,0,0,0
11.4,89808302,2,25.69,2016-10-01,10000,0,10622,30000,10622,184,4,119,1,1,672,0.22820244156389516,0,1,0,1
19.85,91483562,2,26.99,2016-10-01,17600,1,336766,92500,33788,99,7,153,7,14,667,0.19155677855117656,0,0,0,1
14.04,95247501,6,18.99,2016-12-01,25000,0,212207,60000,15194,202,4,146,5,49,697,0.16337446126458402,1,0,0,0
17.5,92562849,4,16.99,2016-11-01,16800,1,73204,168438,18127,345,10,145,6,6,672,0.24178857354630912,0,0,1,0
25.17,95294003,3,11.49,2016-12-01,9000,0,33921,32000,9464,168,3,143,6,101,682,0.22820244156389516,0,0,0,1
28.77,95131680,5,11.44,2016-12-01,20000,0,60943,60250,13661,314,4,145,6,17,662,0.2508940045575526,0,0,0,0
14.14,93400971,3,12.74,2016-11-01,10000,1,84743,40800,11896,343,2,212,8,8,707,0.2262116396218806,0,0,0,0
30.03,94480374,2,13.49,2016-12-01,6025,1,38303,50000,10388,207,3,179,4,69,692,0.23093607081390768,0,1,0,1
22.77,91356860,0,8.24,2016-10-01,20000,0,245729,110000,28013,227,5,153,13,30,707,0.22964600222399478,0,0,1,0
14.76,94261135,1,14.99,2016-12-01,8000,0,18720,40000,6382,144,3,26,5,22,667,0.16180741466312665,0,1,1,0
21.84,95002756,1,13.99,2016-12-01,10000,0,425076,75000,8018,273,3,86,9,90,762,0.2258930782682992,0,0,0,1
12.18,91457619,4,11.49,2016-10-01,10000,0,268392,80000,9139,187,5,113,2,46,672,0.24102227492165665,0,0,0,1
14.74,92369796,7,7.99,2016-10-01,10000,0,207948,39655,4800,58,5,104,7,7,702,0.24102227492165665,0,1,0,0
7.6,90251915,2,6.99,2016-10-01,13000,0,129946,54000,15976,264,3,163,10,20,782,0.24405029299643655,1,0,0,0
23.04,91122526,0,11.44,2016-10-01,3600,1,74010,128750,46684,405,7,121,2,2,727,0.2398335190568419,0,0,0,0
11.08,93684995,2,21.49,2016-11-01,10000,1,1549,72000,1549,252,8,114,8,23,662,0.2398335190568419,0,1,0,1
22.84,91250028,1,8.59,2016-10-01,35000,0,552868,260000,43613,195,13,176,2,2,717,0.24405029299643655,0,0,0,1
19.78,94339826,2,12.74,2016-11-01,3600,0,98750,58900,4847,198,2,194,8,87,687,0.2218279015751931,0,0,1,0
9.27,94414378,2,5.32,2016-12-01,1500,0,277923,87000,6812,196,5,208,3,3,692,0.16197620383450775,0,0,0,0
14.7,93994446,7,26.99,2016-11-01,25000,0,478659,160000,16221,253,15,136,1,1,667,0.2258930782682992,0,0,1,0
32.06,94210352,2,24.74,2016-12-01,14425,1,61659,49000,14726,168,7,99,7,7,662,0.22820244156389516,1,0,0,1
15.26,91475689,3,14.99,2016-11-01,6350,0,17774,58000,7466,256,7,149,1,1,662,0.2398335190568419,0,1,1,0
12.51,92226157,8,13.99,2016-11-01,8000,1,33414,92500,5062,108,11,127,1,1,712,0.22820244156389516,0,1,1,0
18.42,93972978,3,15.99,2016-12-01,10000,0,12055,35000,12055,200,16,147,0,9,672,0.24772661201898094,1,0,0,1
30.46,91091179,3,18.99,2016-10-01,20000,0,171702,57000,3290,200,11,276,2,14,682,0.25400944474180537,0,0,1,0
10.78,91101595,5,9.49,2016-10-01,35000,0,399606,115000,25672,348,3,32,3,3,662,0.2258930782682992,0,1,1,0
29.67,94262770,5,11.49,2016-12-01,5000,0,337461,110000,28503,292,4,248,8,26,682,0.2258930782682992,0,1,1,0
20.54,94072634,5,8.24,2016-12-01,4000,0,200266,109000,3972,182,6,193,3,23,732,0.3045384699149415,0,0,1,0
26.89,91149833,0,11.49,2016-10-01,10000,0,75334,35000,10572,329,8,118,3,3,707,0.24236974246031542,0,0,0,0
13.06,93279928,7,11.44,2016-11-01,15000,0,305681,70000,8499,148,8,133,2,2,712,0.2258930782682992,0,0,0,1
10.43,92533573,6,15.99,2016-11-01,3500,0,33219,85000,2598,114,7,8,1,1,672,0.22964600222399478,0,1,1,0
16.4,94127669,3,13.99,2016-11-01,24000,1,238302,95000,29112,315,8,176,5,15,677,0.3133839123580087,0,0,0,1
30.14,93909566,1,25.49,2016-12-01,7325,0,22636,35360,6217,45,8,87,4,4,677,0.19155677855117656,0,1,0,1
4.32,94388127,0,11.39,2016-12-01,30000,0,11596,100000,4152,121,0,107,36,105,762,0.2258930782682992,0,1,1,0
7.39,92055178,0,7.24,2016-10-01,10000,0,252117,70000,18293,421,1,170,19,42,732,0.16197620383450775,0,0,0,0
16.21,91302924,0,7.59,2016-10-01,12000,0,16023,80000,12583,173,3,141,12,12,792,0.24772661201898094,0,0,0,0
6.38,91588174,0,16.99,2016-10-01,3000,0,7158,40000,7158,66,1,132,24,24,677,0.14194112958139316,0,1,1,0
14.51,91814294,0,19.99,2016-11-01,20000,0,411665,150000,13327,156,3,125,2,35,697,0.2258930782682992,0,0,0,1
10.81,91022773,1,11.49,2016-10-01,21000,0,440368,100000,21384,229,4,138,5,5,662,0.19155677855117656,0,0,1,0
13.94,92851040,0,14.99,2016-11-01,35000,0,114115,130000,27245,203,3,130,13,75,702,0.23093607081390768,0,0,1,0
22.52,95122778,1,11.39,2016-12-01,10000,0,31370,50000,27656,227,4,72,1,1,687,0.2398335190568419,0,0,0,0
20.54,91363500,2,11.39,2016-10-01,7700,0,25779,40500,12841,180,2,146,11,108,682,0.21658368254620217,1,0,0,0
34.54,92830318,5,15.99,2016-11-01,8400,0,71574,56500,10529,154,8,150,9,18,692,0.22964600222399478,0,0,0,1
32.44,90895163,1,18.99,2016-10-01,6025,1,24822,35000,530,39,10,164,2,39,667,0.23093607081390768,0,1,0,1
30.88,94243327,5,11.49,2016-12-01,6000,0,106032,75000,10613,76,12,154,1,1,722,0.2218279015751931,1,0,1,0
22.38,91645322,0,7.49,2016-10-01,24000,0,456779,104000,39513,190,0,138,29,61,692,0.2367977506586332,0,0,1,0
10.54,92533732,4,14.99,2016-12-01,35000,0,497425,260000,11790,131,13,137,3,4,737,0.2367977506586332,1,0,1,0
22.85,92420724,8,18.99,2016-12-01,7925,1,34613,45000,5972,43,5,54,9,18,707,0.2398335190568419,0,1,1,0
21.67,94006442,7,12.74,2016-12-01,16800,1,380780,130000,7958,146,8,135,6,17,672,0.22964600222399478,0,0,0,0
29.6,91784541,7,8.24,2016-10-01,35000,1,108302,173000,24827,157,13,148,1,1,692,0.24405029299643655,0,0,0,0
19.89,91694580,3,8.24,2016-10-01,2400,0,32234,45000,2733,178,3,134,1,51,692,0.14194112958139316,0,1,1,0
17.72,93483860,1,5.32,2016-11-01,3000,0,216931,60000,19239,142,4,132,6,13,692,0.2367977506586332,0,0,0,0
32.47,95046426,4,14.99,2016-12-01,20000,0,240137,110000,44367,234,14,139,5,13,687,0.22820244156389516,1,0,0,0
17.3,91406946,4,24.74,2016-10-01,20000,0,32836,55000,7366,176,1,135,7,28,687,0.2398335190568419,1,0,0,1
15.44,92271081,0,13.49,2016-11-01,16000,0,320349,84000,21676,178,6,142,3,4,662,0.2294121971136406,0,0,0,0
22.95,93972179,2,13.49,2016-11-01,5000,0,418605,100008,42393,280,1,177,10,10,727,0.24038555719815624,0,0,1,0
26.13,91644731,0,14.99,2016-10-01,13475,0,98108,52000,9818,165,3,179,10,63,702,0.21701380971305592,0,1,1,0
5.9,94419309,2,5.32,2016-12-01,4200,0,461205,142800,6445,251,6,181,4,4,742,0.2258930782682992,0,0,0,0
22.8,94333965,1,12.74,2016-11-01,5000,0,147823,50000,19134,235,7,101,2,2,692,0.2367977506586332,0,0,1,0
10.53,96123151,2,11.49,2016-12-01,10000,0,11012,26000,11012,359,5,77,1,8,722,0.1935332077454842,0,1,0,0
21.07,90925660,3,17.99,2016-10-01,6000,0,45466,45000,1678,127,6,23,0,0,667,0.24405029299643655,0,1,1,0
32.24,95355198,4,17.99,2016-12-01,25475,1,48052,86000,24468,58,13,193,2,8,672,0.2508940045575526,0,1,0,1
28.11,94170591,1,11.44,2016-12-01,12000,0,32063,45000,14716,283,3,139,9,9,742,0.2218279015751931,0,0,0,0
18.77,91586531,12,13.99,2016-10-01,9000,0,77607,75000,4814,66,5,73,7,15,757,0.24405029299643655,0,1,1,0
11.72,92817213,1,15.99,2016-11-01,8000,0,43855,85000,10959,69,3,18,14,16,692,0.2398335190568419,0,1,0,1
14.47,93400850,1,12.74,2016-11-01,15000,0,15167,38000,15167,125,1,111,14,28,702,0.2258930782682992,0,1,1,0
24.77,91386637,2,7.99,2016-10-01,10000,0,396498,100000,7385,57,5,139,5,15,707,0.22820244156389516,0,0,0,0
10.56,95248304,2,21.49,2016-12-01,14000,0,65050,35000,1522,165,3,194,16,16,677,0.2258930782682992,0,1,1,0
16.73,94145185,3,18.99,2016-11-01,24875,1,15595,39520,13442,235,3,122,9,9,672,0.2398335190568419,0,0,0,1
12,90140957,4,16.99,2016-10-01,10000,0,36643,100000,15946,297,6,136,1,1,712,0.1764017439336834,0,1,1,0
6.1,92219776,1,5.32,2016-11-01,35000,0,680487,260000,42560,395,7,149,2,2,792,0.2258930782682992,0,0,1,0
11.45,93177432,3,8.24,2016-11-01,15000,0,108332,120000,22493,119,7,45,5,5,727,0.2258930782682992,1,0,0,0
22.62,92912067,2,11.44,2016-11-01,35000,0,378323,119000,11129,160,8,188,2,11,717,0.16180741466312665,0,0,0,1
15.21,93981688,2,12.74,2016-11-01,3800,0,144539,44500,3977,140,10,123,7,7,712,0.2294121971136406,0,0,0,1
33.66,94055134,0,14.99,2016-11-01,7200,0,106592,65000,45996,121,9,128,10,17,682,0.22541344615680733,0,0,0,1
22.08,94235170,0,26.99,2016-12-01,15625,1,189586,50000,3394,135,2,135,4,41,682,0.22541344615680733,0,0,0,1
7.65,94280115,5,8.24,2016-12-01,5000,0,175921,177000,35193,381,7,203,4,7,712,0.22964600222399478,1,0,1,0
6.84,91944822,0,10.49,2016-10-01,24000,0,460346,175000,10855,152,2,180,2,10,702,0.2962094049669217,0,0,0,0
20.19,91122497,4,13.99,2016-10-01,4800,0,53683,80000,1821,235,7,111,8,8,707,0.22541344615680733,0,0,0,1
24.28,93690933,2,6.99,2016-11-01,8000,0,32357,52000,10476,111,7,137,3,3,732,0.2367977506586332,0,0,1,0
27.05,95143319,0,21.49,2016-12-01,28000,0,65272,65000,11579,216,2,147,7,148,717,0.2218279015751931,0,1,0,1
24.65,91031541,3,13.49,2016-11-01,15000,0,50116,90000,17743,169,7,193,13,13,687,0.22820244156389516,0,1,1,0
6.83,91284122,0,13.99,2016-10-01,5000,0,8759,32000,8759,171,0,128,39,110,702,0.2258930782682992,0,1,0,1
39.948699999999995,93573522,2,17.99,2016-12-01,15750,0,55906,22000,18286,201,5,67,5,14,672,0.2367977506586332,1,0,0,1
11.13,95785345,6,16.99,2016-12-01,6400,0,37302,65000,12831,136,3,139,6,36,697,0.24102227492165665,0,1,1,0
14.11,90765347,1,14.99,2016-10-01,16000,0,116683,120000,17263,185,13,21,2,2,732,0.22820244156389516,0,0,0,0
29.53,93801062,2,8.24,2016-12-01,35000,1,99918,82000,19217,282,7,125,5,15,742,0.2398335190568419,0,1,0,1
21.18,91487911,12,11.49,2016-10-01,2000,0,248665,87500,2195,141,9,133,2,7,667,0.21701380971305592,0,0,1,0
15.12,92371868,4,22.74,2016-11-01,21000,1,338980,130000,11409,87,10,102,4,17,662,0.24038555719815624,0,0,0,1
22.58,91954826,2,15.99,2016-10-01,15000,0,217584,87360,7473,237,10,115,8,28,672,0.26936207385807537,0,0,1,0
13.92,95973372,3,8.24,2016-12-01,15000,0,267417,135000,20003,200,4,143,14,24,707,0.2367977506586332,0,0,1,0
16.26,92450533,4,15.99,2016-11-01,13000,0,341594,67000,10794,34,6,152,6,12,662,0.2258930782682992,0,0,0,1
20.51,95929377,1,22.74,2016-12-01,29000,1,36872,63500,36362,372,3,55,1,16,707,0.21470648544797244,0,0,0,1
9.5,91345936,0,11.49,2016-10-01,5000,1,15655,55000,1054,115,0,110,39,41,667,0.19155677855117656,0,1,0,1
16.45,95053858,6,13.99,2016-12-01,35000,0,270878,110000,29776,160,8,136,6,18,712,0.22820244156389516,0,0,0,1
28.43,94616549,6,12.74,2016-12-01,16000,0,209025,103000,9604,163,8,99,4,11,757,0.2218279015751931,0,0,1,0
12.09,93207330,0,12.74,2016-11-01,5525,0,20946,52000,992,97,2,193,6,6,672,0.25400944474180537,0,0,0,0
21.81,93715369,4,7.49,2016-11-01,11500,0,42133,62500,11450,123,4,95,9,10,752,0.23093607081390768,0,1,0,0
7.45,94241794,2,8.24,2016-12-01,8975,0,10412,52500,10412,342,6,139,2,26,667,0.22820244156389516,0,0,0,0
1.85,91498652,0,5.32,2016-11-01,10000,0,6811,60000,6811,104,5,94,2,2,782,0.16180741466312665,0,1,0,1
10.53,94427014,1,12.74,2016-12-01,12800,1,23743,85000,1971,33,3,146,7,33,667,0.24038555719815624,0,1,0,0
0.92,91903763,0,7.99,2016-10-01,10000,0,3370,155000,3370,268,1,179,4,4,762,0.2508940045575526,0,0,1,0
3.46,93686347,0,11.44,2016-11-01,13000,0,8430,106000,1799,166,2,172,5,76,717,0.2258930782682992,0,0,0,0
16.41,93092616,2,13.49,2016-11-01,9600,0,24704,80000,7693,123,8,67,2,7,672,0.1935332077454842,0,1,1,0
34.34,94235576,1,26.99,2016-12-01,35000,1,278518,98000,7838,63,5,168,13,22,717,0.2367977506586332,0,0,0,1
25.64,95171622,0,10.49,2016-12-01,8000,0,57927,60000,21924,151,7,152,13,13,707,0.22820244156389516,0,0,1,0
8.08,94148031,0,12.74,2016-12-01,10000,0,11983,59000,7474,125,1,132,6,35,687,0.2218279015751931,0,1,0,1
9.51,91611527,2,15.59,2016-10-01,2500,0,20341,69300,1730,72,6,97,8,9,692,0.3133839123580087,0,0,1,0
24,93297139,0,19.99,2016-11-01,35000,0,53483,80000,4276,81,10,83,1,5,747,0.22541344615680733,0,1,1,0
4.06,93178258,2,14.99,2016-11-01,3500,0,3473,50000,3473,16,5,40,1,12,697,0.22820244156389516,0,1,1,0
12.14,93674631,0,10.49,2016-11-01,9500,0,42799,113000,3238,453,3,164,8,8,687,0.2258930782682992,0,0,0,0
19.6,92219705,0,21.49,2016-11-01,15000,0,28089,30000,7871,65,6,94,4,4,697,0.22820244156389516,1,0,0,1
13.39,91249356,4,18.99,2016-10-01,12000,0,115789,106000,11153,161,12,136,3,25,667,0.1935332077454842,0,1,1,0
11.17,94428187,1,11.49,2016-12-01,18000,0,68753,42000,5709,196,1,241,10,10,672,0.24236974246031542,0,0,1,0
18.09,91364464,1,10.99,2016-10-01,4500,0,321532,70000,32557,268,9,276,3,3,682,0.24772661201898094,0,0,0,0
21.33,94279643,1,7.49,2016-12-01,12000,0,89265,95000,15168,240,0,124,28,66,697,0.19155677855117656,0,0,1,0
20.86,89051515,10,18.99,2016-11-01,8000,0,35451,50000,6094,65,7,22,7,11,687,0.2218279015751931,0,1,0,1
14.13,95327931,3,7.24,2016-12-01,15000,0,65943,131000,10590,225,4,119,10,25,772,0.2258930782682992,1,0,0,0
32.29,94086305,3,14.99,2016-12-01,4200,0,19712,42000,5452,249,5,77,6,25,667,0.24178857354630912,0,1,0,1
15.1,92513311,2,11.49,2016-11-01,2300,0,4940,15500,4940,386,2,232,5,5,667,0.2508940045575526,1,0,0,1
14.18,93368541,0,6.99,2016-11-01,4000,0,268753,80000,7886,105,3,145,17,17,737,0.23093607081390768,0,0,0,1
13.2,94330843,8,13.99,2016-11-01,5400,0,53637,50000,8763,64,12,52,2,7,712,0.2508940045575526,0,1,1,0
21.45,94706338,4,11.44,2016-12-01,28800,0,370886,96000,5612,191,5,204,10,12,712,0.21910964887857984,0,0,0,1
17.83,90965740,1,26.99,2016-10-01,12000,1,25229,50000,15998,158,7,179,4,13,707,0.2398335190568419,0,0,0,1
12.08,91893266,3,11.39,2016-11-01,10000,0,300912,130000,22253,470,4,194,2,14,752,0.2262116396218806,1,0,1,0
8.03,90147227,5,11.44,2016-10-01,10000,0,223490,85000,3589,216,3,108,4,23,692,0.2508940045575526,0,1,1,0
15.18,91773954,3,7.99,2016-11-01,6600,0,340528,110000,2183,230,6,135,6,6,757,0.2258930782682992,0,0,0,1
34.98,94344170,9,15.99,2016-12-01,33075,0,681618.6899999992,89000,32521,213,8,124,4,4,697,0.2258930782682992,0,0,0,1
17.6,91153343,2,24.99,2016-10-01,15000,0,27274,60000,6130,192,7,120,5,16,662,0.2508940045575526,0,1,0,1
15.25,91100993,3,26.99,2016-10-01,16800,1,41209,65000,8371,128,8,121,3,61,692,0.2258930782682992,0,1,0,1
8.48,92481330,1,11.44,2016-11-01,30000,0,206119,96000,27838,311,1,142,11,25,702,0.23093607081390768,0,0,1,0
23.62,91773217,2,11.49,2016-10-01,5000,1,121886,50000,35715,175,4,168,10,35,682,0.22820244156389516,0,0,0,1
18.28,94223726,2,16.99,2016-12-01,8700,0,19080,44000,11781,220,6,112,3,3,702,0.24405029299643655,0,1,1,0
5.31,94205830,0,8.24,2016-12-01,5000,0,5267,40000,5267,150,3,116,19,42,662,0.22820244156389516,0,1,1,0
25.82,91904205,3,14.99,2016-11-01,9600,0,42300,85000,9660,73,5,168,10,16,697,0.2258930782682992,0,1,0,1
28.03,93980458,0,14.99,2016-12-01,15000,1,49700,45000,6157,135,5,110,14,14,687,0.24772661201898094,0,1,0,1
26.64,93921961,2,21.49,2016-12-01,4500,1,56579,15000,56579,437,4,108,9,9,687,0.2367977506586332,1,0,0,1
23.54,94087975,0,7.24,2016-12-01,7500,1,96731,144500,39699,404,5,115,6,6,722,0.2398335190568419,0,1,0,0
31.68,95131014,4,13.49,2016-12-01,16000,0,70705,38000,10755,136,11,140,5,15,707,0.25400944474180537,0,1,0,1
34.99,91207656,0,23.99,2016-10-01,18650,0,57195,53000,13306,147,7,103,2,3,662,0.2258930782682992,0,1,1,0
32.9,91914289,10,13.99,2016-10-01,3200,0,94686,36000,6147,45,6,73,3,19,682,0.22964600222399478,0,1,0,1
30.3,95271935,2,18.99,2016-12-01,30300,0,185644,65000,21821,181,3,106,14,14,712,0.25400944474180537,0,0,1,0
6.96,94291930,2,11.49,2016-12-01,9600,0,20410,65000,3228,203,5,8,2,4,697,0.16197620383450775,0,1,1,0
23.92,92143555,1,10.49,2016-10-01,20000,1,219660,70000,15550,391,7,143,5,10,742,0.3029734287056215,0,0,0,0
2.65,91062173,4,13.49,2016-10-01,2400,0,20561,53000,260,42,7,129,3,5,762,0.2398335190568419,0,0,0,1
14.18,91704595,2,10.49,2016-10-01,15000,0,14915,53000,6173,250,6,185,7,25,682,0.24405029299643655,1,0,0,0
29.1,94055211,0,17.99,2016-11-01,35000,0,206187,100000,51410,174,4,201,8,8,692,0.24236974246031542,0,0,0,1
22.9,91984647,5,11.39,2016-10-01,9000,0,122188,71000,66998,156,8,133,3,3,717,0.2367977506586332,0,0,0,0
14.1,91691332,2,17.99,2016-10-01,5000,0,19414,40000,754,53,5,2,1,1,727,0.2398335190568419,0,1,1,0
11.81,93760407,3,17.99,2016-11-01,10000,0,14040,50000,12705,328,8,131,4,4,697,0.23093607081390768,0,0,0,0
8.07,90965487,1,10.99,2016-10-01,30000,0,681618.6899999992,160000,20230,269,2,167,12,12,682,0.2258930782682992,0,0,1,0
24.06,95638948,1,13.99,2016-12-01,10000,0,26322,47000,15375,187,5,102,3,4,672,0.2258930782682992,0,1,0,0
22.94,92044245,3,18.99,2016-10-01,15000,0,37285,42000,17201,125,9,143,8,8,667,0.3029734287056215,1,0,0,0
16.3,91002484,5,17.99,2016-10-01,35000,0,222656,200000,46109,94,4,99,6,15,662,0.1089257395525156,0,0,1,0
15.93,93953357,2,25.49,2016-11-01,35000,0,431087,137000,15592,234,7,128,6,10,682,0.2398335190568419,0,0,1,0
19.07,91129210,3,12.79,2016-10-01,1600,0,46026,36000,1957,136,4,154,5,34,697,0.2367977506586332,0,1,1,0
26.38,92350964,2,12.74,2016-11-01,20000,0,57749,72000,3122,52,6,73,10,40,667,0.24038555719815624,0,0,1,0
31.53,91202093,0,11.49,2016-10-01,7000,0,280242,120000,32013,68,8,197,14,14,707,0.2218279015751931,0,0,1,0
5,90511752,7,13.49,2016-10-01,3600,0,22209,89828,14968,178,6,149,3,3,662,0.24178857354630912,1,0,0,1
29.26,91953292,7,18.99,2016-10-01,15000,0,59717,54500,11736,125,16,121,4,16,692,0.24178857354630912,1,0,0,1
13.75,93687707,3,19.99,2016-11-01,7000,1,230253,55000,9685,92,3,75,1,1,672,0.24178857354630912,0,0,0,0
15.29,91958656,3,13.99,2016-10-01,15000,0,384566,150000,17816,133,8,116,8,8,687,0.2262116396218806,0,0,0,0
32.53,96173148,2,21.49,2016-12-01,12975,0,195839,45000,16230,203,4,142,6,25,712,0.2508940045575526,0,0,0,1
2.17,94297569,2,11.44,2016-12-01,4500,0,151762,77000,2927,174,1,137,4,4,682,0.2367977506586332,0,1,1,0
25.48,94083155,3,12.74,2016-12-01,8000,1,161329,60000,5882,119,9,94,4,5,762,0.21658368254620217,0,1,1,0
9.63,92817538,2,26.99,2016-11-01,14000,1,8107,40000,2669,47,4,137,7,7,692,0.21658368254620217,0,1,0,1
31.15,92320690,5,16.99,2016-11-01,10000,0,248445,67000,21708,153,4,119,5,42,692,0.2586338582330572,0,0,0,1
32.33,95397381,3,16.99,2016-12-01,35000,0,275727,100000,16597,113,12,130,4,24,677,0.22541344615680733,0,0,0,1
34.25,95277753,0,8.24,2016-12-01,15000,1,328730,56000,25777,207,7,53,3,3,712,0.24405029299643655,0,0,0,1
4.58,92460496,1,19.99,2016-11-01,4500,0,4727,60000,4727,113,4,89,1,16,667,0.21470648544797244,0,1,0,1
22.96,91963176,3,5.32,2016-10-01,10000,0,254008,100000,14251,178,6,127,3,3,727,0.2398335190568419,0,0,0,0
14.39,95230115,1,18.99,2016-12-01,28000,0,223246,125000,31228,194,4,111,0,9,662,0.2367977506586332,0,0,0,1
15.34,95547631,3,8.24,2016-12-01,1800,0,21391,50000,8953,79,8,161,1,1,702,0.23846830760717275,0,1,1,0
30.63,93071699,1,6.99,2016-11-01,31500,0,533914,260000,105349.48000000001,392,5,133,2,7,707,0.19155677855117656,0,0,0,0
23.18,91182810,4,8.99,2016-10-01,16000,0,272185,109000,18496,306,9,171,4,4,692,0.26936207385807537,0,0,0,0
9,90915788,1,11.49,2016-10-01,8000,1,10029,38000,5448,236,2,142,7,10,742,0.24772661201898094,0,1,1,0
14.93,92430287,4,12.74,2016-11-01,12000,0,263231,70000,8451,27,7,118,7,7,662,0.23846830760717275,0,0,1,0
5.76,94025525,4,14.99,2016-12-01,20000,0,569022,130000,25356,323,8,143,3,11,667,0.2258930782682992,0,0,1,0
18.04,92173902,1,11.49,2016-10-01,7000,1,16993,32000,6009,253,3,110,7,7,687,0.24236974246031542,0,1,0,1
18.63,94388264,1,15.99,2016-12-01,15600,0,24430,50000,6258,83,7,124,7,76,747,0.2258930782682992,0,1,1,0
18.51,95654726,2,12.74,2016-12-01,35000,0,70368,150000,7731,412,10,195,0,2,792,0.2258930782682992,0,1,0,1
9.67,94203750,1,12.74,2016-12-01,18425,0,11031,50000,4208,157,2,125,11,11,732,0.14194112958139316,0,1,0,0
15.45,93513861,12,13.49,2016-11-01,4000,1,34717,65000,8019,52,10,62,4,4,712,0.24236974246031542,0,1,1,0
6.96,91674880,0,15.99,2016-10-01,25000,0,11509,73634,2,187,0,148,29,29,692,0.2258930782682992,0,1,0,1
9.16,90194989,2,14.49,2016-10-01,9600,0,241123,45000,3704,269,4,131,0,1,662,0.2586338582330572,0,1,0,1
20.03,92575557,2,8.24,2016-11-01,10000,0,203514,60000,18240,106,4,103,2,18,712,0.2294121971136406,0,0,0,0
2.66,91934319,6,12.74,2016-10-01,8500,0,13999,70000,5272,131,5,132,0,16,697,0.1935332077454842,0,0,1,0
12.87,94416969,1,11.49,2016-12-01,3000,1,9411,40000,3428,131,4,29,9,20,667,0.2258930782682992,0,1,1,0
17.44,92359543,4,12.74,2016-11-01,12000,1,41736,60000,5532,41,4,44,4,27,667,0.2367977506586332,0,1,1,0
13.48,93614390,0,11.44,2016-11-01,5000,0,21071,70000,4363,30,3,139,3,3,727,0.2258930782682992,0,1,0,1
10.05,93793160,2,8.24,2016-11-01,2400,0,28282,72000,954,208,3,142,15,58,802,0.16180741466312665,0,0,0,0
18.46,93761607,1,24.74,2016-11-01,15950,1,45846,42000,4538,26,6,215,1,26,662,0.2586338582330572,0,1,1,0
10.72,91713299,2,13.49,2016-10-01,20000,0,213676,56000,8554,288,3,148,14,14,722,0.16337446126458402,0,0,1,0
32.38,92562768,1,14.99,2016-11-01,11200,0,94208,54000,29504,161,4,172,14,47,722,0.2586338582330572,0,1,0,0
9.25,90601226,5,10.99,2016-10-01,35000,1,74148,260000,21194,198,4,65,4,4,712,0.23846830760717275,0,1,1,0
12.52,94462636,3,18.99,2016-12-01,11400,1,11455,30000,11455,250,2,177,8,8,707,0.24772661201898094,1,0,0,1
25.24,91151970,6,8.24,2016-10-01,14400,1,98667,128000,27943,189,8,149,1,9,697,0.2258930782682992,0,0,1,0
10.18,94000094,0,24.74,2016-11-01,24000,0,34629,125000,9799,64,3,71,3,13,667,0.2258930782682992,0,1,1,0
15.15,94750913,0,8.24,2016-12-01,10000,0,62337,75000,62090,237,6,165,11,76,672,0.2258930782682992,0,1,1,0
24.6,93554648,1,13.49,2016-11-01,1500,0,52030,24000,4170,37,2,56,12,37,707,0.26936207385807537,0,1,1,0
20.15,92589057,0,18.99,2016-11-01,5600,0,305403,184000,52379,190,6,168,4,14,702,0.22820244156389516,0,0,1,0
8.21,91071848,1,6.99,2016-11-01,35000,0,615691,260000,9623,332,8,104,3,3,707,0.22541344615680733,0,0,1,0
14.46,94297338,1,13.49,2016-12-01,4150,0,15125,28800,1499,30,2,67,5,5,692,0.24178857354630912,0,1,1,0
13.37,95003031,2,11.49,2016-12-01,5000,0,130093,55000,3395,152,7,135,3,3,722,0.2367977506586332,0,0,1,0
2.99,93626209,2,11.49,2016-12-01,12000,0,41176,65000,6517,95,1,133,5,95,692,0.2586338582330572,0,0,1,0
28.72,91101487,0,8.59,2016-10-01,20000,0,38474,60000,12735,344,2,156,16,20,707,0.2258930782682992,0,1,0,0
18.23,94070626,1,11.44,2016-12-01,24000,0,196691,95000,20879,72,3,26,18,21,712,0.2508940045575526,0,0,1,0
25.79,94676689,3,7.24,2016-12-01,10000,0,51450,68000,9738,463,7,122,8,24,712,0.22820244156389516,0,0,0,0
13.95,91353406,2,10.99,2016-10-01,1200,0,247787,75000,5047,108,5,129,2,31,767,0.2508940045575526,1,0,0,0
25.25,92400390,2,11.49,2016-11-01,13800,0,45526,50000,23232,315,3,123,5,5,712,0.23093607081390768,1,0,0,0
11.01,91200378,4,21.49,2016-10-01,10000,0,253449,85008,7455,358,5,154,3,19,697,0.22541344615680733,0,0,1,0
15.11,95875414,11,21.49,2016-12-01,8000,1,36688,84000,1107,80,10,212,1,6,697,0.24236974246031542,0,1,1,0
19.49,94292371,0,11.39,2016-12-01,10000,0,31712,50000,6360,141,3,60,17,30,687,0.2586338582330572,0,1,1,0
15,90856619,1,14.49,2016-10-01,5000,0,7921,42000,7301,133,0,66,39,133,727,0.2258930782682992,0,1,1,0
17.16,95038693,1,10.49,2016-12-01,3000,0,59129,40000,4259,251,2,123,2,8,677,0.16402453469631748,0,0,0,0
19.02,95070283,0,11.44,2016-12-01,10000,0,35339,34600,7594,121,3,119,5,5,677,0.2398335190568419,1,0,1,0
14.04,92094402,2,5.32,2016-11-01,5600,0,80371,33000,5303,135,3,134,6,6,747,0.1935332077454842,0,0,1,0
25.85,89818677,0,13.49,2016-10-01,24000,0,112899,145000,60328,470,1,141,16,50,722,0.2367977506586332,0,0,0,0
26.82,93653035,6,22.74,2016-11-01,12000,1,221235,75000,6214,158,14,127,8,11,702,0.2218279015751931,1,0,0,1
27.58,93327343,1,14.99,2016-11-01,4875,1,74677,14400,2940,25,6,93,4,11,717,0.2258930782682992,0,1,0,1
24.64,94298991,6,26.99,2016-12-01,20000,0,62997,70000,17968,91,6,119,5,16,667,0.24772661201898094,0,1,0,1
11.51,94142979,1,5.32,2016-12-01,35000,0,326579,240000,39334,284,9,194,4,6,807,0.25220620065309657,0,0,0,1
17.09,95123381,2,14.99,2016-12-01,35000,0,399896,100000,14697,153,9,145,6,7,712,0.2258930782682992,0,0,1,0
22.75,95277079,2,11.49,2016-12-01,3600,0,106281,14400,4830,66,4,87,10,22,697,0.24772661201898094,1,0,0,1
23.05,92053115,2,7.99,2016-10-01,1800,0,227143,52800,2247,140,10,120,2,13,792,0.19155677855117656,1,0,0,0
9.4,91253949,7,8.99,2016-10-01,2800,0,63313,145000,5247,183,2,168,4,72,692,0.24772661201898094,0,0,0,0
29.84,92892072,0,15.99,2016-11-01,8000,0,46654,56465,6988,115,4,183,8,12,682,0.26936207385807537,0,0,0,0
16.12,94421839,3,13.49,2016-12-01,22000,0,324141,95000,21596,151,5,224,8,8,682,0.2294121971136406,0,0,0,1
5.94,90825475,4,11.49,2016-10-01,24000,0,23035,115000,3861,226,4,161,7,7,767,0.2258930782682992,1,0,1,0
27.41,92240812,3,18.99,2016-11-01,20000,0,409689,70000,17633,149,9,142,5,10,737,0.21658368254620217,0,0,0,0
16.48,93819630,0,12.74,2016-12-01,12000,0,60938,105000,21933,280,4,162,3,3,672,0.19155677855117656,0,1,0,1
21.58,91172349,3,15.59,2016-10-01,22650,0,99860,50000,24299,115,2,98,12,73,712,0.2367977506586332,0,0,0,1
16.53,90681629,3,10.99,2016-10-01,6250,1,220700,94000,9324,74,3,131,6,74,707,0.22820244156389516,0,0,1,0
23.89,92270873,2,11.44,2016-11-01,5000,0,111776,32000,5258,31,3,63,6,19,717,0.24178857354630912,0,0,0,1
12.87,92845570,2,14.99,2016-11-01,17000,0,14017,65000,5251,155,2,276,4,4,677,0.2962466441080822,0,0,0,0
13.17,91913956,3,13.49,2016-10-01,15200,0,127840,85000,7284,129,10,125,2,24,677,0.25450503330821056,1,0,1,0
1.08,95111300,0,8.24,2016-12-01,10000,1,634,30000,634,240,0,129,39,101,767,0.21910964887857984,1,0,1,0
19.26,92023143,0,11.39,2016-10-01,30000,1,178120,165000,12706,290,2,134,12,100,687,0.22820244156389516,0,1,0,1
11.96,94347346,0,11.44,2016-11-01,9600,0,55545,54000,7071,203,5,123,2,11,707,0.14194112958139316,0,1,1,0
14.39,91332522,1,5.32,2016-10-01,16800,0,563594,260000,105349.48000000001,377,6,156,4,100,702,0.24772661201898094,0,0,1,0
9.42,94380679,7,12.74,2016-12-01,9000,0,20497,54000,11393,52,2,12,10,10,682,0.2218279015751931,0,1,1,0
29.79,91132249,0,18.99,2016-10-01,35000,0,159717,135000,9312,208,7,159,2,2,687,0.23846830760717275,0,1,0,0
28.36,95369243,3,11.44,2016-12-01,24000,0,376493,90000,17705,308,9,88,3,7,697,0.16180741466312665,0,0,1,0
22.63,91843506,1,13.99,2016-10-01,4875,0,11017,21903,2345,40,1,30,2,40,702,0.2258930782682992,0,1,1,0
34.11,91157806,5,8.99,2016-10-01,10000,0,152904,50000,10516,215,4,127,2,52,772,0.22820244156389516,0,0,0,0
15.96,93770638,0,13.99,2016-12-01,22000,0,211973,95000,29191,152,4,152,6,6,702,0.24236974246031542,0,0,0,1
26.93,95021655,2,13.99,2016-12-01,35000,0,414715,175000,61690,290,7,130,6,11,677,0.2367977506586332,0,0,1,0
4.2,92525170,2,18.99,2016-11-01,10000,0,4475,30000,4475,115,0,98,32,32,662,0.24405029299643655,0,1,1,0
4.37,92432086,1,15.99,2016-11-01,19625,0,254070,175000,3117,120,8,135,7,12,662,0.24102227492165665,0,0,1,0
18.25,91092393,2,5.32,2016-10-01,11200,0,215094,62000,65910,356,3,72,15,18,712,0.2258930782682992,0,0,0,0
11.39,93891705,1,12.74,2016-11-01,19350,0,426361,120000,20253,245,6,124,2,7,667,0.2398335190568419,0,0,0,0
27.71,93698476,1,18.99,2016-11-01,5900,1,17443,22000,17443,470,2,57,4,4,677,0.2398335190568419,0,1,0,1
22.59,91385608,2,22.74,2016-10-01,13000,1,41805,45000,12112,214,3,135,2,2,672,0.26220086013005467,0,1,1,0
34.11,93933226,2,7.49,2016-11-01,8000,0,176851,45000,5876,116,6,122,6,9,727,0.3133839123580087,0,0,0,0
11.4,93307239,0,11.49,2016-11-01,8400,0,15368,40000,4942,117,2,120,10,10,682,0.2258930782682992,0,1,1,0
16.44,92629182,5,10.49,2016-11-01,12000,0,100769,115000,4111,151,9,129,1,11,697,0.22820244156389516,0,0,0,0
17.33,91017695,1,9.49,2016-10-01,20000,0,32468,54000,25145,151,2,152,18,18,732,0.2398335190568419,0,0,0,0
18.66,93749161,10,12.74,2016-11-01,3000,0,26905,44000,814,110,5,276,2,11,677,0.22964600222399478,1,0,1,0
0.6,96053887,4,12.74,2016-12-01,12000,0,280832,50000,1291,268,2,105,17,17,842,0.2398335190568419,1,0,0,0
17.95,91189613,0,11.49,2016-10-01,15000,0,23683,50000,10717,118,8,18,2,2,707,0.25400944474180537,1,0,0,0
13.66,91340131,3,18.99,2016-10-01,20000,0,58746,100000,22444,65,4,146,8,42,672,0.2586338582330572,0,0,1,0
39.948699999999995,91983692,3,12.74,2016-11-01,35000,0,190894,12000,11038,192,3,110,2,62,692,0.3029734287056215,0,0,0,0
16.75,94257770,5,17.99,2016-11-01,3550,0,134184,75000,950,17,16,241,1,1,687,0.23846830760717275,0,1,0,0
25.23,90236924,0,21.49,2016-10-01,12000,0,21535,40000,14380,277,7,128,1,1,712,0.2262116396218806,0,1,0,0
20.52,93990082,0,8.24,2016-11-01,3300,0,18752,40000,3901,120,5,128,3,51,712,0.25400944474180537,0,1,1,0
14.51,91473820,1,18.99,2016-10-01,28000,0,155703,75000,31979,254,9,264,4,10,707,0.24236974246031542,0,0,0,0
2.41,91057926,1,10.99,2016-10-01,25000,0,264917,165000,9991,112,4,103,5,5,767,0.2218279015751931,1,0,0,1
21.48,91339392,0,13.99,2016-10-01,8000,0,19828,40000,10467,218,1,139,11,47,712,0.24178857354630912,0,1,1,0
13.33,91061277,5,12.79,2016-10-01,5000,0,197944,126000,14396,145,5,146,5,7,707,0.2398335190568419,0,1,0,1
31.5,91659165,3,11.49,2016-10-01,4250,1,299706,63000,15221,149,11,134,2,2,697,0.22820244156389516,0,0,0,1
18.06,91454513,3,11.49,2016-10-01,11825,0,21658,48500,9818,210,9,27,1,1,752,0.2258930782682992,0,1,0,0
27.93,93900473,4,13.99,2016-12-01,11200,1,36240,48000,16412,470,9,149,5,5,667,0.2586338582330572,0,1,1,0
11.58,91305964,1,13.49,2016-10-01,9000,1,83834,55120,5738,169,5,124,6,14,667,0.2398335190568419,0,0,1,0
10.87,94448829,1,7.49,2016-12-01,5000,0,52238,55000,874,112,5,123,6,30,767,0.2398335190568419,0,1,0,0
7.15,95008268,4,12.74,2016-12-01,10000,0,275497,110000,8203,71,11,26,3,3,672,0.2367977506586332,0,0,0,0
29.98,95058259,8,13.49,2016-12-01,15000,0,70177,64802,8846,231,5,124,5,5,702,0.22820244156389516,0,0,0,0
7.79,92240997,4,21.49,2016-10-01,35000,0,414677,200000,25015,174,6,102,10,10,662,0.1764017439336834,0,0,1,0
26.7,94351128,2,25.49,2016-12-01,27850,1,226732,60000,12990,128,2,170,10,43,677,0.19155677855117656,0,0,0,1
26.16,92420133,2,14.99,2016-11-01,1800,0,220492,89045,30248,307,5,197,1,27,672,0.26936207385807537,0,0,0,1
13.31,94256156,2,11.44,2016-11-01,24000,0,57078,65000,17257,264,11,116,3,3,742,0.2258930782682992,0,0,0,0
13.96,93368866,1,13.49,2016-11-01,5600,0,10258,30000,7461,188,2,125,4,25,717,0.2398335190568419,0,1,0,1
11.72,93463974,0,16.99,2016-11-01,8650,0,22720,55000,3214,28,7,126,1,1,747,0.22541344615680733,0,1,0,1
13.61,95048258,3,5.32,2016-12-01,24000,0,97694,163000,77,211,9,87,5,5,817,0.22820244156389516,0,0,1,0
18.88,95357019,6,17.99,2016-12-01,1600,0,162902,34000,2580,38,3,103,9,38,712,0.23846830760717275,0,0,1,0
14.79,95322951,6,15.99,2016-12-01,22000,0,40901,112000,7694,234,4,114,9,27,667,0.2258930782682992,0,0,0,1
8.23,95365543,0,8.24,2016-12-01,3500,0,73469,35000,977,60,4,144,12,12,707,0.2508940045575526,1,0,1,0
17.34,93471225,0,14.99,2016-11-01,15000,1,11095,38000,7919,144,0,130,35,43,712,0.2258930782682992,0,1,1,0
17.72,91296961,0,8.99,2016-10-01,15000,0,32253,55000,28657,453,2,106,18,103,767,0.21658368254620217,1,0,0,0
16.68,91455004,1,13.99,2016-10-01,12000,0,22875,40000,2129,146,3,136,5,6,712,0.24405029299643655,1,0,1,0
25.43,95268602,0,22.74,2016-12-01,20000,1,31266,52000,15252,223,5,105,12,16,672,0.3133839123580087,1,0,0,1
8.57,91488652,0,13.99,2016-10-01,2200,0,67269,36000,1142,150,2,149,24,24,677,0.2258930782682992,0,1,1,0
33.97,93317217,1,12.74,2016-11-01,9100,0,94078,90000,28140,263,4,142,6,38,727,0.19155677855117656,0,0,1,0
33.5,91295320,1,24.49,2016-10-01,25200,0,47267,71000,20608,54,10,69,4,4,687,0.2367977506586332,0,0,0,0
23.55,92818355,0,11.44,2016-11-01,12550,0,16454,33000,12233,130,0,162,25,35,707,0.2367977506586332,0,1,1,0
14.68,95212296,1,15.99,2016-12-01,12000,1,13239,30000,5215,259,0,142,39,53,697,0.2367977506586332,0,0,1,0
17.13,95068721,1,21.49,2016-12-01,8000,0,19678,37000,8763,36,5,145,8,8,672,0.2398335190568419,0,1,0,0
25.54,92577599,0,8.24,2016-11-01,12000,0,326069,98000,12875,262,1,154,13,32,662,0.24038555719815624,0,0,1,0
24.46,94353297,3,17.99,2016-12-01,12000,1,36176,58000,19747,175,16,106,2,2,697,0.2508940045575526,0,1,0,1
11.84,93031732,0,11.49,2016-11-01,6000,0,33125,100500,11758,430,4,45,1,16,697,0.24236974246031542,0,1,1,0
19.72,93994519,3,12.74,2016-12-01,10000,0,32568,65000,4384,256,5,126,1,1,662,0.2586338582330572,0,1,0,0
20.83,95276554,0,19.99,2016-12-01,30000,1,95511,94000,12614,117,1,136,24,24,682,0.24405029299643655,0,1,0,1
15.9,93429083,5,18.99,2016-11-01,35000,0,85987,150000,39573,55,15,168,1,7,677,0.2258930782682992,0,1,0,1
5.1,93994106,2,13.99,2016-11-01,1500,0,150433,31500,2295,31,5,45,5,8,707,0.22820244156389516,0,0,1,0
10.15,91493648,1,16.99,2016-10-01,5000,0,5572,22000,3592,294,1,64,15,57,667,0.2508940045575526,0,0,1,0
19.08,92432114,1,8.24,2016-11-01,9000,0,233565,80000,17361,333,3,169,8,8,677,0.16402453469631748,0,0,1,0
6.86,91964957,0,10.49,2016-11-01,10000,0,519664,260000,9750,173,6,182,4,23,697,0.26936207385807537,0,0,0,1
14.03,91201510,2,12.79,2016-10-01,16000,0,36044,78000,20297,182,5,122,6,6,687,0.2218279015751931,0,0,1,0
30.42,93452275,10,18.99,2016-11-01,5000,0,127581,26000,4786,202,3,141,11,11,672,0.26220086013005467,0,0,0,1
21.83,91284516,1,14.49,2016-10-01,2000,0,21044,52000,8029,49,8,119,2,2,682,0.2398335190568419,1,0,1,0
24.63,93711389,3,7.49,2016-11-01,9800,0,132729,48000,7257,250,6,147,10,13,742,0.24236974246031542,0,0,0,0
21.01,91610987,0,10.49,2016-10-01,16000,0,23906,55000,6034,146,2,126,17,31,707,0.19155677855117656,0,1,0,0
15.32,91448023,2,11.39,2016-10-01,12000,1,118140,64000,12736,181,5,125,8,19,662,0.2258930782682992,0,1,1,0
17.19,92247607,4,14.99,2016-11-01,14000,0,82711,55000,14389,126,5,126,12,12,677,0.22820244156389516,0,1,1,0
26.85,92500627,3,24.74,2016-11-01,15275,0,228225,51000,16117,66,11,98,3,12,662,0.22820244156389516,0,0,0,1
18.87,94469107,2,11.44,2016-12-01,3500,0,19064,27600,3623,145,2,74,5,6,672,0.2258930782682992,0,1,0,1
11.43,95273766,1,11.49,2016-12-01,2200,0,10474,40000,6707,56,5,56,5,5,697,0.24236974246031542,0,1,1,0
8.9,93112973,6,19.99,2016-11-01,9925,0,563204,110000,1258,211,8,159,3,11,677,0.23093607081390768,0,0,1,0
25.38,90197122,0,24.49,2016-10-01,27000,1,41602,75000,2982,388,9,150,2,148,662,0.2258930782682992,0,1,1,0
11.53,90681865,0,12.79,2016-10-01,12000,0,8447,43000,3006,33,5,49,4,21,732,0.2367977506586332,0,1,1,0
13.62,91127406,6,13.49,2016-10-01,5000,0,30576,85000,5644,400,2,129,3,3,662,0.2258930782682992,0,0,1,0
12.47,93762487,5,11.49,2016-11-01,10200,0,112782,56000,8558,308,9,25,3,10,727,0.1764017439336834,0,0,0,0
0.79,93910787,1,11.44,2016-11-01,30000,0,105660,76000,2627,65,9,74,5,7,702,0.21658368254620217,0,1,1,0
24.53,91544473,5,11.49,2016-10-01,20675,0,374292,142000,26505,241,7,230,5,5,712,0.2218279015751931,0,0,0,1
22.18,91394826,1,19.99,2016-10-01,5000,1,258771,105000,25521,117,8,97,4,5,672,0.2258930782682992,0,0,1,0
16.89,91724168,1,11.39,2016-10-01,6000,1,326766,80000,5097,67,4,84,1,9,662,0.278503507164471,1,0,1,0
8.44,94397131,11,16.99,2016-12-01,7800,0,7528,45000,7528,151,6,133,1,2,682,0.2218279015751931,0,1,0,1
17.21,88849051,2,17.99,2016-10-01,16300,0,131215,32600,4319,54,6,11,4,4,692,0.19155677855117656,0,0,0,0
23.78,91331918,0,16.99,2016-10-01,35000,1,205790,107000,49874,259,3,253,24,44,672,0.3133839123580087,0,0,1,0
2.98,90955148,0,9.49,2016-10-01,5000,0,7308,85000,3929,150,3,127,17,19,697,0.2258930782682992,0,1,0,0
15.11,93999643,1,11.49,2016-12-01,35000,0,49477,105091,34562,470,4,161,4,5,692,0.16180741466312665,0,1,1,0
12.94,95180218,1,11.39,2016-12-01,23000,1,21267,100000,17433,386,3,141,1,6,677,0.23093607081390768,0,1,1,0
20.61,91993701,0,13.49,2016-10-01,10000,0,88531,51000,8619,131,0,144,39,46,682,0.2398335190568419,0,0,0,0
22.37,91445394,2,13.99,2016-10-01,15000,1,168348,149000,65128,342,6,254,2,16,677,0.2398335190568419,1,0,1,0
15.29,92230008,2,11.39,2016-10-01,5000,0,35563,40976,7388,21,4,62,6,21,712,0.24038555719815624,0,1,1,0
11.04,94150240,0,10.49,2016-12-01,6000,0,10671,35000,2450,141,1,122,17,30,777,0.2398335190568419,1,0,0,0
21.95,94486916,5,14.99,2016-12-01,14225,0,137212,37500,10544,67,5,23,7,14,662,0.22964600222399478,0,0,1,0
15.83,92411548,5,22.74,2016-11-01,20400,1,195895,56567,4608,184,6,265,3,6,667,0.16337446126458402,0,0,0,1
30.95,91485861,6,15.99,2016-10-01,20000,0,275940,28000,12631,223,3,9,7,28,662,0.24772661201898094,0,0,0,1
5.78,93780677,1,12.74,2016-11-01,7000,0,6559,55000,6559,193,6,119,9,9,662,0.24178857354630912,0,1,1,0
34.57,91081503,12,16.99,2016-10-01,16000,0,54694,44500,3989,143,5,131,6,7,662,0.16337446126458402,0,1,0,1
10.65,91656945,2,17.99,2016-10-01,6000,0,13577,44000,6967,121,7,131,2,2,692,0.2218279015751931,0,1,0,1
12.71,92044628,1,18.99,2016-10-01,4000,0,20295,56000,2113,203,3,163,4,37,722,0.2586338582330572,0,1,1,0
29.08,91169677,3,26.99,2016-10-01,21000,1,201463,60000,26420,145,9,156,2,2,692,0.21658368254620217,0,0,0,1
5.98,92717222,0,13.49,2016-11-01,20000,0,12533,100000,4640,150,1,137,20,35,672,0.2398335190568419,1,0,1,0
17.53,95198655,6,26.24,2016-12-01,6000,0,24006,40726,1225,132,7,111,3,3,702,0.3029734287056215,0,1,1,0
8.39,95192500,0,13.49,2016-12-01,9600,0,25220,115000,3229,391,2,145,13,26,662,0.1764017439336834,0,1,1,0
18.15,94189619,0,24.74,2016-12-01,15000,0,28613,48000,8729,114,3,53,4,4,692,0.21658368254620217,0,1,1,0
16.8,90945693,9,24.99,2016-10-01,16650,1,386736,125000,13422,470,9,157,0,0,677,0.22820244156389516,0,0,1,0
17.27,93705422,1,16.99,2016-11-01,16200,0,28850,42668,17153,238,6,112,6,6,727,0.2398335190568419,0,0,0,1
31.13,94357600,4,24.74,2016-12-01,7200,0,67356,55900,5308,142,5,41,6,20,687,0.2367977506586332,1,0,0,1
25.54,92054561,0,18.99,2016-10-01,13350,1,25143,53000,16546,131,4,47,19,33,667,0.2367977506586332,0,1,1,0
17.35,93327503,0,11.39,2016-11-01,31500,0,153158,101000,10295,171,2,276,4,128,762,0.2508940045575526,0,0,0,1
25.42,94606483,10,19.99,2016-12-01,32000,1,347407,140000,16503,200,7,134,5,16,662,0.24405029299643655,0,0,0,1
14.76,91943610,1,13.99,2016-10-01,2375,0,489805,60000,10473,196,6,11,2,10,667,0.2398335190568419,1,0,1,0
29.89,88959570,2,13.99,2016-10-01,32000,1,436060,125000,44852,251,6,124,3,3,672,0.22820244156389516,0,0,1,0
7.1,95241095,4,17.99,2016-12-01,12000,0,261026,70000,9295,128,3,155,7,38,707,0.23093607081390768,1,0,0,0
15.92,94059003,2,7.49,2016-12-01,10000,1,192189,75000,8952,62,6,185,4,4,702,0.2262116396218806,0,0,0,0
11.52,95236369,4,15.99,2016-12-01,3000,0,11138,35000,2845,129,6,124,8,11,662,0.2258930782682992,0,1,1,0
20.7,93612783,2,26.99,2016-11-01,25200,0,36819,75000,13480,124,6,91,3,6,667,0.24405029299643655,0,1,0,1
25.16,91635676,1,26.24,2016-10-01,19600,1,28224,48500,7725,82,10,79,5,5,702,0.3133839123580087,1,0,0,1
11.54,93428249,1,12.74,2016-11-01,7000,0,154345,65000,2163,233,4,10,3,36,692,0.22820244156389516,0,0,1,0
21.11,93412415,2,17.99,2016-11-01,8000,1,32744,20064,3944,109,3,133,3,3,707,0.2398335190568419,0,1,0,1
24.45,95109934,2,16.99,2016-12-01,8000,1,37664,51480,5586,91,7,69,1,10,667,0.2586338582330572,1,0,0,0
24.9,93494225,1,17.99,2016-11-01,23500,0,118645,56000,28207,118,3,117,2,15,687,0.21658368254620217,0,0,1,0
10.16,92269396,1,10.49,2016-11-01,10000,0,94517,66963,12514,151,1,70,19,34,712,0.19155677855117656,0,0,0,0
11.11,93762764,0,6.99,2016-11-01,32000,0,228095,100000,33061,233,0,167,39,148,752,0.15873373683147546,0,0,1,0
27.75,92095416,1,12.74,2016-11-01,13000,0,25970,45500,11002,241,5,143,12,12,667,0.21658368254620217,0,1,0,1
10.68,93703798,1,8.24,2016-11-01,20000,0,74858,80000,12272,128,2,274,8,8,712,0.1764017439336834,0,1,1,0
33.03,93491202,1,21.49,2016-11-01,17425,0,284484,72000,2882,183,4,119,4,98,812,0.2962094049669217,0,0,1,0
30.15,91290573,1,16.99,2016-10-01,8000,0,193849,53448,4946,396,2,150,1,1,702,0.2435476551350135,0,0,1,0
21.84,93792278,1,8.24,2016-11-01,10500,0,161514,75000,14318,163,2,111,14,75,677,0.2508940045575526,1,0,0,1
15.1,91287992,0,7.59,2016-10-01,6000,0,256430,145000,4947,98,3,154,7,54,747,0.2586338582330572,0,0,1,0
8.94,91032247,4,6.99,2016-10-01,3000,0,17871,65000,3940,94,6,139,5,5,732,0.2398335190568419,0,1,1,0
19.09,93605875,3,8.24,2016-11-01,8000,0,24876,52000,8812,123,3,161,0,9,722,0.2258930782682992,0,1,0,0
20.82,94001992,8,16.99,2016-12-01,6000,1,295605,85000,9817,68,10,99,2,16,667,0.22820244156389516,0,0,1,0
26.8,93933119,1,16.99,2016-12-01,15000,0,30596,81000,13965,157,2,121,8,27,707,0.2258930782682992,0,1,0,1
28.49,95169305,3,18.99,2016-12-01,17250,0,199017,67524,8903,85,6,96,9,9,667,0.2367977506586332,0,0,0,1
20.82,93582405,1,11.49,2016-12-01,10075,0,15154,24000,15154,403,1,112,15,38,702,0.24178857354630912,1,0,0,1
12.72,94387559,5,26.99,2016-12-01,25600,0,250439,72000,0,55,8,92,8,8,707,0.2262116396218806,0,0,0,1
14.78,92962148,1,11.39,2016-11-01,6000,0,320349,80000,9569,109,4,56,11,11,712,0.1764017439336834,0,0,1,0
12.08,93378171,12,16.99,2016-11-01,6000,0,18731,65000,7108,99,14,126,4,9,662,0.24772661201898094,0,0,1,0
14.67,94851564,4,11.44,2016-12-01,1000,0,50797,127000,11444,243,11,181,5,5,727,0.2586338582330572,1,0,1,0
32.49,93893269,0,16.99,2016-12-01,7200,1,316963,52000,21905,263,1,104,6,6,682,0.2367977506586332,1,0,0,1
23.88,90161936,4,26.99,2016-10-01,18400,0,20254,40000,11560,51,8,13,1,1,687,0.2398335190568419,0,1,1,0
23.45,92103926,2,12.74,2016-10-01,35000,1,176062,123000,16843,305,8,32,5,5,732,0.24038555719815624,0,0,0,1
21.91,90706551,0,13.99,2016-10-01,9000,0,28433,35000,5598,46,3,180,2,2,662,0.2962094049669217,0,1,1,0
15.74,92440217,8,14.99,2016-11-01,24000,0,477528,90000,14770,123,5,120,2,8,722,0.23093607081390768,0,0,0,0
26.01,92015626,2,17.99,2016-11-01,35000,1,138540,120000,18819,287,7,156,4,4,687,0.22820244156389516,0,1,1,0
10.41,92003503,6,8.24,2016-10-01,7200,0,31545,79800,9130,253,4,130,7,10,667,0.24178857354630912,0,1,0,1
6.23,95331915,2,12.74,2016-12-01,5000,0,9833,98000,3113,163,2,22,12,12,677,0.2258930782682992,0,1,0,0
20.63,93718914,0,13.49,2016-11-01,18000,0,58995,110000,37532,274,2,149,22,22,667,0.30642352237957415,0,0,1,0
24.69,94165333,1,7.99,2016-12-01,12000,0,50851,60000,26185,203,5,155,10,10,712,0.16197620383450775,0,0,0,0
22.38,90936915,0,15.59,2016-10-01,10800,0,14148,40000,2019,55,4,15,9,16,712,0.2258930782682992,0,1,0,1
24,94057548,1,13.99,2016-12-01,12500,0,212989,58000,33387,322,1,121,19,74,692,0.26936207385807537,0,0,0,0
11.2,91965520,2,12.74,2016-10-01,23000,0,95508,145000,8409,282,6,178,8,16,682,0.22541344615680733,0,0,0,0
17.24,94254313,0,13.99,2016-12-01,12000,0,22117,54000,7779,112,3,101,16,31,667,0.25450503330821056,0,1,1,0
14.38,92238524,2,8.24,2016-10-01,2575,0,26773,53000,903,136,4,132,4,19,727,0.2586338582330572,0,1,0,0
15.21,92224755,0,5.32,2016-10-01,1200,0,13447,43000,12977,127,1,112,5,5,712,0.24772661201898094,1,0,0,0
27.74,92134722,4,26.99,2016-11-01,35000,1,494080,150000,61866,195,9,169,2,2,662,0.24236974246031542,0,0,0,1
8.9,92788205,3,8.24,2016-11-01,28000,0,292370,225000,31756,244,3,166,6,56,682,0.2367977506586332,0,0,1,0
24.75,92515730,1,17.99,2016-12-01,14250,0,211187,50000,15368,207,5,57,4,4,662,0.25400944474180537,0,0,0,1
8.48,92779376,6,13.99,2016-11-01,6000,0,130850,52000,5655,340,6,109,5,16,662,0.22820244156389516,0,0,1,0
23.84,95187666,2,22.74,2016-12-01,13800,1,41731,30000,6421,223,1,112,8,28,717,0.26220086013005467,0,0,0,0
14.75,90056003,1,6.99,2016-10-01,16000,0,33927,95000,19318,259,7,226,3,3,742,0.24405029299643655,0,1,0,0
14.6,94427374,1,13.49,2016-12-01,12000,0,32053,53500,15404,69,2,48,20,34,672,0.2398335190568419,0,1,0,1
20.68,91387052,4,16.99,2016-10-01,7500,0,209583,35000,7638,180,4,52,1,2,732,0.16180741466312665,0,0,0,0
32.14,93763317,4,7.49,2016-11-01,24000,0,373688,95000,17506,453,8,138,1,1,737,0.22541344615680733,0,0,0,0
10.2,91127934,6,13.99,2016-10-01,35000,0,462885,185000,32462,275,13,139,2,2,662,0.1764017439336834,0,0,0,1
24.08,91197491,1,8.59,2016-10-01,1000,0,35411,44800,112,159,10,61,1,16,772,0.24772661201898094,0,1,0,0
16.91,94147007,1,13.99,2016-11-01,20000,0,33761,65000,13981,302,6,163,3,10,672,0.16180741466312665,1,0,0,0
28.7,94479746,2,18.99,2016-12-01,16600,1,226819,51600,30585,438,2,105,15,19,712,0.1935332077454842,0,0,1,0
14.29,94486434,2,7.49,2016-12-01,8000,0,21346,55000,10492,181,2,153,10,49,717,0.21910964887857984,0,0,0,0
15.74,95213643,4,12.74,2016-12-01,4000,0,136805,102000,13733,158,8,120,3,3,687,0.3029734287056215,0,0,0,1
29.21,91525728,4,11.39,2016-10-01,4800,0,346133,125000,47111,291,4,138,11,19,702,0.21910964887857984,0,0,0,0
26.89,92599041,1,7.99,2016-11-01,7200,0,199082,77000,17555,186,4,135,9,26,717,0.22820244156389516,0,0,1,0
17.7,94455008,4,11.49,2016-12-01,25000,1,62468,113000,26380,170,4,271,2,45,667,0.21658368254620217,0,1,0,1
12.02,91294504,3,14.99,2016-10-01,6000,0,26627,60000,5253,258,7,132,5,5,677,0.2367977506586332,1,0,0,0
11.09,95345144,0,13.49,2016-12-01,35000,0,28930,67000,8970,136,2,109,4,122,722,0.2258930782682992,1,0,1,0
34.51,94166045,0,18.99,2016-12-01,9200,1,54543,57000,23685,161,3,131,2,2,692,0.2262116396218806,0,1,0,1
6.19,95359732,0,14.99,2016-12-01,5000,0,8441,45000,415,48,1,58,18,48,672,0.2586338582330572,0,1,1,0
13.39,91567546,1,7.49,2016-10-01,10000,0,60730,95000,9547,470,5,51,2,2,772,0.2398335190568419,0,1,0,0
15.05,91088036,5,14.49,2016-10-01,9000,0,76225,145000,58972,277,2,170,6,22,687,0.1935332077454842,1,0,0,0
15.83,91504392,2,13.99,2016-10-01,13600,0,24673,48000,24673,322,2,80,7,12,722,0.21658368254620217,0,0,0,0
33.51,91248621,6,16.99,2016-10-01,12000,1,240110,54000,14334,67,16,67,2,6,712,0.2258930782682992,0,0,0,1
17.44,91158258,1,13.49,2016-10-01,35000,1,52122,100000,3832,132,3,139,6,46,682,0.22820244156389516,0,1,0,1
30.74,92289380,1,18.99,2016-10-01,12000,1,78563,86000,32918,210,5,240,1,20,687,0.24772661201898094,0,1,1,0
12.02,90896361,0,13.49,2016-10-01,6000,0,22901,57500,3021,170,1,181,13,13,682,0.2586338582330572,0,1,0,1
19.51,94057241,2,25.49,2016-11-01,20000,1,23091,69000,6567,122,13,101,5,5,667,0.24405029299643655,0,1,0,1
8.46,93429188,1,24.74,2016-11-01,24000,0,11448,60000,11448,131,8,136,6,15,702,0.22820244156389516,1,0,1,0
18.31,91248083,10,17.99,2016-10-01,12000,0,210306,55000,8194,39,5,24,7,19,672,0.24405029299643655,1,0,0,0
27.1,93327437,1,11.39,2016-11-01,4200,0,43213,60000,20795,156,6,183,4,4,672,0.2367977506586332,0,0,1,0
32.57,95076258,0,13.49,2016-12-01,17000,0,24422,37000,10132,86,5,155,12,12,712,0.21701380971305592,0,1,0,1
31.4,91373162,2,22.74,2016-10-01,28000,1,285439,135000,44895,119,7,156,7,7,682,0.2367977506586332,0,0,0,1
8.59,95308125,6,11.49,2016-12-01,35000,0,281435,130000,18198,205,7,254,5,6,712,0.21701380971305592,0,0,1,0
24.86,95929698,3,11.49,2016-12-01,35000,1,111696,35000,9815,92,4,94,7,30,727,0.2398335190568419,0,0,1,0
2.73,94377049,0,7.49,2016-12-01,6000,0,107562,40000,577,215,2,124,5,5,827,0.22820244156389516,0,0,0,1
23.42,92829120,1,11.49,2016-11-01,15000,1,41502,75000,14116,470,2,88,7,14,757,0.24772661201898094,0,0,0,1
27.41,90197064,6,24.49,2016-10-01,27000,1,61777,62000,18749,247,7,111,3,21,712,0.22541344615680733,0,0,0,1
14.99,91478886,1,11.39,2016-11-01,25000,1,91644,130000,16799,134,4,211,14,29,692,0.2258930782682992,0,1,0,0
24.78,93505839,2,19.99,2016-11-01,16000,1,61726,60000,7341,47,9,62,4,28,687,0.3133839123580087,0,1,0,0
6.52,92830948,2,8.24,2016-11-01,15000,0,230029,54000,9552,168,6,54,2,25,707,0.2367977506586332,0,0,0,0
12.3,93297662,1,5.32,2016-11-01,5000,0,22522,63000,15071,272,1,33,24,56,767,0.22820244156389516,0,1,0,0
23.09,91364638,0,13.99,2016-10-01,14400,0,50949,100000,5600,239,9,168,3,17,747,0.21658368254620217,0,1,1,0
9.79,95261587,7,18.99,2016-12-01,11025,0,22642,90000,2616,124,8,119,0,0,682,0.22541344615680733,1,0,1,0
5.13,94214222,1,13.99,2016-12-01,7000,0,173483,33000,4094,165,6,120,7,7,697,0.24102227492165665,0,0,1,0
39.948699999999995,93504185,3,17.99,2016-12-01,18050,0,35438,3600,16455,119,9,40,3,3,687,0.22541344615680733,0,1,0,1
22.31,91051161,1,21.49,2016-10-01,14000,0,45928,43200,14481,87,3,86,7,16,682,0.16180741466312665,0,1,1,0
11.84,91048140,2,12.79,2016-10-01,2100,0,11503,29000,2570,37,4,45,4,7,717,0.22541344615680733,0,1,1,0
19.48,90747102,1,13.99,2016-10-01,10000,0,285209,56000,6281,138,4,125,6,29,767,0.1764017439336834,0,0,1,0
20.69,95189887,1,11.39,2016-12-01,7000,0,98827,75000,1603,44,5,124,4,44,702,0.22820244156389516,1,0,0,0
25.86,94536486,8,8.24,2016-12-01,9600,0,334745,130000,10496,149,14,134,2,2,757,0.16337446126458402,0,0,0,0
5.81,90906171,7,16.99,2016-10-01,10550,0,59349,124000,4032,109,9,99,2,87,682,0.22964600222399478,0,1,1,0
31.32,92628551,0,10.49,2016-11-01,4625,0,69387,53000,994,127,5,132,13,12,707,0.24178857354630912,0,0,0,1
19.32,91333627,12,5.32,2016-10-01,7200,0,302214,115000,12699,238,6,179,1,32,732,0.2218279015751931,0,0,0,0
11.94,93227277,2,8.24,2016-11-01,20000,0,100424,85000,22383,135,5,75,7,7,677,0.24236974246031542,0,0,0,1
9.24,91031635,2,15.59,2016-10-01,14000,0,607519,260000,53983,265,11,148,2,2,687,0.2367977506586332,0,0,1,0
20.1,91948054,5,16.99,2016-10-01,2200,0,40566,47000,10181,141,7,127,1,1,662,0.14194112958139316,0,0,1,0
10.17,93442170,1,8.24,2016-11-01,10000,0,342271,105000,12226,148,5,240,4,10,707,0.16180741466312665,0,0,0,0
39.948699999999995,94029749,5,14.99,2016-11-01,35000,0,643703,36000,16499,119,8,132,4,8,707,0.25400944474180537,1,0,0,1
17.06,93572597,0,8.24,2016-11-01,30000,0,54187,130000,30499,171,2,134,21,75,672,0.2258930782682992,0,1,1,0
17.54,93348482,4,8.24,2016-11-01,14000,0,52780,101208,14996,128,10,108,9,19,712,0.2962466441080822,1,0,0,0
19.31,92471119,1,13.49,2016-11-01,16000,1,204212,97000,4517,190,4,110,4,21,697,0.2398335190568419,0,0,0,1
19.37,94546744,0,11.44,2016-12-01,6025,1,22578,34000,16638,430,1,143,6,37,682,0.23093607081390768,0,0,0,0
24.05,91192512,0,10.99,2016-10-01,10000,0,39251,49000,8628,147,4,133,2,2,722,0.25220620065309657,1,0,0,0
14.24,95263579,1,22.74,2016-12-01,11000,0,18242,53500,5398,41,7,23,1,1,687,0.2398335190568419,0,1,1,0
23.48,91564419,1,8.24,2016-10-01,23275,0,681618.6899999992,174000,25336,403,9,134,2,2,732,0.25400944474180537,0,0,0,0
29.56,94364673,2,15.99,2016-12-01,20000,0,147055,54000,19097,361,5,147,4,16,697,0.21658368254620217,0,0,1,0
24.8,94467228,1,17.99,2016-12-01,15825,1,16176,36000,14004,349,5,108,7,17,672,0.22820244156389516,0,1,0,0
11.6,91133107,2,10.99,2016-10-01,2000,0,600429,115000,24061,173,4,103,5,5,672,0.2586338582330572,1,0,1,0
17.53,92246066,4,17.99,2016-11-01,32000,0,69114,95000,34065,131,9,148,13,13,667,0.24038555719815624,1,0,1,0
32.78,90836959,5,17.99,2016-10-01,20000,1,171553,83000,14776,240,3,120,3,14,762,0.24236974246031542,0,1,1,0
20.24,92005051,1,15.99,2016-11-01,16000,0,32012,65000,10889,159,3,136,7,7,662,0.2367977506586332,0,1,1,0
4.75,93790519,5,11.49,2016-11-01,8000,0,39505,45000,3557,109,1,121,7,7,672,0.2258930782682992,0,1,1,0
18.27,93801254,7,13.99,2016-11-01,6000,0,175687,64500,354,58,2,136,3,47,702,0.16337446126458402,0,1,1,0
21.81,95079565,1,11.49,2016-12-01,13025,1,17823,51000,4757,389,1,118,14,26,662,0.2258930782682992,0,1,0,1
21.13,90955196,1,22.39,2016-10-01,28000,0,370140,87000,10782,61,3,182,24,24,697,0.22820244156389516,0,0,1,0
30.4,95108368,3,11.44,2016-12-01,21000,0,108613,60000,9400,115,5,112,5,13,707,0.22820244156389516,0,0,0,1
24.38,95116443,4,15.99,2016-12-01,9000,0,211741,48000,4781,64,6,80,1,64,667,0.25450503330821056,0,0,0,1
0.84,90989097,3,24.49,2016-10-01,15675,0,3076,109200,3076,23,5,47,4,4,727,0.22391551552496644,0,1,0,1
22.05,91453707,0,6.99,2016-10-01,2000,0,99985,40000,2554,298,3,110,6,6,747,0.2258930782682992,1,0,0,0
22.26,92489800,0,10.49,2016-11-01,3000,1,134319,60000,12269,350,4,135,5,16,722,0.25400944474180537,0,0,0,0
16.44,95177339,3,13.49,2016-12-01,18500,1,306473,115000,20400,207,3,135,4,4,682,0.24772661201898094,0,0,0,1
15.48,93695055,6,7.24,2016-11-01,16000,0,459032,100000,17202,203,13,110,6,6,682,0.23093607081390768,0,0,1,0
12.09,91975665,3,7.24,2016-10-01,20000,0,39853,110000,23821,158,7,105,1,1,712,0.26936207385807537,0,1,0,0
26.93,93684742,5,21.49,2016-12-01,7200,0,26243,29500,4904,198,5,122,3,20,682,0.16402453469631748,0,1,1,0
5.83,95246450,1,12.74,2016-12-01,10000,1,5995,64000,5884,266,2,265,3,3,682,0.25450503330821056,0,0,0,1
22.93,93217437,0,11.49,2016-11-01,16825,0,32189,65000,15872,229,2,144,16,48,732,0.2258930782682992,0,1,0,0
30.01,93694727,2,14.99,2016-11-01,18200,0,156346,78000,19031,119,10,135,4,4,687,0.3029734287056215,0,0,1,0
29.57,90151478,3,25.69,2016-10-01,30000,0,134416,92000,29342,205,10,124,6,14,677,0.24178857354630912,0,1,1,0
24.54,92213722,7,13.99,2016-11-01,28000,0,150318,150000,17192,106,11,137,6,8,687,0.22820244156389516,1,0,1,0
13.53,94296914,0,11.49,2016-11-01,2500,0,21718,40000,6375,134,3,158,3,3,697,0.24772661201898094,0,1,0,1
24.23,91904190,2,16.99,2016-10-01,35000,0,153217,90000,14265,158,5,135,9,20,707,0.2962466441080822,1,0,0,1
17.67,93911683,2,8.24,2016-11-01,19000,0,230948,77000,42302,342,5,276,4,51,672,0.2508940045575526,0,0,0,1
18.46,95275530,4,22.74,2016-12-01,21000,0,37963,70000,11093,124,5,142,10,10,667,0.16180741466312665,0,0,1,0
22.99,92193183,0,18.99,2016-10-01,35000,0,160714,115000,15065,141,6,143,4,96,727,0.2398335190568419,0,0,0,1
13.19,91070047,2,14.49,2016-10-01,5000,0,35538,150291,19281,199,9,123,2,3,677,0.2258930782682992,0,1,0,1
3.64,91514962,0,11.49,2016-10-01,3600,0,3605,33000,3605,79,0,132,32,32,662,0.2367977506586332,0,1,1,0
11.78,93809555,4,12.74,2016-11-01,6000,1,13459,38000,5116,172,9,131,1,1,662,0.24038555719815624,0,0,1,0
14.28,94362245,0,15.99,2016-12-01,35000,0,36601,92000,25151,71,1,99,17,17,697,0.24405029299643655,0,1,0,1
17.58,93442127,7,13.49,2016-11-01,12000,0,558467,145000,16914,74,7,74,2,35,727,0.24236974246031542,0,0,1,0
31.14,94480246,1,13.49,2016-12-01,14250,1,159272,38000,12780,195,5,158,2,4,707,0.30642352237957415,0,1,0,1
29.2,94464244,1,17.99,2016-12-01,4000,1,12680,15000,6949,52,2,38,3,14,687,0.24772661201898094,0,1,0,1
11.64,94255286,4,12.74,2016-12-01,4000,0,115047,140000,17808,227,7,136,8,13,682,0.2258930782682992,0,1,1,0
9.24,93653202,0,7.24,2016-11-01,1600,0,41275,40000,2022,118,3,66,18,58,712,0.24178857354630912,0,1,1,0
12.66,91984824,1,5.32,2016-10-01,32000,0,591094,170000,31705,197,2,155,0,0,762,0.21658368254620217,0,0,0,1
11.51,94294071,1,11.39,2016-12-01,10000,0,269074,80000,4862,125,6,120,7,9,762,0.2258930782682992,0,0,0,1
9.18,94015582,0,8.24,2016-12-01,9800,0,88836,75000,9136,118,1,116,19,19,682,0.3133839123580087,0,0,0,0
9.46,94038903,1,11.49,2016-12-01,5000,0,30199,28800,5156,364,1,76,3,3,682,0.24772661201898094,0,0,1,0
10.2,91575146,2,13.49,2016-10-01,25000,0,247696,120000,20462,470,6,173,2,15,672,0.22541344615680733,0,0,0,1
32.12,95062027,4,11.44,2016-12-01,35000,1,314415,128600,26684,219,9,151,3,15,702,0.2367977506586332,0,0,1,0
24.26,92351728,6,11.39,2016-11-01,8500,0,346249,110000,29798,119,7,123,2,9,672,0.2398335190568419,0,0,1,0
20.54,93108453,3,8.24,2016-11-01,4800,0,200214,35000,6791,101,4,47,10,14,737,0.2111913767566574,0,0,0,0
23.76,93742754,6,17.99,2016-11-01,6025,0,87418,100000,21830,309,4,123,10,16,687,0.23093607081390768,0,1,0,0
10.71,89818994,0,11.49,2016-10-01,12000,0,128021,90000,36548,117,10,182,7,12,682,0.16180741466312665,0,1,1,0
14.65,93103454,2,11.49,2016-11-01,4000,0,29819,70000,3439,167,4,101,9,9,667,0.2367977506586332,0,1,0,1
12.59,92165087,1,11.49,2016-10-01,2800,0,83861,35360,6238,101,4,78,12,12,672,0.14194112958139316,0,1,1,0
8.75,93811408,1,10.49,2016-11-01,9600,1,22207,45000,18395,174,1,194,24,102,712,0.2258930782682992,1,0,1,0
23.77,91162264,0,17.99,2016-10-01,18000,0,33321,52000,25199,168,2,144,12,12,687,0.24236974246031542,1,0,0,1
9.46,93810712,2,11.44,2016-11-01,20000,1,50517,75000,1791,142,4,138,11,11,712,0.22820244156389516,1,0,0,1
2.72,92575378,1,12.74,2016-11-01,6000,0,2705,36660,2705,194,6,122,3,3,662,0.14194112958139316,1,0,0,1
25.58,95628633,3,14.99,2016-12-01,23325,0,170739,60000,7908,277,3,30,6,38,717,0.2218279015751931,0,0,0,0
12.24,91332392,0,12.74,2016-11-01,16000,0,17266,85000,6717,302,3,148,12,12,662,0.2258930782682992,0,0,0,0
29.38,92225931,0,19.99,2016-10-01,35000,0,205612,85000,27525,359,7,99,5,14,737,0.22820244156389516,0,0,0,0
24.87,90926898,3,14.49,2016-11-01,15000,1,7448,25000,5037,47,6,97,4,12,662,0.2218279015751931,0,1,0,1
21.31,93368193,0,5.32,2016-11-01,8000,0,25660,45000,2735,174,4,99,3,3,742,0.24772661201898094,0,0,0,0
20.75,91201257,1,8.59,2016-10-01,15000,0,461866,144000,7426,239,5,122,3,46,802,0.2258930782682992,0,0,0,0
28.4,92115480,1,11.49,2016-11-01,3000,0,90465,33000,7605,202,8,106,1,14,687,0.2367977506586332,0,0,0,1
10.87,93103568,7,11.49,2016-11-01,10000,0,12617,85000,1120,88,0,122,39,60,692,0.2398335190568419,0,1,0,0
10.41,91453270,5,7.49,2016-10-01,26600,0,109962,260000,38674,321,9,156,4,4,712,0.2258930782682992,0,1,1,0
21.66,93277812,2,22.74,2016-11-01,21000,1,61653,59280,9376,377,10,113,2,9,667,0.22541344615680733,0,0,0,0
25.78,95002626,1,18.99,2016-12-01,10000,0,350581,260000,66490,116,5,123,9,19,672,0.2398335190568419,0,0,0,1
26.94,93701898,3,8.24,2016-11-01,20000,1,307483,75000,15413,144,6,119,4,4,752,0.26936207385807537,0,0,1,0
25.77,91340599,0,10.49,2016-10-01,12000,0,218529,127000,27271,304,2,145,19,71,707,0.2508940045575526,0,0,0,0
16.13,94164197,3,25.49,2016-12-01,35000,1,360489,116500,55099,156,2,151,1,7,687,0.24178857354630912,0,0,0,1
7.13,90114611,0,13.49,2016-10-01,5200,1,8798,39000,8798,104,0,132,33,33,692,0.2398335190568419,0,0,1,0
14.85,93227930,12,12.74,2016-11-01,5600,1,82001,38000,1179,42,3,58,5,17,667,0.2398335190568419,0,1,1,0
10.92,94229126,4,11.49,2016-12-01,15000,0,124057,115000,2688,189,11,134,5,7,702,0.2258930782682992,0,1,1,0
14.44,92380274,4,7.49,2016-11-01,10000,0,299801,109000,8843,140,6,134,9,13,777,0.2586338582330572,0,0,1,0
32.42,91328510,2,16.99,2016-10-01,15000,0,231545,63000,36248,133,4,133,5,5,692,0.25400944474180537,0,0,0,1
0.7,92501165,8,15.99,2016-11-01,3500,0,226084,60000,2465,82,3,218,4,16,667,0.25400944474180537,0,0,1,0
21.65,94102730,0,11.44,2016-12-01,10000,1,21950,52000,6733,98,5,119,13,13,762,0.24405029299643655,0,1,0,0
20.09,92409432,2,8.24,2016-11-01,35000,0,253546,105000,41754,244,1,160,12,71,702,0.22541344615680733,0,0,0,1
23.4,90993327,1,11.49,2016-10-01,12000,0,171749,50000,12968,110,3,157,4,64,682,0.3029734287056215,0,0,1,0
13.04,90876497,1,10.99,2016-10-01,11000,0,14536,67000,5681,218,3,116,10,10,767,0.3029734287056215,0,0,0,0
18.78,91377218,6,15.99,2016-10-01,15000,0,64814,75000,24068,239,4,155,7,9,687,0.2218279015751931,1,0,0,1
19.57,92245624,0,15.99,2016-11-01,24000,1,402528,126900,32223,234,5,151,4,10,687,0.24405029299643655,0,0,0,0
34.89,91068272,3,14.49,2016-10-01,5000,1,26832,27000,5306,19,11,42,4,17,672,0.22820244156389516,1,0,0,1
8.53,92034269,0,13.99,2016-10-01,10500,0,45795,48000,7936,165,0,73,27,27,692,0.22541344615680733,0,1,1,0
7.19,94458290,1,13.49,2016-12-01,16000,0,444636,105000,18870,134,3,125,1,1,672,0.2258930782682992,0,0,1,0
5.4,93338086,1,11.49,2016-11-01,2000,0,387426,80000,431,50,2,6,6,12,727,0.2258930782682992,0,0,1,0
23.52,92217040,2,16.99,2016-10-01,1600,1,7207,12012,7207,125,8,132,10,10,692,0.24772661201898094,0,1,0,0
15.46,95109867,0,8.24,2016-12-01,4500,0,14704,30000,3809,89,2,39,16,18,752,0.14194112958139316,0,1,1,0
18.27,94215654,2,8.24,2016-11-01,15000,0,60967,64000,4729,80,2,87,1,62,752,0.26220086013005467,0,1,0,0
26.63,94346231,2,18.99,2016-12-01,16800,1,52578,40000,18000,122,12,118,5,5,677,0.2258930782682992,0,1,1,0
14.5,95059343,1,17.99,2016-12-01,34025,0,47033,140000,29017,75,4,32,2,2,707,0.2258930782682992,0,1,0,1
17.64,93993062,5,6.99,2016-11-01,13500,0,61604,73000,6410,371,3,168,8,73,717,0.2586338582330572,0,1,1,0
25.89,90916811,4,10.49,2016-10-01,27000,0,287944,100000,21031,127,5,123,1,1,757,0.22820244156389516,0,0,0,0
11.12,91524939,2,12.74,2016-10-01,5000,0,7032,22000,7032,126,2,148,10,10,687,0.1935332077454842,0,1,1,0
16.29,90985408,2,8.99,2016-10-01,3000,0,253401,40000,6698,402,5,169,3,140,682,0.16197620383450775,0,0,0,1
27.39,91464793,2,10.49,2016-10-01,3400,0,36350,43680,9444,186,4,40,6,16,667,0.21658368254620217,0,1,1,0
20.5,94110397,4,12.74,2016-12-01,10000,0,173291,58000,7201,117,4,124,3,13,662,0.25400944474180537,0,1,1,0
15.53,91027554,0,9.49,2016-10-01,5400,0,58043,24960,5982,102,0,77,30,30,687,0.21658368254620217,0,0,1,0
16.15,93134219,1,14.99,2016-11-01,35000,0,77303,85000,816,153,5,190,6,19,687,0.25450503330821056,0,0,1,0
18.89,94257531,2,19.99,2016-11-01,2400,0,248651,51000,15565,251,5,114,5,12,727,0.16197620383450775,0,0,1,0
17.46,92299408,1,17.99,2016-11-01,25000,0,144290,35000,6075,160,3,104,10,10,697,0.22820244156389516,0,0,0,1
12.43,92647718,0,13.49,2016-11-01,20000,1,75908,83000,7489,49,3,131,12,12,662,0.24405029299643655,0,1,1,0
21.57,94252609,3,17.99,2016-12-01,10750,0,150785,36000,5184,470,3,158,11,24,662,0.21470648544797244,1,0,0,1
34.46,91575554,1,12.74,2016-10-01,4575,0,488016,81000,71426,191,4,155,10,10,682,0.2435476551350135,0,0,0,1
8.2,91610107,2,8.99,2016-10-01,1500,0,123134,65000,877,89,4,125,13,45,672,0.14194112958139316,0,1,1,0
21.9,93516132,3,22.74,2016-11-01,3950,0,115726,44000,30738,408,4,164,3,6,692,0.24236974246031542,0,0,1,0
13.16,92902288,3,12.74,2016-11-01,11200,0,257113,112800,6268,367,9,223,3,12,682,0.24236974246031542,0,0,0,0
29.14,92659187,1,12.74,2016-11-01,13000,0,37561,42000,20056,229,0,148,39,43,717,0.2218279015751931,0,1,0,0
12.53,90999760,1,9.49,2016-10-01,20000,0,57921,127500,17987,182,4,141,12,12,692,0.21470648544797244,1,0,1,0
21.09,92709618,1,15.99,2016-11-01,5000,0,24779,52000,9782,46,4,37,2,2,672,0.24772661201898094,1,0,0,1
14.68,94028159,6,12.74,2016-11-01,3500,0,622889,190000,105349.48000000001,160,5,152,5,36,697,0.2508940045575526,0,0,1,0
10.92,94420152,2,18.99,2016-12-01,6000,0,6143,15600,6143,104,5,69,9,9,682,0.2398335190568419,0,1,1,0
8.93,91435604,0,6.99,2016-10-01,3475,0,25864,70000,3337,144,1,121,16,122,752,0.25450503330821056,1,0,0,0
14,91556063,1,15.99,2016-10-01,11000,0,215451,67400,11301,40,3,72,16,38,687,0.16197620383450775,1,0,1,0
21.1,93444196,1,24.74,2016-11-01,10075,1,100252,48000,7624,143,4,124,3,12,702,0.2508940045575526,0,0,0,1
19.16,93022120,1,17.99,2016-11-01,26525,1,38299,62000,25382,145,4,101,12,12,687,0.3133839123580087,0,0,0,1
0.85,91654937,6,13.49,2016-10-01,16175,0,885,35360,885,331,3,29,5,28,797,0.2218279015751931,1,0,0,0
29.67,91032822,1,12.79,2016-10-01,12000,0,107521,90000,16942,245,5,128,6,134,712,0.21701380971305592,0,0,1,0
17.94,95029117,0,13.49,2016-12-01,12000,0,83370,100000,1594,205,10,229,1,1,737,0.22820244156389516,0,1,1,0
24.39,92608246,3,22.74,2016-11-01,35000,0,87001,126000,80017,331,6,97,3,3,677,0.24236974246031542,1,0,0,1
22.73,95706609,1,13.49,2016-12-01,20000,0,116666,80000,1872,193,5,179,2,2,672,0.2962466441080822,0,1,0,0
14.03,94379450,7,16.99,2016-12-01,8000,0,371102,80000,8081,222,11,135,2,15,662,0.2962466441080822,0,0,0,0
21.03,91465659,0,14.99,2016-10-01,8750,0,32848,50000,6841,29,6,218,1,29,682,0.25450503330821056,0,0,1,0
13.89,91343295,6,11.49,2016-10-01,10125,1,28123,75000,4177,63,4,91,6,57,682,0.22541344615680733,1,0,1,0
14.15,94105779,2,6.99,2016-11-01,12000,0,58901,63000,13461,104,3,98,0,35,702,0.24038555719815624,0,1,0,0
16.55,90681938,3,8.99,2016-10-01,16800,1,77913,125000,5398,220,3,136,4,42,667,0.14194112958139316,0,1,0,0
9.14,92221734,0,21.49,2016-10-01,12000,0,121353,34000,10006,106,3,132,3,19,712,0.25220620065309657,0,0,1,0
20.79,94266546,0,7.24,2016-11-01,20000,0,147077,73000,26469,138,0,133,30,37,717,0.1935332077454842,0,0,0,0
13.66,93902512,2,15.99,2016-11-01,13500,0,25125,74000,13729,121,1,241,15,52,667,0.24178857354630912,1,0,0,0
16.02,91507842,1,10.49,2016-11-01,6000,0,358893,105000,25787,136,8,105,2,2,662,0.16180741466312665,0,0,1,0
6.28,93999156,2,12.74,2016-12-01,35000,0,42513,160000,18804,277,2,132,7,36,722,0.24772661201898094,0,0,0,1
14.27,92523033,1,18.99,2016-11-01,5300,1,230610,35000,3535,178,2,193,5,148,697,0.2586338582330572,0,1,1,0
22.69,95049984,0,13.99,2016-12-01,10000,0,162237,52000,44498,219,3,152,10,64,727,0.24178857354630912,0,0,0,0
22.71,90151297,3,17.99,2016-10-01,16925,1,43498,61000,29116,304,5,6,2,2,692,0.2367977506586332,1,0,1,0
15.39,91684380,3,18.99,2016-10-01,10000,0,16255,38600,11505,157,8,11,0,0,672,0.23093607081390768,0,0,1,0
11.11,95168162,0,5.32,2016-12-01,7200,0,216637,70000,2926,328,5,126,13,15,772,0.2262116396218806,0,0,0,0
11.35,91294839,3,14.49,2016-10-01,3500,0,268734,65000,9306,145,8,148,2,8,677,0.2258930782682992,0,0,0,1
28.51,95341223,3,7.99,2016-12-01,2400,0,229848,36250,23081,132,5,126,10,93,697,0.25450503330821056,0,0,0,1
18.74,91153480,0,7.99,2016-10-01,10000,0,46760,60000,24059,189,4,127,3,3,722,0.2258930782682992,0,1,1,0
7.47,92321541,1,13.99,2016-11-01,20000,0,15911,70000,14907,95,3,14,7,7,662,0.2398335190568419,0,1,0,1
14.4,92341804,4,15.99,2016-11-01,10000,1,18250,65000,4732,40,8,141,2,3,707,0.2258930782682992,0,1,0,1
23.85,91544615,2,12.79,2016-10-01,10000,0,149751,72000,15141,253,3,155,11,26,712,0.19155677855117656,0,0,1,0
10.28,94133488,1,14.99,2016-12-01,30000,0,332467,102000,13650,196,2,60,4,112,702,0.2258930782682992,0,0,1,0
0.72,92757282,1,7.49,2016-11-01,9000,0,475926,82000,1912,243,3,124,11,127,722,0.14194112958139316,0,0,0,1
9.95,95062168,0,10.49,2016-12-01,35000,0,442807,140000,29136,249,0,131,39,68,672,0.2258930782682992,0,0,1,0
29.46,90571676,3,26.99,2016-11-01,16000,0,317914,85000,75137,122,11,164,4,4,697,0.24178857354630912,0,0,0,1
33.55,94811610,1,13.99,2016-12-01,10000,1,41851,32800,6009,39,4,30,8,13,687,0.21658368254620217,0,1,1,0
20.13,91302585,3,19.99,2016-10-01,35000,1,480726,140000,2511,123,8,210,10,11,667,0.22820244156389516,0,0,0,1
18.04,91397082,3,7.49,2016-10-01,5000,0,22371,38000,7077,160,3,156,12,15,767,0.24236974246031542,0,1,0,0
16.32,93400960,1,16.99,2016-12-01,5400,0,4754,15000,4450,218,7,8,8,21,682,0.24772661201898094,0,1,0,1
18.62,89909317,6,10.49,2016-10-01,16000,1,483976,75000,21908,224,15,154,2,2,682,0.16180741466312665,0,0,0,1
14.26,95043459,3,6.99,2016-12-01,30000,0,681618.6899999992,250000,35711,327,7,131,3,6,682,0.2258930782682992,0,0,1,0
32.72,93820271,1,21.49,2016-11-01,18900,1,34133,45000,8381,165,4,106,14,27,672,0.2367977506586332,0,1,0,0
11.8,93493321,0,7.99,2016-11-01,4800,0,28658,55000,622,244,3,144,9,9,692,0.21658368254620217,0,1,1,0
18.63,89919003,1,5.32,2016-10-01,8000,0,234471,83000,3414,470,4,169,5,5,752,0.2218279015751931,0,0,1,0
26.83,93297737,3,19.99,2016-11-01,15000,1,283787,48000,38925,128,4,130,12,12,667,0.21658368254620217,0,0,1,0
2.43,92280774,3,21.49,2016-11-01,11200,1,1484,35000,1484,54,3,131,3,3,662,0.24178857354630912,0,1,0,1
20.06,93982380,1,21.49,2016-11-01,20400,1,66946,60000,14010,190,5,105,9,9,667,0.2258930782682992,0,1,0,0
6.71,94376773,1,24.74,2016-12-01,21875,1,37305,244204,9985,244,6,139,6,11,662,0.22541344615680733,0,0,1,0
27.93,91474029,3,13.49,2016-10-01,15000,1,132129,86500,10717,287,7,217,1,9,662,0.22820244156389516,0,0,0,1
20.21,93951103,0,11.44,2016-12-01,14400,0,35032,70000,24427,341,4,126,13,13,702,0.24178857354630912,0,0,1,0
20.37,91494870,4,12.74,2016-11-01,35000,1,325621,130000,30074,358,6,103,5,17,682,0.2508940045575526,0,0,1,0
8.36,91667794,0,17.99,2016-10-01,15000,0,83194,65000,10069,146,1,168,23,42,662,0.23846830760717275,0,1,1,0
10.57,94181855,1,11.44,2016-12-01,6000,1,2965,20000,0,120,1,20,20,12,727,0.2258930782682992,0,1,0,0
7.88,92557789,2,7.49,2016-11-01,21000,0,319407,90000,9587,166,8,191,11,12,737,0.21658368254620217,0,0,0,0
20.77,95275194,1,15.99,2016-12-01,12000,0,35862,52000,8729,74,7,74,2,2,677,0.19155677855117656,0,1,1,0
13.86,91212599,4,6.99,2016-10-01,15000,0,419545,100000,9347,128,3,118,7,51,727,0.2258930782682992,1,0,0,0
20.65,92768282,1,26.99,2016-11-01,35000,1,254061,78000,11932,197,11,119,4,7,722,0.14194112958139316,0,0,0,1
16.85,90906449,6,21.49,2016-10-01,25000,0,48189,105400,25491,130,9,88,5,6,667,0.24038555719815624,0,0,0,1
21.53,90692756,0,14.49,2016-10-01,19000,1,70684,102000,16707,194,10,81,1,4,667,0.26936207385807537,0,1,0,1
1.03,93492948,6,17.99,2016-11-01,35000,0,681618.6899999992,141000,4921,165,1,131,13,100,697,0.2258930782682992,0,0,1,0
27.57,94277369,2,8.24,2016-12-01,6000,0,163584,70000,39920,338,6,97,3,3,692,0.21910964887857984,0,0,0,0
30.32,95243354,9,22.74,2016-12-01,4500,0,115066,83104,14242,134,8,141,2,15,667,0.2218279015751931,0,0,1,0
27.12,94336367,0,13.99,2016-11-01,12000,1,20163,40000,9962,74,1,119,24,47,692,0.24038555719815624,0,1,0,1
5.21,95246926,3,11.44,2016-12-01,7000,0,153547,35000,3800,89,4,129,5,17,677,0.22964600222399478,1,0,0,0
20.53,92340779,3,8.24,2016-11-01,12000,0,29381,72000,12674,110,5,94,3,10,752,0.21910964887857984,0,1,0,0
17.66,91516030,3,11.49,2016-10-01,11000,0,39845,70000,10921,268,7,141,0,96,677,0.16180741466312665,0,0,0,1
21.83,91294928,0,5.32,2016-10-01,5000,0,187955,73000,3752,320,2,174,3,50,787,0.22820244156389516,0,0,1,0
15.63,95374756,0,7.49,2016-12-01,3000,0,19249,41000,2237,145,1,40,23,23,757,0.1764017439336834,0,1,1,0
13.57,93107585,1,11.44,2016-11-01,16000,0,182804,75000,15754,109,2,110,3,3,677,0.2508940045575526,0,0,1,0
34.99,91488559,0,11.49,2016-10-01,15175,1,165468,65000,16709,268,0,153,27,134,662,0.22820244156389516,0,0,0,1
30.94,92236525,9,11.44,2016-11-01,8800,0,383861,60000,10618,85,7,62,3,3,707,0.1764017439336834,0,1,1,0
31.72,95326542,3,17.99,2016-12-01,35000,0,174829,98000,24628,179,8,196,6,6,737,0.24038555719815624,0,1,0,1
19.95,95066678,1,17.99,2016-12-01,1000,0,18551,32000,69,125,3,101,2,70,677,0.24102227492165665,0,1,0,1
15.21,92839100,3,15.99,2016-11-01,16000,0,18299,46000,6044,231,4,172,5,21,672,0.24178857354630912,1,0,0,0
32.59,95665810,1,16.99,2016-12-01,3000,1,136359,26000,5073,150,0,91,28,28,677,0.24038555719815624,1,0,1,0
6.46,95022211,1,7.49,2016-12-01,25000,0,657878,240000,87458,169,4,143,5,91,692,0.2258930782682992,0,0,1,0
9.88,93770769,2,13.99,2016-11-01,18000,0,264477,147000,25147,354,8,124,7,7,697,0.2258930782682992,0,0,1,0
22.32,94270096,1,11.49,2016-12-01,10800,0,55899,75000,17903,134,8,49,4,4,662,0.24178857354630912,1,0,0,1
22.46,91673316,0,10.49,2016-10-01,16000,0,20119,38000,17693,245,2,230,0,0,722,0.22820244156389516,0,1,1,0
11.27,93464233,3,11.44,2016-11-01,30000,0,91961,130000,21226,180,7,140,2,10,662,0.2586338582330572,0,0,1,0
21.37,92330434,3,24.74,2016-11-01,35000,0,507216,107000,55019,186,6,120,4,6,677,0.2258930782682992,0,0,0,1
15.18,92845221,0,25.49,2016-11-01,20000,1,77575,71000,20511,149,4,116,14,40,692,0.2398335190568419,0,1,1,0
29.03,91678615,4,16.99,2016-11-01,35000,0,489388,52000,32951,171,1,137,14,14,677,0.14194112958139316,0,0,0,1
6.82,94016880,0,11.44,2016-11-01,20000,0,297105,134000,14285,125,3,144,15,15,687,0.2367977506586332,0,0,1,0
12.84,92241976,0,14.99,2016-10-01,4800,0,393436,103000,2018,171,4,154,2,10,697,0.26936207385807537,0,0,1,0
15.6,91478171,6,8.24,2016-10-01,12000,0,300436,72000,8839,339,3,131,10,26,707,0.2508940045575526,0,0,0,0
9.51,92850198,1,13.99,2016-11-01,15000,0,135447,80000,11552,94,3,80,9,10,697,0.2398335190568419,0,0,0,0
32.6,93831772,1,8.24,2016-12-01,8000,0,133804,48000,10936,282,8,134,3,15,687,0.2258930782682992,0,0,0,0
7.06,93108004,1,11.44,2016-11-01,24000,0,190847,150000,12231,230,3,168,3,3,692,0.2367977506586332,0,0,0,0
12.61,91122931,3,6.99,2016-10-01,10000,0,215567,96100,8632,45,5,14,4,19,747,0.22820244156389516,0,0,1,0
18.77,91556575,1,14.99,2016-10-01,35000,0,326493,103000,3407,161,3,140,7,85,692,0.2367977506586332,0,0,0,1
9.2,93101803,7,8.24,2016-11-01,16000,1,272699,90000,2154,210,8,125,3,33,667,0.22541344615680733,0,0,1,0
5.34,91292099,3,24.99,2016-10-01,25000,0,27057,98000,6371,184,5,127,4,4,677,0.22541344615680733,0,1,1,0
11.66,92500139,9,14.99,2016-11-01,4650,0,190890,165000,28800,139,16,121,2,6,667,0.24178857354630912,0,0,1,0
18.59,91443673,3,14.49,2016-10-01,33000,0,254057,120476,17627,320,7,140,14,14,727,0.22820244156389516,1,0,0,0
27.8,91556344,0,26.99,2016-10-01,22000,0,34906,50000,8737,148,6,127,2,5,687,0.24178857354630912,0,1,1,0
7.9,92807457,1,14.99,2016-11-01,6450,0,5900,19000,5900,121,0,131,39,89,687,0.22541344615680733,0,1,1,0
24.33,93277582,0,13.49,2016-11-01,6475,1,16157,18000,11400,65,3,1,1,27,672,0.2398335190568419,0,1,0,1
16.4,92461613,4,6.99,2016-11-01,12000,0,29768,65000,1243,242,4,120,5,111,782,0.2218279015751931,1,0,0,0
34.24,95078679,2,12.74,2016-12-01,12000,0,366890,52500,14065,144,6,143,7,15,712,0.22541344615680733,0,0,0,1
10.47,91634429,2,26.24,2016-10-01,12000,0,25148,65000,9578,136,5,103,8,8,667,0.16180741466312665,0,1,1,0
5.67,93177531,11,13.49,2016-11-01,35000,0,14555,120000,5584,96,4,108,4,4,687,0.2508940045575526,0,1,0,1
32.51,94005111,1,19.99,2016-11-01,28475,0,318990,75000,6510,117,9,133,5,6,697,0.25450503330821056,0,0,1,0
33.61,93101504,3,26.99,2016-11-01,20000,0,52292,50000,9763,254,10,138,5,5,682,0.278503507164471,0,0,0,0
9.28,94061770,0,8.24,2016-12-01,14000,1,124987,75000,8693,63,5,68,10,10,672,0.22964600222399478,0,0,1,0
19.98,93512291,0,15.99,2016-12-01,10000,1,154918,40000,5258,305,4,102,13,13,707,0.23846830760717275,0,0,0,1
23.86,91574076,5,17.99,2016-10-01,15000,0,52255,42000,9907,27,5,133,1,1,662,0.21701380971305592,0,0,1,0
18.39,91108533,3,18.99,2016-10-01,1500,1,381528,97000,34318,259,16,129,3,4,672,0.2962466441080822,0,0,1,0
27.72,92389771,2,25.49,2016-11-01,15875,1,30332,40000,20910,242,5,123,2,2,672,0.24038555719815624,0,1,0,1
20.94,93566040,3,15.99,2016-11-01,21000,1,69874,84000,12189,418,9,160,6,6,672,0.26936207385807537,0,1,0,0
27.8,91963492,0,6.99,2016-10-01,10000,0,371591,107000,20999,217,7,170,8,11,717,0.23846830760717275,0,0,0,0
9.98,92063918,5,10.49,2016-10-01,15000,0,373026,65000,15444,126,11,158,3,3,682,0.16180741466312665,0,0,0,0
19.75,92561472,2,8.24,2016-11-01,35000,1,334434,210000,63259,211,7,114,4,4,727,0.23846830760717275,0,0,0,1
29.34,94676801,0,15.99,2016-12-01,15650,0,67496,91000,7282,148,5,173,9,14,682,0.3029734287056215,1,0,0,1
34.38,92319135,3,17.99,2016-11-01,35000,1,263895,115000,33269,235,8,152,6,7,677,0.24178857354630912,0,0,0,1
16.58,93701778,1,8.24,2016-11-01,2500,0,472461,99000,19770,146,3,134,6,13,692,0.23093607081390768,0,0,0,1
17.01,90311988,4,19.99,2016-10-01,6000,0,108366,45000,3859,17,7,95,4,4,667,0.22820244156389516,0,0,0,1
39.948699999999995,95291553,5,21.49,2016-12-01,8500,1,233000,36000,3603,68,5,46,1,4,662,0.25450503330821056,0,0,1,0
4.96,91348779,1,11.39,2016-11-01,2600,0,8523,58500,4538,340,2,181,12,12,662,0.24038555719815624,0,1,1,0
10.95,90855898,0,10.99,2016-10-01,6000,0,20968,34000,5074,107,2,50,15,33,697,0.22820244156389516,0,1,0,1
30.24,91051068,2,15.59,2016-10-01,15525,0,161334,76000,12177,162,5,132,6,6,782,0.22820244156389516,0,0,0,0
10.38,90994189,5,21.49,2016-10-01,35000,0,484031,153000,6087,169,2,207,2,28,722,0.2218279015751931,0,0,0,1
29.28,90707456,4,25.29,2016-10-01,1600,1,19735,25000,9846,160,9,159,4,12,667,0.2367977506586332,1,0,0,1
14.9,95735790,4,13.49,2016-12-01,24900,0,25682,79500,7193,370,5,122,3,3,712,0.2258930782682992,0,0,0,1
24.08,90985713,6,10.99,2016-10-01,6000,0,12011,40000,7486,191,8,111,7,7,682,0.14194112958139316,0,0,0,0
26.62,93504399,2,26.99,2016-11-01,20000,0,91577,65000,27788,149,6,61,1,10,662,0.2398335190568419,0,0,0,1
5.74,94246104,1,11.44,2016-11-01,28000,0,140446,65000,7412,145,3,137,4,4,727,0.24178857354630912,0,0,0,0
24.73,91612136,0,12.79,2016-10-01,10000,0,131947,75000,29378,190,1,147,22,51,752,0.24236974246031542,1,0,1,0
11.85,93833131,2,12.74,2016-11-01,15000,1,14905,49500,6145,126,4,34,6,6,727,0.3133839123580087,0,1,0,0
15.41,93483386,1,12.74,2016-11-01,10000,0,58304,80000,5324,18,5,31,1,1,717,0.2367977506586332,0,0,0,0
21.2,91328516,0,5.32,2016-10-01,8000,0,219105,120000,19554,180,5,28,1,1,757,0.21658368254620217,0,0,0,0
21,91774011,0,17.99,2016-10-01,2050,0,18415,22000,0,86,0,109,28,13,692,0.2367977506586332,1,0,1,0
25.71,94169740,5,26.99,2016-12-01,21075,0,392252,78000,12441,286,8,128,2,6,682,0.21658368254620217,0,0,1,0
19.78,91356926,0,10.49,2016-10-01,16000,0,161621,140000,19860,234,4,148,12,26,687,0.22820244156389516,0,0,0,0
4.8,93633091,0,7.99,2016-11-01,10000,0,12559,70000,12559,155,2,119,2,3,697,0.1764017439336834,1,0,1,0
7,94137737,0,15.99,2016-12-01,5000,0,6698,35000,5498,246,2,38,2,2,667,0.2258930782682992,0,1,1,0
23.34,94506895,0,14.99,2016-12-01,18200,1,115988,29000,7545,32,12,53,6,8,667,0.22964600222399478,0,0,0,1
1.26,91041897,0,13.49,2016-10-01,10000,0,194272,58000,2027,186,3,119,20,23,702,0.2367977506586332,0,0,1,0
5.87,95363419,1,12.74,2016-12-01,6000,0,60227,45000,7911,144,1,146,4,4,682,0.14194112958139316,0,1,1,0
24.51,91448463,1,10.49,2016-10-01,12000,0,96812,90000,12091,117,3,155,14,27,687,0.22541344615680733,0,1,1,0
30.11,93491658,7,26.99,2016-12-01,2750,1,135994,34362,26367,323,2,56,7,48,672,0.2218279015751931,0,0,0,1
6.1,91873325,4,11.39,2016-10-01,6000,0,168800,47000,6946,272,4,167,6,15,682,0.3133839123580087,0,0,1,0
39.948699999999995,93101495,3,18.99,2016-12-01,33600,0,44173,34000,8792,199,4,116,0,10,662,0.2398335190568419,0,1,0,1
23.08,94301167,0,14.99,2016-12-01,24650,0,517735,130000,28258,426,7,122,2,30,672,0.2258930782682992,0,0,0,0
16.28,95335101,2,13.99,2016-12-01,12000,0,112198,60000,17246,39,5,47,13,25,667,0.24038555719815624,0,0,1,0
6.39,92832067,5,13.49,2016-11-01,6000,0,6486,50000,6486,101,6,83,5,10,662,0.2258930782682992,0,1,0,0
20.91,92064218,0,7.99,2016-10-01,9600,0,24987,43500,8271,260,1,115,3,61,717,0.2367977506586332,0,1,0,0
8.96,92881187,6,10.49,2016-11-01,7000,0,134035,84000,6614,218,5,120,2,19,667,0.24236974246031542,0,0,1,0
21.15,91445057,12,10.49,2016-11-01,15000,0,30203,50000,22627,265,3,132,9,15,677,0.2508940045575526,0,0,1,0
3.08,89948722,1,11.49,2016-10-01,12000,0,560319,120000,11331,243,8,148,4,12,722,0.2218279015751931,0,0,0,1
14.89,94391570,1,5.32,2016-12-01,18050,0,343899,80000,22814,178,0,158,26,38,787,0.24772661201898094,1,0,0,0
25.26,91139215,12,13.99,2016-10-01,8000,0,118403,44000,5126,14,5,100,2,13,707,0.25450503330821056,0,1,1,0
7.46,93391070,3,19.99,2016-11-01,35000,0,186962,95065,11347,60,5,132,7,7,677,0.24772661201898094,0,0,0,1
17.34,92729297,4,13.49,2016-11-01,8250,0,126435,40000,3278,190,2,189,12,12,677,0.2367977506586332,0,0,0,0
31.18,93852885,4,12.74,2016-12-01,4000,0,189909,50000,14798,235,4,139,9,69,717,0.2962466441080822,0,0,0,1
28.48,93922582,1,24.74,2016-12-01,20000,1,25099,48000,4017,103,3,143,2,43,697,0.24236974246031542,0,1,0,1
16.54,94183561,1,8.24,2016-12-01,5000,1,135847,78000,19927,191,5,133,7,7,712,0.24772661201898094,0,0,0,0
30.08,92279819,7,17.99,2016-11-01,10000,1,128677,92000,16058,345,4,144,11,11,717,0.2258930782682992,0,1,0,0
16.99,94272613,0,10.49,2016-12-01,10000,0,36001,56000,11512,64,2,72,14,14,672,0.2294121971136406,0,1,0,1
31.68,93625173,2,12.74,2016-11-01,8400,1,27063,45000,7901,93,5,158,10,50,672,0.2258930782682992,0,1,0,1
23.19,95082324,12,8.24,2016-12-01,16000,0,295595,95000,64487,145,11,131,2,4,737,0.21910964887857984,0,0,1,0
33.56,94175573,2,13.49,2016-12-01,20000,0,229441,60000,26596,151,4,143,3,6,662,0.2262116396218806,0,0,0,1
13.49,91143186,4,13.49,2016-10-01,4000,0,18587,50000,3288,187,3,181,3,10,672,0.2258930782682992,0,1,1,0
21.57,90681888,1,11.44,2016-10-01,15000,0,113583,130000,11843,47,5,115,3,11,717,0.25450503330821056,1,0,0,0
3.32,89906326,1,15.59,2016-10-01,19250,0,71157,56000,4604,95,2,115,6,6,772,0.3029734287056215,1,0,1,0
19.28,90994859,2,13.99,2016-10-01,20000,0,262373,135000,14951,102,4,85,5,27,667,0.3133839123580087,0,0,0,1
20.06,94419884,0,15.99,2016-12-01,16000,1,25078,70000,10437,198,4,151,1,1,667,0.2367977506586332,0,0,0,0
19.68,93899876,1,7.49,2016-11-01,16000,0,74088,55500,14482,187,2,203,12,30,712,0.23846830760717275,0,1,0,0
17.16,95845366,5,11.39,2016-12-01,5000,0,215752,100000,28293,236,7,276,2,4,747,0.22964600222399478,0,0,0,0
34.92,95160003,2,22.74,2016-12-01,34275,1,176210,153635,63597,242,11,144,2,10,687,0.2586338582330572,0,1,0,1
19.95,94343818,0,11.49,2016-12-01,3500,0,35784,41923,13782,111,1,136,7,7,702,0.22820244156389516,0,1,0,0
7.31,94478257,3,21.49,2016-12-01,10000,0,136807,56000,5458,28,8,49,5,6,672,0.25400944474180537,0,0,1,0
28.64,93504911,3,15.99,2016-11-01,11000,0,30493,38000,11490,166,8,124,3,7,667,0.2258930782682992,0,0,1,0
19.88,91011439,3,6.99,2016-10-01,8000,0,282928,110000,9142,217,9,99,8,8,747,0.2262116396218806,0,0,1,0
21.49,95666597,3,26.99,2016-12-01,15000,1,251672,75000,18496,79,10,114,0,3,667,0.278503507164471,0,0,1,0
9.24,94256243,1,12.74,2016-12-01,8000,0,5356,33000,5356,122,1,129,2,2,667,0.26936207385807537,0,1,0,0
5.56,90167829,2,11.49,2016-10-01,15000,0,7485,50000,7485,267,5,137,2,62,732,0.24405029299643655,0,0,0,0
18.78,94332236,0,12.74,2016-11-01,10000,1,82743,48000,9259,89,3,87,8,8,667,0.2258930782682992,1,0,1,0
16,91248468,3,8.99,2016-10-01,10000,0,522482,70000,5749,119,6,71,3,18,682,0.2586338582330572,0,0,1,0
10.36,92558508,2,11.44,2016-11-01,3500,0,4729,24436,2762,42,3,16,11,21,717,0.2586338582330572,0,1,1,0
18.41,93308180,2,11.44,2016-11-01,9100,0,19549,38000,9167,75,4,131,1,72,682,0.21658368254620217,1,0,1,0
12.68,92829458,9,11.39,2016-11-01,7000,0,31796,100000,4177,107,6,141,2,2,687,0.2258930782682992,1,0,1,0
7.31,95271624,1,18.99,2016-12-01,5700,0,23514,84240,10112,108,3,31,5,5,727,0.22820244156389516,1,0,0,1
11.51,94066723,1,10.49,2016-12-01,1000,0,11095,28059,11095,134,1,4,4,53,722,0.2398335190568419,0,1,1,0
11.1,95846201,0,8.24,2016-12-01,6000,0,23530,110000,6454,321,3,25,10,34,737,0.23846830760717275,0,1,0,0
22.83,91285652,4,12.79,2016-10-01,19200,1,219450,58596,3478,44,6,134,3,7,712,0.22820244156389516,0,0,1,0
16.41,91647211,3,14.99,2016-10-01,19200,1,37336,70000,22796,239,14,25,1,11,672,0.22820244156389516,0,0,0,1
23.03,91162665,1,17.99,2016-11-01,12000,0,122583,90000,28598,173,3,178,10,35,702,0.22820244156389516,0,0,0,0
11.85,94411038,2,7.99,2016-12-01,10000,0,375996,150000,3344,195,3,171,9,9,802,0.2258930782682992,0,0,0,0
8.84,92727176,2,11.44,2016-11-01,3000,0,147353,60000,0,106,1,124,9,12,787,0.22820244156389516,0,0,0,1
6.74,95291489,5,13.49,2016-12-01,22000,0,283128,98000,16112,97,11,131,5,5,672,0.3133839123580087,0,0,1,0
28.79,91974084,1,22.74,2016-10-01,20000,0,67625,80000,9871,35,10,61,1,11,662,0.22820244156389516,0,1,0,1
4.3,92911835,1,10.49,2016-11-01,11500,1,3305,47496,3305,175,3,131,9,22,707,0.2398335190568419,0,1,1,0
30.15,95122326,0,11.49,2016-12-01,8000,1,27362,24000,8571,166,4,130,7,39,692,0.22820244156389516,1,0,1,0
32.93,91062405,2,21.49,2016-10-01,14300,0,15456,34500,3381,51,7,26,11,12,737,0.2398335190568419,1,0,1,0
26.38,91585142,1,13.99,2016-10-01,21000,1,31240,54000,17665,470,7,40,6,6,747,0.24236974246031542,1,0,0,0
21.12,90501519,1,5.32,2016-10-01,8000,0,13513,55000,12318,441,5,134,7,7,732,0.22541344615680733,0,0,0,0
14.26,91306270,2,10.99,2016-10-01,10000,0,20329,52000,2485,120,7,115,8,9,682,0.23846830760717275,1,0,1,0
15.7,91744229,2,13.99,2016-10-01,5000,1,120817,225000,21189,194,10,137,1,21,672,0.21658368254620217,0,1,0,1
26.35,95166503,1,17.99,2016-12-01,10500,0,23772,70000,10801,110,1,126,12,12,667,0.2508940045575526,0,1,0,1
19.76,90895200,1,18.99,2016-10-01,35000,0,82768,185000,29400,191,7,123,3,13,687,0.26936207385807537,0,1,0,1
31.67,93789790,6,16.99,2016-11-01,10000,1,120802,65000,24437,137,4,172,3,125,722,0.30642352237957415,0,0,0,0
5.49,94336752,0,5.32,2016-11-01,12500,0,96891,64922,13324,428,2,117,16,16,777,0.25220620065309657,0,0,0,0
20.11,91122377,0,22.74,2016-10-01,16000,0,26506,49000,19076,186,4,121,3,6,697,0.2367977506586332,0,1,0,0
25.65,91307475,0,14.49,2016-10-01,28000,0,188499,85000,17261,219,4,118,4,31,662,0.26936207385807537,0,0,1,0
22.66,91484451,2,10.49,2016-10-01,3500,1,24404,60000,10901,65,1,41,19,34,707,0.24236974246031542,0,1,1,0
22.41,95170096,6,14.99,2016-12-01,30000,0,532544,125584,43162,205,5,182,4,5,667,0.2258930782682992,0,0,0,1
18.03,92359172,1,15.99,2016-11-01,11075,0,114028,44000,7050,197,7,19,6,6,662,0.22541344615680733,0,0,1,0
28.75,94100663,1,18.99,2016-12-01,12000,1,178518,95000,20578,59,2,81,18,37,712,0.24236974246031542,0,0,0,1
33.95,91002088,1,13.49,2016-10-01,12000,0,134532,90000,15299,307,3,126,5,33,792,0.2258930782682992,0,0,1,0
7.39,93177877,4,11.49,2016-11-01,4000,0,12473,51975,7174,189,15,159,4,12,747,0.2398335190568419,1,0,1,0
15.47,93919433,6,13.49,2016-11-01,15000,1,378279,110000,18058,114,13,185,2,3,682,0.2262116396218806,0,0,0,1
19.64,91242613,1,11.44,2016-10-01,12000,0,16009,41000,9432,119,3,51,15,36,682,0.2367977506586332,0,1,1,0
12.28,90150266,0,6.99,2016-10-01,4000,0,279426,87000,105349.48000000001,296,3,159,3,12,732,0.23093607081390768,0,0,0,0
29.46,94098475,2,16.99,2016-12-01,35000,0,385578,108000,29831,319,7,160,3,3,682,0.1764017439336834,0,0,0,1
9.83,94236999,2,13.49,2016-12-01,6000,0,97133,34881.96,10242,139,7,61,1,7,712,0.2258930782682992,0,0,0,1
15.1,91546425,1,8.24,2016-10-01,12000,0,64598,60000,11710,211,0,276,27,29,677,0.2398335190568419,0,1,1,0
22.87,91576906,0,25.49,2016-11-01,6475,1,10099,20266.8,4124,38,4,135,13,23,667,0.2962094049669217,0,1,0,1
15.02,91101050,1,18.99,2016-10-01,8000,0,56735,54000,11016,234,6,173,13,14,662,0.24772661201898094,0,1,0,0
4.15,92351944,0,17.99,2016-11-01,20000,0,13483,120000,13483,244,5,154,5,12,662,0.2258930782682992,0,1,0,0
21.37,92749314,6,26.99,2016-12-01,24000,1,118690,69000,13664,162,3,140,1,42,712,0.24772661201898094,0,0,0,1
23.9,91347838,0,7.99,2016-10-01,17125,0,469418,140000,98463,243,4,145,9,23,737,0.26936207385807537,0,0,1,0
24.36,94332696,3,16.99,2016-12-01,18050,0,146551,40000,9432,120,3,121,4,56,672,0.24178857354630912,0,0,0,1
2.72,95258615,1,22.74,2016-12-01,35000,1,433990,120000,17605,255,6,159,2,2,702,0.2258930782682992,0,0,1,0
21.08,94123557,0,11.39,2016-12-01,10000,1,80629,50000,1638,142,1,106,14,49,692,0.2367977506586332,0,1,1,0
28.08,94355852,2,26.99,2016-12-01,14650,1,189666,47688,11874,22,6,92,7,10,687,0.2258930782682992,0,0,0,1
6.36,94458207,3,17.99,2016-12-01,30000,0,440590,106000,17237,130,3,134,14,24,662,0.2398335190568419,0,0,0,1
20.63,94125287,3,21.49,2016-11-01,14400,0,51853,68114,32513,188,6,151,2,17,707,0.24405029299643655,1,0,0,0
12.43,91067593,5,15.59,2016-10-01,7200,0,127331,28000,10910,394,9,148,3,3,667,0.2367977506586332,0,0,0,1
25.55,91191898,3,8.99,2016-10-01,15000,1,96655,78000,25407,254,4,132,5,6,697,0.2262116396218806,0,0,1,0
10.45,91507860,0,5.32,2016-10-01,1200,0,6808,35360,803,186,2,158,14,15,807,0.24178857354630912,0,1,0,0
26,94126433,3,12.74,2016-11-01,1000,0,170544,120000,1526,176,5,179,3,3,662,0.22820244156389516,1,0,0,0
24.48,91122960,0,15.99,2016-10-01,8000,0,38132,50000,10788,64,3,137,16,34,682,0.24038555719815624,0,1,0,1
32.3,93217969,5,26.99,2016-12-01,17275,0,54508,48000,29253,190,2,190,8,48,682,0.2258930782682992,0,1,0,1
22.27,91152171,3,10.99,2016-10-01,14950,0,235855,50000,4229,197,6,124,5,15,737,0.2262116396218806,0,1,0,0
19.18,95152968,3,12.74,2016-12-01,10000,0,165055,55000,8192,137,4,135,2,27,672,0.24772661201898094,0,1,0,0
13.42,95354201,2,7.49,2016-12-01,15000,0,269446,65000,12598,152,4,129,2,2,782,0.16180741466312665,0,0,1,0
25.52,92411011,1,14.99,2016-11-01,20000,0,160523,60000,17906,160,6,137,1,21,682,0.24038555719815624,0,0,1,0
22.05,91047583,0,5.32,2016-10-01,14000,0,142893,78000,11230,211,3,100,6,37,742,0.3029734287056215,0,0,1,0
24.08,92045700,8,14.99,2016-11-01,16000,0,159586,62000,37246,127,9,182,2,2,687,0.22820244156389516,1,0,0,1
16.03,91212305,2,9.49,2016-10-01,16000,0,312576,80000,26661,197,3,161,14,23,687,0.2508940045575526,1,0,1,0
11.01,92419251,0,14.99,2016-10-01,20000,0,17899,66836,5462,157,2,117,19,19,662,0.2258930782682992,0,1,0,0
26.5,94063552,0,18.99,2016-12-01,29800,0,82769,95000,28199,180,0,116,27,47,682,0.24178857354630912,0,0,0,1
24.99,91121149,1,22.39,2016-10-01,9125,1,69773,57000,2406,132,0,134,39,114,682,0.278503507164471,0,1,0,1
21.52,92217223,1,19.99,2016-10-01,5550,1,88272,28000,2645,25,7,37,7,7,677,0.25400944474180537,0,0,0,1
12.09,90391461,1,12.79,2016-10-01,3950,1,28512,52000,3956,105,3,102,10,10,682,0.24772661201898094,0,1,1,0
10.15,92282152,12,15.99,2016-11-01,35000,0,31137,100000,10326,73,6,63,3,7,752,0.2258930782682992,1,0,1,0
30.59,94477218,1,13.99,2016-12-01,4000,0,133394,41866.56,8970,126,5,101,7,15,707,0.24772661201898094,0,0,0,1
8.51,94160739,2,18.99,2016-12-01,20250,1,9927,120000,6977,214,2,142,18,18,742,0.2398335190568419,0,1,1,0
13.27,93536525,5,17.99,2016-11-01,20000,0,305707,121000,3171,130,3,121,22,125,677,0.2258930782682992,0,1,0,1
15.13,93789979,4,10.49,2016-11-01,15000,0,239526,66000,18795,338,5,171,3,3,702,0.24405029299643655,0,0,0,0
19.68,93524507,3,12.74,2016-11-01,3500,0,57364,85000,28531,395,5,94,5,7,712,0.2218279015751931,1,0,1,0
32.2,94177867,0,21.49,2016-12-01,9000,0,132770,47475,20971,354,5,111,8,28,692,0.24178857354630912,0,0,1,0
14.8,91061796,7,9.49,2016-10-01,10000,0,355114,215040,10986,130,6,79,8,10,717,0.24178857354630912,0,0,1,0
26.14,94029200,8,26.99,2016-11-01,18000,1,210259,55000,3994,112,7,136,0,23,662,0.30642352237957415,0,1,0,1
22.12,91417446,0,11.44,2016-11-01,2000,0,122639,46000,2024,133,2,121,9,10,667,0.2398335190568419,1,0,0,1
26.76,94137104,3,5.32,2016-11-01,9000,0,340886,110000,6226,176,7,160,4,47,732,0.21658368254620217,0,0,0,0
18.32,95051755,0,13.99,2016-12-01,35000,0,273866,75000,16630,189,3,132,18,21,722,0.2367977506586332,0,0,0,1
23.91,94021938,0,22.74,2016-12-01,7200,1,14520,27000,11139,234,6,43,1,1,677,0.26936207385807537,1,0,1,0
15.49,91659229,4,18.99,2016-10-01,30000,0,226029,120000,28776,470,9,144,3,13,672,0.22820244156389516,0,0,0,1
26.01,92301894,2,7.24,2016-11-01,6400,0,666680,152000,61221,270,3,162,18,18,697,0.1764017439336834,0,0,0,0
29.55,95256303,3,15.99,2016-12-01,15000,0,77759,50000,6708,256,2,159,1,100,702,0.24038555719815624,0,0,1,0
15.86,92835360,2,8.24,2016-11-01,9600,0,57487,42000,13559,405,8,41,3,7,747,0.19155677855117656,0,0,0,0
20.69,90875468,3,17.99,2016-10-01,12000,0,50686,72540,21954,82,6,178,2,3,672,0.2258930782682992,0,0,0,1
7.82,91574118,1,7.99,2016-10-01,35000,0,579347,140000,30346,246,1,146,6,59,692,0.2962466441080822,0,0,0,1
19,94423659,7,12.74,2016-12-01,14400,0,32844,73000,14443,144,15,114,3,3,672,0.2258930782682992,0,1,0,0
8.43,96164359,4,8.24,2016-12-01,20000,0,13891,80000,2254,219,6,92,6,39,722,0.23093607081390768,1,0,0,0
20.49,94358447,8,10.49,2016-12-01,12000,0,299889,65000,11201,113,10,206,1,38,722,0.24236974246031542,0,0,0,0
16.59,95856795,2,11.49,2016-12-01,25000,0,44098,135000,8274,150,4,154,4,12,667,0.2258930782682992,0,0,0,0
15.71,95926405,0,11.39,2016-12-01,15175,1,17198,33000,17198,187,0,118,39,111,697,0.2258930782682992,0,1,1,0
30.16,92124290,7,25.49,2016-11-01,6075,1,326894,75000,18995,150,6,144,6,6,667,0.22820244156389516,0,0,0,1
8.2,94008744,2,11.44,2016-11-01,30000,0,200790,85000,15471,154,7,121,5,12,717,0.21658368254620217,0,0,1,0
4.56,93692240,2,5.32,2016-11-01,24000,0,557916,115000,3472,288,5,120,0,10,682,0.2258930782682992,0,0,0,0
15.13,94076255,1,6.99,2016-12-01,7000,0,21144,51000,17122,72,9,62,3,3,682,0.24405029299643655,0,1,1,0
28.2,93107682,12,11.44,2016-12-01,35000,0,249022,171250,13125,120,16,123,2,9,762,0.16180741466312665,0,1,0,1
13.12,91298314,0,9.49,2016-10-01,6000,0,459778,72000,4212,260,6,110,1,24,687,0.2258930782682992,0,0,1,0
24.84,93664776,0,10.49,2016-11-01,16725,0,305626,74400,30680,210,6,159,7,7,747,0.2367977506586332,0,0,1,0
20.45,91377598,3,16.99,2016-10-01,35000,0,347472,103365,29610,252,9,86,7,10,722,0.2258930782682992,0,0,0,1
29.7,92003250,0,25.49,2016-10-01,23000,0,41354,55430,6148,155,6,140,5,10,702,0.16180741466312665,0,1,1,0
28.47,93491155,6,21.49,2016-11-01,5475,1,127632,40000,673,103,4,125,8,43,672,0.22964600222399478,0,0,1,0
34.81,91647718,5,26.99,2016-10-01,18000,0,31105,38000,7866,50,4,20,1,50,702,0.2258930782682992,0,1,1,0
19.29,91329962,2,11.49,2016-10-01,35000,1,45687,110000,2349,120,8,121,5,5,717,0.16180741466312665,0,1,0,1
11.11,93791834,1,12.74,2016-11-01,3000,0,50385,62435,13345,123,7,116,8,8,662,0.24178857354630912,0,1,1,0
15.58,91301328,0,10.49,2016-10-01,10775,0,133804,44000,1080,245,3,144,12,13,802,0.22820244156389516,0,0,0,0
9.65,94055491,2,8.24,2016-11-01,4000,0,29021,75000,5168,318,4,111,12,17,742,0.21910964887857984,0,1,0,0
6.63,91661086,2,14.99,2016-10-01,4000,0,21360,50000,3661,138,2,145,2,7,692,0.24178857354630912,0,1,1,0
15.8,91428272,4,6.99,2016-10-01,18000,0,239145,107869,8405,135,7,163,2,2,752,0.22820244156389516,0,0,0,0
14.88,91070981,3,13.99,2016-10-01,11200,1,22017,58000,6949,241,7,125,11,22,697,0.2508940045575526,1,0,0,0
21.68,90389743,1,11.49,2016-10-01,25000,1,54233,80000,20068,216,4,157,4,4,787,0.22820244156389516,0,1,0,0
11.53,92565831,6,13.99,2016-11-01,4800,0,38350,69000,1938,208,9,84,3,7,697,0.22541344615680733,0,1,1,0
24.54,92044536,1,15.99,2016-11-01,12000,0,115784,42000,6388,110,6,114,12,13,667,0.2262116396218806,0,0,0,0
18.42,90985226,2,24.99,2016-10-01,28000,0,46529,74000,583,238,10,93,2,18,672,0.2258930782682992,0,0,0,0
7.93,94330755,2,12.74,2016-11-01,7000,0,289395,110000,15888,184,4,182,2,12,742,0.24405029299643655,0,0,0,0
13.19,90400846,0,14.49,2016-10-01,8000,0,90966,51425,4184,252,6,104,0,0,672,0.24236974246031542,0,0,0,1
20.08,94008913,1,11.49,2016-11-01,22000,0,162972,50000,105349.48000000001,256,4,123,11,11,677,0.24772661201898094,0,0,0,0
17.7,90221794,5,7.99,2016-10-01,16100,1,72077,76000,16616,159,5,191,0,4,682,0.23093607081390768,0,1,0,0
10.07,92837940,1,17.99,2016-11-01,10000,1,146027,100000,20087,127,6,226,8,8,667,0.2962466441080822,0,0,1,0
19.27,94000004,6,19.99,2016-11-01,10000,1,281167,60000,5555,121,8,175,6,7,667,0.22541344615680733,0,0,0,1
37.21,92214370,1,13.49,2016-10-01,24000,1,252831,55000,32878,191,1,106,10,10,667,0.2367977506586332,0,0,0,1
25.72,91375565,4,7.99,2016-10-01,5000,1,291147,85000,19088,314,6,158,4,118,732,0.24772661201898094,1,0,1,0
18.75,91494718,1,10.49,2016-10-01,1000,0,68274,40000,7499,249,2,123,9,22,722,0.24178857354630912,0,1,0,0
30.12,92818676,0,17.99,2016-11-01,21000,0,139254,73000,15770,205,1,180,10,10,682,0.25220620065309657,0,0,1,0
10.12,37780800,2,13.99,2016-11-01,10000,0,203537,49920,13580,292,6,30,4,4,702,0.2586338582330572,0,0,0,0
15.91,94241471,3,15.99,2016-12-01,35000,0,40420,92000,4799,115,5,135,1,115,712,0.24405029299643655,0,0,0,1
12.98,92085455,3,11.44,2016-11-01,35000,1,681618.6899999992,260000,68456,319,4,134,4,4,732,0.2258930782682992,0,0,1,0
24.17,91525478,2,11.39,2016-10-01,8000,0,76407,139000,36745,134,8,166,4,24,702,0.2218279015751931,0,1,1,0
9.77,94437446,3,11.49,2016-12-01,10000,0,206240,55000,25968,125,2,129,5,21,757,0.24236974246031542,0,0,1,0
9.19,91691605,2,17.99,2016-10-01,24000,0,29547,84000,6033,198,1,161,2,48,697,0.24772661201898094,0,1,0,0
8.6,91182050,0,6.99,2016-10-01,8000,0,12916,42000,5451,152,1,174,18,18,762,0.2258930782682992,0,1,0,0
23.5,91553563,2,11.49,2016-10-01,10000,0,43669,65000,12831,39,4,44,13,13,677,0.16197620383450775,0,1,1,0
21.07,91682490,12,15.99,2016-11-01,9000,0,45157,79500,5925,187,7,186,5,5,687,0.24772661201898094,0,1,0,1
11.07,94347266,3,11.49,2016-12-01,6675,0,197753,40000,6782,153,12,81,1,1,687,0.24772661201898094,0,0,1,0
31.81,91383193,5,16.99,2016-10-01,25150,0,219527,73000,14258,180,8,134,5,5,727,0.2398335190568419,0,0,0,0
15.28,91132301,4,11.49,2016-10-01,3000,1,40456,100000,6787,227,4,166,11,36,667,0.2398335190568419,0,0,0,0
24.38,91032578,2,10.99,2016-10-01,2400,0,41987,51000,12961,167,3,228,3,11,687,0.22541344615680733,1,0,1,0
16.95,94123460,3,8.24,2016-12-01,2800,0,336222,73000,7718,179,8,231,2,2,702,0.16180741466312665,0,0,0,0
21.48,95349481,0,8.24,2016-12-01,35000,0,428192,145000,24199,136,7,104,4,13,732,0.21658368254620217,0,0,1,0
25.85,92154728,12,13.49,2016-11-01,10000,0,174742,58820,1514,256,4,172,5,58,677,0.3133839123580087,0,0,1,0
19.71,91122375,4,14.99,2016-11-01,16350,0,12363,38971,6566,120,2,136,7,23,677,0.16180741466312665,0,1,0,0
15.62,91309931,0,11.44,2016-10-01,8000,0,410460,220000,32050,306,3,206,10,28,677,0.23093607081390768,1,0,1,0
9.85,92788694,0,12.74,2016-11-01,14000,0,15473,67000,8399,106,4,57,11,20,687,0.26936207385807537,0,0,1,0
25.39,95775121,4,13.49,2016-12-01,24000,0,222843,96000,2261,107,6,107,1,14,662,0.2367977506586332,0,0,1,0
28.4,94071934,1,5.32,2016-12-01,7500,1,208290,73600,23518,252,3,184,5,5,687,0.26936207385807537,0,0,0,1
31.91,93032511,0,19.99,2016-11-01,10000,1,32866,25500,11658,134,3,46,4,4,717,0.2258930782682992,0,1,1,0
24.91,95029985,0,7.49,2016-12-01,4500,0,17670,33538,4746,121,5,173,3,9,762,0.23846830760717275,0,1,0,0
18.78,91963709,2,14.99,2016-11-01,32000,0,269944,69000,2389,153,7,150,7,9,697,0.21658368254620217,0,0,0,1
3.09,94256901,1,7.99,2016-11-01,2400,0,2767,45000,1303,229,3,13,8,8,732,0.1764017439336834,0,1,0,0
29.15,94065720,7,13.49,2016-11-01,15000,1,300043,105000,19656,239,10,189,1,3,677,0.21658368254620217,0,0,0,1
9.97,91041894,2,5.32,2016-10-01,5000,0,20154,80000,4712,285,4,151,9,10,742,0.2398335190568419,0,1,0,0
21.19,91353507,2,12.79,2016-10-01,20000,0,266842,165000,97924,142,5,191,2,38,667,0.2398335190568419,0,0,0,1
17.95,92073613,6,7.49,2016-10-01,6500,0,98697,50000,12542,263,7,160,1,11,782,0.3045384699149415,1,0,0,0
21.63,92829335,3,17.99,2016-11-01,15000,0,54151,80000,8692,257,4,114,2,37,707,0.24102227492165665,0,1,0,1
16.28,91277718,0,7.59,2016-10-01,25000,0,502334,120000,24244,233,4,225,11,112,807,0.25400944474180537,0,0,0,0
28.2,96033247,1,11.49,2016-12-01,10000,0,63164,56000,10538,59,5,87,3,7,687,0.2367977506586332,0,1,0,1
23.01,93873434,0,15.99,2016-11-01,16000,0,38406,45000,11266,182,0,128,26,104,712,0.2258930782682992,0,1,1,0
7.33,94070752,1,11.39,2016-12-01,6000,0,198137,45000,1121,213,5,92,4,52,677,0.21658368254620217,0,0,0,0
20.25,96043889,0,7.99,2016-12-01,18775,0,29221,85000,10387,194,1,196,19,49,702,0.24405029299643655,0,1,1,0
9.96,94102371,0,26.99,2016-12-01,10525,1,32944,50000,2378,32,3,134,3,3,677,0.26936207385807537,0,1,1,0
32.73,95269384,2,14.99,2016-12-01,35000,0,477557,140000,64306,154,5,113,9,18,687,0.16180741466312665,0,0,0,1
18.54,92340454,3,17.99,2016-11-01,12000,1,241061,55149,9596,137,6,153,4,4,692,0.2367977506586332,1,0,0,1
25.73,95088079,1,11.44,2016-12-01,6000,0,184934,40076.24,4671,248,6,157,4,17,707,0.24236974246031542,0,0,0,1
29.74,93278386,3,13.99,2016-11-01,4750,1,47157,40032,3813,257,9,184,5,5,667,0.3029734287056215,1,0,0,1
27.09,92748912,1,11.49,2016-11-01,15000,1,152798,80000,27817,128,2,155,4,4,677,0.24236974246031542,0,0,1,0
23.81,93501683,1,10.49,2016-11-01,6000,1,19218,35000,5240,93,7,25,5,6,742,0.2258930782682992,1,0,1,0
13.55,91253408,2,19.99,2016-10-01,10000,0,38322,64480,7206,84,1,50,4,36,692,0.21658368254620217,1,0,1,0
29.45,91373259,0,10.99,2016-10-01,2400,0,23129,41000,0,136,1,134,24,132,807,0.24178857354630912,0,0,0,1
21.18,94931566,3,13.49,2016-12-01,12000,0,57745,65000,12230,127,3,98,4,4,687,0.24236974246031542,0,1,1,0
5.18,92557790,2,11.44,2016-11-01,16000,0,11059,85000,1624,74,2,26,12,40,797,0.24405029299643655,0,0,1,0
13.59,92588144,2,6.99,2016-12-01,24000,0,529723,260000,105349.48000000001,251,5,117,6,32,692,0.16180741466312665,0,0,1,0
17.55,95256491,2,12.74,2016-12-01,16000,0,663527,260000,16067,171,6,137,2,56,697,0.2586338582330572,0,0,0,1
20.12,91157188,0,10.49,2016-10-01,4800,0,29203,26000,13380,113,2,88,8,28,672,0.2367977506586332,0,1,1,0
19.87,94017870,12,19.99,2016-11-01,12000,0,121955,86555,28613,132,14,150,2,5,672,0.24772661201898094,0,0,1,0
15.09,90320572,4,14.99,2016-11-01,20000,0,274688,68316,10867,175,10,124,2,2,677,0.2367977506586332,0,0,1,0
21.49,94122304,1,12.74,2016-12-01,7200,0,230845,92000,35315,207,4,163,10,12,667,0.16180741466312665,0,0,0,0
14.75,95096177,2,10.49,2016-12-01,12000,0,81638,125000,10639,80,2,148,15,15,702,0.2258930782682992,1,0,1,0
18.97,92892095,0,15.99,2016-12-01,14000,0,28923,47000,11116,107,5,133,1,1,687,0.23093607081390768,0,1,0,1
17.54,95089731,6,17.99,2016-12-01,3475,0,300504,60000,14795,120,6,108,3,26,667,0.2586338582330572,0,0,0,0
19.94,94248530,0,13.99,2016-12-01,6400,1,262063,55000,27707,158,1,110,24,26,667,0.21658368254620217,0,0,1,0
16.74,90100160,10,15.59,2016-10-01,10000,0,28582,62000,9418,198,14,127,0,0,662,0.22820244156389516,0,1,0,0
20.66,95052162,1,11.49,2016-12-01,8000,0,60062,52000,16114,125,3,120,15,15,672,0.2962466441080822,0,0,1,0
14.3,93534628,1,5.32,2016-12-01,25000,0,44098,130000,12959,301,1,152,17,89,757,0.2367977506586332,0,1,1,0
9.41,95208479,2,6.99,2016-12-01,28800,1,22708,120000,11451,266,2,136,14,53,727,0.2218279015751931,0,0,0,0
28.15,94093567,1,8.24,2016-12-01,4000,0,175589,70000,4387,203,5,153,3,25,707,0.21658368254620217,0,0,0,1
6.96,92215717,2,8.24,2016-10-01,11200,0,197518,100000,6399,238,3,125,5,26,677,0.2294121971136406,0,0,0,0
18.18,93930236,3,15.99,2016-11-01,12000,0,298164,90000,26818,111,12,142,2,3,707,0.19155677855117656,0,0,0,1
15.67,96154307,1,13.99,2016-12-01,4000,0,31631,50000,5391,40,3,38,21,32,667,0.2367977506586332,0,1,1,0
4.34,91534520,0,6.99,2016-10-01,7000,0,83830,65000,5540,424,2,169,9,9,767,0.25220620065309657,0,0,0,0
21.24,94781630,3,25.49,2016-12-01,28000,0,314384,90000,27502,257,16,109,7,13,672,0.22820244156389516,1,0,1,0
21.64,91518492,3,8.24,2016-10-01,10000,1,449141,215000,42360,314,7,149,2,20,677,0.22964600222399478,0,0,0,1
18.06,93605783,7,12.74,2016-11-01,10000,0,33874,42000,3357,141,7,126,2,52,702,0.1935332077454842,0,0,0,0
33.2,94227947,1,26.24,2016-12-01,15625,0,86581,60000,17325,66,7,74,5,17,677,0.2218279015751931,0,1,1,0
21.45,94024369,9,19.99,2016-12-01,16375,1,453334,90000,12713,252,11,241,2,3,667,0.2258930782682992,0,0,0,1
11.16,91172285,1,14.99,2016-10-01,5000,0,25344,47000,3130,146,3,138,6,6,697,0.16180741466312665,0,1,1,0
20.18,92065169,4,17.99,2016-11-01,12000,0,121653,70000,5828,272,13,125,4,16,707,0.2367977506586332,0,0,0,1
13.66,95319689,0,8.24,2016-12-01,20000,0,42570,140000,7865,132,2,37,3,104,782,0.2258930782682992,0,1,0,0
2.91,91121693,2,13.49,2016-10-01,4800,1,2111,55000,2111,130,3,128,3,6,677,0.26936207385807537,0,1,1,0
11.77,92015024,0,7.24,2016-11-01,35000,0,336214,127500,27724,218,1,230,21,27,697,0.26936207385807537,0,0,0,1
13.92,92310529,4,11.49,2016-11-01,10000,0,308380,85000,8088,38,5,169,1,38,687,0.22820244156389516,0,0,1,0
15.12,95047349,1,16.99,2016-12-01,10000,0,18303,80000,3426,149,2,133,5,12,662,0.24236974246031542,0,1,0,1
20.67,95136344,0,11.44,2016-12-01,14000,0,220325,76000,389,212,1,136,12,123,697,0.16402453469631748,0,0,0,1
28.56,91487554,1,13.49,2016-11-01,9400,0,25047,28121.6,9683,198,3,151,4,18,697,0.2218279015751931,0,1,0,0
13.22,94392186,1,11.44,2016-12-01,35000,0,380261,85000,41274,358,1,129,7,7,727,0.2258930782682992,0,0,0,1
3.72,90805309,1,9.49,2016-10-01,5000,0,281297,125000,1970,204,4,128,7,7,702,0.2218279015751931,0,0,1,0
9.19,91497911,0,15.99,2016-10-01,17600,0,12912,53000,6007,186,6,34,14,14,677,0.2258930782682992,0,1,0,0
24.98,91041806,2,11.49,2016-10-01,10000,0,67634,105000,36757,183,3,141,9,14,732,0.21658368254620217,0,1,0,0
12.23,90997195,4,13.99,2016-10-01,12000,0,37453,94000,10182,332,6,129,1,1,667,0.2258930782682992,0,0,0,0
29.92,91131048,1,11.49,2016-10-01,7000,0,22594,30000,10963,170,5,71,5,5,747,0.16402453469631748,0,1,0,0
31.81,91423118,3,16.99,2016-10-01,4800,0,217752,50000,5059,201,14,25,4,4,692,0.25400944474180537,0,0,0,1
11.92,94356797,2,19.99,2016-11-01,15000,0,182470,60000,11554,275,4,127,7,7,672,0.21701380971305592,0,0,0,0
26.67,93993076,3,15.99,2016-11-01,18000,0,66106,65000,24325,69,3,84,14,14,697,0.2962466441080822,1,0,0,0
17.46,91913596,0,14.99,2016-11-01,16000,1,107857,56000,5265,118,2,108,2,2,692,0.22964600222399478,0,0,1,0
14.91,91493953,0,11.49,2016-11-01,33000,0,48550,150000,15555,295,2,184,11,20,672,0.2398335190568419,0,0,1,0
10.13,92280646,0,12.74,2016-11-01,5000,1,5432,25000,5432,112,4,134,5,5,662,0.24178857354630912,0,1,1,0
27.65,91630264,3,14.49,2016-10-01,12000,0,34942,75000,9657,110,3,145,5,5,727,0.2398335190568419,0,1,0,0
28.94,95652114,2,15.99,2016-12-01,20000,0,266105,99200,47115,377,3,145,8,8,702,0.22820244156389516,0,0,0,0
19.65,95210066,1,15.99,2016-12-01,35000,1,47497,90000,16026,49,1,58,15,15,667,0.22820244156389516,0,1,0,1
20.4,94348757,0,5.32,2016-12-01,10000,0,179479,44000,3945,200,1,134,6,81,797,0.26936207385807537,0,0,0,0
25.21,91597550,5,13.49,2016-10-01,12000,1,77336,96000,11626,161,5,134,3,12,712,0.21658368254620217,0,1,0,1
18.82,94330470,3,13.49,2016-11-01,20000,0,165512,92000,53008,164,10,161,5,12,662,0.2398335190568419,0,0,0,0
14.24,95557226,2,10.49,2016-12-01,13500,0,36503,83500,12280,185,8,132,5,31,667,0.22541344615680733,0,1,1,0
20.64,92449822,1,10.49,2016-10-01,20000,0,255095,100000,30662,177,3,124,5,52,757,0.24405029299643655,0,0,0,0
22.93,91345982,1,17.99,2016-10-01,10000,0,52626,65000,11350,108,5,37,7,15,692,0.23093607081390768,0,1,1,0
33.24,93687411,2,12.74,2016-11-01,1800,0,37779,60000,15297,352,4,158,3,19,702,0.22820244156389516,0,1,0,0
27.56,91947537,0,12.74,2016-11-01,10000,0,150499,53464,40750,177,0,227,38,38,732,0.24038555719815624,0,0,0,0
16.37,91305443,3,7.59,2016-10-01,15000,1,271714,160000,14370,190,9,143,5,5,707,0.26936207385807537,0,0,1,0
21.79,91589847,3,26.99,2016-10-01,17500,0,32580,45000,1734,285,3,47,10,12,702,0.2258930782682992,0,0,1,0
13.03,91243289,0,8.99,2016-10-01,5000,0,23907,75000,9543,283,2,121,4,35,717,0.2398335190568419,0,0,0,0
13.75,93114528,2,13.49,2016-11-01,9000,0,168865,50000,14540,156,10,136,7,9,682,0.2367977506586332,0,0,1,0
21.47,94228063,12,21.49,2016-12-01,27275,0,167103,62000,7101,139,7,138,1,18,662,0.30642352237957415,0,0,1,0
15.56,90815825,2,14.49,2016-10-01,12000,0,238631,79000,14403,180,4,170,14,14,707,0.2508940045575526,0,0,0,0
6.33,90082803,1,12.74,2016-10-01,8000,0,7312,40000,7312,92,3,65,2,2,707,0.2367977506586332,0,1,0,0
20.39,94012526,5,23.99,2016-11-01,3500,0,42104,80000,5925,41,10,35,4,4,682,0.2367977506586332,0,1,0,1
28.3,92291724,4,17.99,2016-12-01,14000,0,210305,49140,7282,68,3,75,3,13,742,0.22541344615680733,0,0,0,1
10.66,93390268,0,5.32,2016-11-01,19200,0,452399,120000,10864,180,1,151,18,114,707,0.2258930782682992,0,0,1,0
18.18,92524831,0,11.44,2016-11-01,10000,0,14201,35000,9543,73,2,41,10,37,687,0.16337446126458402,0,1,0,0
22.92,91434038,5,17.99,2016-10-01,15000,0,334391,125000,20720,364,13,124,2,15,672,0.25400944474180537,0,0,0,0
19.94,94168391,2,11.39,2016-12-01,20000,0,261422,90000,17188,302,3,276,11,11,727,0.2586338582330572,0,0,0,0
20.64,91031159,3,19.99,2016-10-01,10000,0,25139,35000,3547,48,5,38,5,13,667,0.2508940045575526,1,0,0,1
20.11,95294231,12,14.99,2016-12-01,20000,0,150111,90000,10721,187,9,127,7,19,672,0.24038555719815624,0,0,0,1
6.63,93525701,3,11.44,2016-11-01,5000,0,267179,140000,594,139,6,110,3,18,707,0.24178857354630912,0,0,1,0
6.32,91414525,3,14.49,2016-10-01,26625,1,11558,55498,10918,453,1,132,12,12,697,0.24236974246031542,1,0,1,0
27.5,94130128,2,8.24,2016-12-01,12000,0,63341,79000,4847,163,9,140,3,6,787,0.2398335190568419,0,0,0,0
10.96,95159157,0,11.49,2016-12-01,15000,0,331862,100000,31732,139,4,161,11,11,677,0.24772661201898094,0,0,1,0
14.89,90956188,2,8.99,2016-10-01,4800,0,167697,44000,3648,281,4,147,3,3,677,0.2586338582330572,0,0,1,0
11.46,92227071,5,16.99,2016-10-01,3000,0,110846,80000,6885,15,16,147,1,9,672,0.22820244156389516,0,0,0,1
9.07,91288461,6,11.49,2016-10-01,6000,0,529545,90000,4469,240,2,178,7,21,667,0.2258930782682992,0,0,1,0
5.15,95043491,3,8.24,2016-12-01,11000,0,10820,100000,10760,162,6,160,15,19,707,0.2258930782682992,0,0,0,0
25.44,91358391,0,7.99,2016-10-01,8000,0,193243,55000,10134,244,3,125,15,20,692,0.2218279015751931,0,0,0,0
13.57,94394098,3,11.49,2016-12-01,4000,0,284125,80000,16385,106,4,46,4,24,672,0.16197620383450775,0,0,1,0
20.62,95855818,1,17.99,2016-12-01,20000,1,415137,130000,17626,385,7,166,3,3,667,0.2258930782682992,1,0,1,0
14.5,93604423,3,15.99,2016-11-01,28000,1,310315,220000,28098,233,9,165,2,2,672,0.24405029299643655,0,0,0,1
9.82,94211741,1,7.99,2016-12-01,10000,0,158533,120000,8239,362,3,156,7,96,747,0.24772661201898094,0,0,0,0
28.29,92835083,1,13.99,2016-11-01,10400,0,199779,65000,23654,134,4,205,6,6,717,0.2398335190568419,0,0,0,0
18.08,90766441,1,24.99,2016-10-01,18000,0,15035,45000,1292,109,5,147,3,3,682,0.26936207385807537,0,1,0,1
23.39,92339496,1,13.49,2016-10-01,20000,0,371833,80000,7896,154,4,131,6,13,682,0.1764017439336834,0,0,0,1
29.71,91219453,8,10.99,2016-10-01,8650,1,115494,70000,5498,255,6,126,7,18,667,0.25220620065309657,0,0,0,1
25.71,92369658,0,5.32,2016-10-01,10000,0,35747,48780,13648,181,4,167,16,36,762,0.22820244156389516,0,0,0,0
29.45,94750051,0,15.99,2016-12-01,27600,0,32432,55200,29746,131,3,90,12,12,682,0.2367977506586332,0,1,1,0
36.75,95365509,11,13.49,2016-12-01,13425,0,297138,43377,13082,309,2,135,1,1,697,0.1935332077454842,1,0,0,1
22.47,92911741,0,11.39,2016-11-01,10275,0,148326,47000,2934,254,2,153,13,45,807,0.22964600222399478,0,0,0,0
14.65,91313912,4,10.99,2016-10-01,18000,0,181093,47200,3137,196,8,146,5,5,702,0.21658368254620217,0,0,0,1
14,92460070,1,18.99,2016-11-01,28800,0,29752,120000,3300,105,9,118,3,69,677,0.1764017439336834,0,1,1,0
34.51,92844464,3,13.49,2016-12-01,10000,0,290034,49000,12740,47,5,51,7,24,682,0.21658368254620217,0,0,0,1
31.16,91457707,1,25.49,2016-12-01,5000,1,29969,30000,12125,138,3,254,3,33,687,0.3133839123580087,1,0,0,1
24.45,92174470,2,12.74,2016-11-01,20000,0,145137,45000,11373,161,6,145,6,7,662,0.2367977506586332,0,0,1,0
29.84,93328209,0,14.99,2016-11-01,10000,0,46200,50000,30374,212,3,128,13,37,687,0.24178857354630912,0,1,0,1
24.99,95126330,4,16.99,2016-12-01,18000,1,39421,50000,13393,45,7,53,2,2,662,0.2258930782682992,0,1,0,1
12.16,95008069,1,13.49,2016-12-01,14000,1,127224,84000,16020,163,4,54,9,9,677,0.22820244156389516,0,0,0,1
26.59,90124838,1,19.99,2016-10-01,24000,1,74749,88000,10877,211,7,162,1,13,697,0.24405029299643655,0,1,0,1
27.02,95032650,3,13.99,2016-12-01,20000,1,201398,60000,13919,161,7,17,0,2,697,0.22964600222399478,0,0,0,1
25.08,91203018,9,18.99,2016-10-01,12000,0,250925,110000,16641,120,16,276,1,1,662,0.24102227492165665,0,0,0,1
24.32,91092322,1,24.49,2016-10-01,6000,0,30867,65520,6587,215,6,156,5,17,667,0.22820244156389516,0,0,0,1
9.25,95587637,2,17.99,2016-12-01,12000,1,95585,62000,11450,145,4,153,2,5,662,0.22820244156389516,0,0,1,0
9.76,91949079,4,8.24,2016-10-01,21000,1,19469,54000,9413,280,4,105,12,12,807,0.22541344615680733,0,1,0,0
25.42,91326241,2,8.99,2016-10-01,7500,0,79769,48100,12098,137,7,254,4,15,677,0.22820244156389516,1,0,1,0
6.51,95167938,2,13.49,2016-12-01,12000,0,578511,250000,13757,252,2,236,4,45,712,0.21910964887857984,0,0,1,0
28.92,92321111,2,18.99,2016-11-01,12000,1,145694,79000,31235,65,4,276,11,11,662,0.22820244156389516,0,1,0,1
28.8,93819777,2,7.49,2016-11-01,10000,0,220675,47000,8940,142,4,128,8,8,707,0.22541344615680733,0,0,0,1
20.8,95826258,0,6.99,2016-12-01,6000,0,215042,70000,2109,143,2,176,16,59,687,0.2508940045575526,0,0,0,0
14.75,94209267,2,11.44,2016-12-01,10000,0,224633,71100,3174,72,4,100,5,32,707,0.2367977506586332,0,0,1,0
13.5,94029829,0,14.99,2016-11-01,19675,1,307212,60000,13408,133,5,142,4,17,667,0.2258930782682992,0,0,0,1
18.37,95715501,2,7.49,2016-12-01,26000,0,183492,65000,16572,294,3,150,4,4,692,0.22820244156389516,0,0,0,1
20.3,92573781,1,14.99,2016-11-01,16000,0,67616,81000,28638,97,4,140,16,18,717,0.24405029299643655,0,1,0,1
10.93,95159999,4,13.49,2016-12-01,18000,1,231466,144000,11865,152,4,128,11,51,687,0.24405029299643655,0,0,1,0
4.34,92902242,0,11.44,2016-11-01,15000,0,259707,100008,9236,193,0,138,39,60,672,0.25400944474180537,0,0,1,0
8.7,91784188,12,15.99,2016-11-01,11000,0,112114,153000,8823,191,3,185,10,30,687,0.1089257395525156,0,0,0,0
28.48,94417750,3,25.49,2016-12-01,20000,0,41221,59000,33067,168,9,145,2,2,672,0.24405029299643655,1,0,0,1
15.73,93348269,3,11.44,2016-11-01,30000,1,318218,98500,27984,104,2,125,4,6,677,0.2262116396218806,0,0,0,1
10.18,90591814,1,8.99,2016-10-01,6100,0,13967,37000,13967,166,8,119,2,2,707,0.23093607081390768,0,1,0,0
21.72,94477541,1,13.49,2016-12-01,13000,0,110502,70000,10552,127,8,106,3,8,667,0.22541344615680733,0,0,0,0
15.46,91692333,3,12.74,2016-10-01,10600,0,190094,56190,9148,136,6,145,5,5,677,0.22964600222399478,0,0,0,1
7.36,92232681,1,11.49,2016-11-01,12000,0,53554,85000,9486,127,1,160,5,5,677,0.22820244156389516,1,0,0,0
5.45,94103864,1,12.74,2016-12-01,8000,0,4065,35000,4065,390,1,159,7,97,672,0.2586338582330572,0,0,1,0
32.7,92075684,0,7.99,2016-10-01,14000,0,100486,80000,26200,66,8,206,1,8,742,0.2258930782682992,0,1,0,0
32.03,93831304,0,10.49,2016-11-01,10500,0,103775,52000,14858,225,0,188,26,53,712,0.24236974246031542,0,0,0,0
20.81,92221491,0,8.24,2016-10-01,5000,0,33036,50000,9424,143,5,130,4,13,742,0.21658368254620217,1,0,0,0
22.31,94200276,3,16.99,2016-12-01,5000,0,430000,80000,9538,120,6,276,3,3,667,0.2398335190568419,0,0,1,0
10.67,91723322,1,13.49,2016-10-01,17500,0,42980,74000,14109,179,1,167,21,74,682,0.2218279015751931,0,1,0,0
25.58,91476723,0,12.74,2016-10-01,9100,0,87834,32000,11013,110,2,118,7,18,682,0.2258930782682992,0,1,0,0
10.22,91298943,0,8.99,2016-10-01,6600,0,11185,51000,11185,237,3,157,4,4,732,0.24405029299643655,0,1,0,0
26.85,91071177,4,19.99,2016-10-01,8650,0,20533,40000,8504,286,7,35,1,4,672,0.2367977506586332,0,1,0,1
28.19,95263061,1,12.74,2016-12-01,14400,0,182670,52000,16810,210,5,151,2,35,662,0.2962466441080822,0,0,0,1
10.22,92513494,1,24.74,2016-11-01,35000,1,174586,115000,6751,145,9,121,5,30,662,0.25450503330821056,0,0,0,1
9.58,93705184,1,11.39,2016-11-01,5400,0,14504,78000,12049,388,1,22,22,28,722,0.2258930782682992,1,0,0,0
22.01,93772977,0,11.49,2016-11-01,16000,0,112014,97000,20611,129,8,85,1,1,727,0.2367977506586332,0,1,0,0
11.34,92342080,0,11.39,2016-11-01,5000,0,17455,25500,4385,323,1,65,7,7,707,0.21701380971305592,0,0,1,0
18.16,94434502,2,15.99,2016-12-01,4650,1,278776,45000,32004,126,6,29,7,7,687,0.2218279015751931,1,0,1,0
30.49,94412361,0,15.99,2016-12-01,4500,0,95486,52000,9739,185,3,136,3,34,687,0.22820244156389516,1,0,0,1
29.54,96003384,1,11.49,2016-12-01,10000,0,33935,65000,14388,174,7,166,2,2,697,0.21658368254620217,1,0,1,0
11.86,95527620,1,10.49,2016-12-01,24000,1,146422,118000,2403,176,3,145,2,60,692,0.2367977506586332,0,0,1,0
16.18,94004998,2,17.99,2016-11-01,24000,1,254712,104000,24828,149,1,181,20,30,662,0.22820244156389516,0,0,1,0
28.55,93982801,7,16.99,2016-12-01,12000,1,349506,115000,18786,178,6,124,5,40,672,0.24405029299643655,0,0,0,1
22.78,94122993,1,7.99,2016-12-01,20000,0,348047,78000,4599,216,7,153,7,13,737,0.16180741466312665,0,0,0,0
13.29,95148621,2,11.49,2016-12-01,15000,0,32918,77000,7906,206,3,138,8,12,682,0.2258930782682992,0,1,1,0
22.28,93882523,4,14.99,2016-11-01,8400,0,35838,46814,7018,149,5,157,3,29,702,0.16180741466312665,0,1,1,0
3.21,90413899,1,10.49,2016-10-01,16800,1,268109,92000,9675,144,3,179,3,54,697,0.22820244156389516,0,0,0,0
12.39,93595376,3,19.99,2016-11-01,30000,0,236592,70000,16954,106,6,171,2,2,667,0.16180741466312665,0,0,0,1
16.54,93612258,0,21.49,2016-11-01,2500,0,31242,37440,2722,21,3,51,10,12,662,0.22820244156389516,0,1,0,1
27.23,92535367,2,10.49,2016-11-01,6300,0,21659,45000,1908,158,9,151,2,26,712,0.21658368254620217,0,1,1,0
10.42,92217910,7,11.49,2016-11-01,13000,0,160265,75000,9268,242,6,117,4,11,667,0.22541344615680733,0,0,1,0
2.35,91367516,1,11.49,2016-10-01,7000,0,202633,90220,5481,49,5,52,7,19,687,0.23093607081390768,0,0,0,0
22.77,90511140,3,21.49,2016-10-01,24000,0,202083,100000,16023,105,11,276,6,25,662,0.24178857354630912,0,0,0,1
28.84,95296207,1,14.99,2016-12-01,7000,1,324977,84500,29948,178,7,132,1,1,687,0.2367977506586332,0,0,0,1
12.93,95221425,6,15.99,2016-12-01,4000,0,17004,44537,1209,47,4,31,14,17,667,0.24405029299643655,0,1,1,0
17.82,93900034,0,17.99,2016-11-01,4000,0,87437,70000,28310,331,10,149,1,5,667,0.2398335190568419,0,0,1,0
13.07,94167506,1,12.74,2016-12-01,18000,0,261247,100000,22837,116,3,276,11,22,667,0.14194112958139316,0,0,0,0
33.49,93401793,3,13.99,2016-11-01,7000,0,208112,55000,11670,45,3,183,3,3,712,0.26936207385807537,0,0,0,1
19.93,93101682,3,18.99,2016-12-01,17275,1,350308,58000,12259,235,10,138,1,5,712,0.2262116396218806,0,0,0,0
30.17,94171054,1,13.49,2016-12-01,9000,1,172579,86000,12786,142,10,146,2,2,672,0.2258930782682992,0,1,1,0
32.81,91965269,0,7.99,2016-10-01,14000,0,82635,96500,16737,163,9,125,5,5,772,0.22820244156389516,0,0,0,0
21.66,90065466,9,11.49,2016-10-01,6025,0,5188,35000,2621,251,10,127,3,3,692,0.23093607081390768,0,1,0,1
23.19,92708267,3,16.99,2016-11-01,15000,0,27681,62000,10765,199,4,150,8,17,702,0.24178857354630912,0,0,1,0
17.92,93655480,4,19.99,2016-11-01,30800,0,70726,115000,27173,132,15,132,3,3,692,0.2258930782682992,1,0,0,1
22.79,91804276,1,14.99,2016-10-01,10000,0,79648,120000,56815,114,3,97,1,1,667,0.26936207385807537,0,1,0,0
23.46,91127665,0,24.99,2016-10-01,28000,0,201164,100000,24162,228,5,180,3,14,667,0.24772661201898094,0,0,0,1
25.05,94143752,1,7.99,2016-12-01,15000,0,46287,85000,14133,96,3,46,13,16,762,0.22964600222399478,1,0,0,0
19.68,96269203,1,13.99,2016-12-01,10000,0,276465,100000,32107,179,5,162,2,2,712,0.21910964887857984,1,0,0,0
15.86,90756705,0,11.49,2016-10-01,1600,0,267560,70836,2481,470,6,159,9,16,697,0.2508940045575526,0,0,0,0
19.49,94263604,2,13.99,2016-12-01,6000,1,23539,45000,13191,198,7,230,6,19,687,0.24405029299643655,0,1,0,1
12.77,94164522,0,11.49,2016-12-01,21000,0,10017,50000,8118,68,3,151,11,54,662,0.1935332077454842,0,0,1,0
27.59,93850100,2,15.99,2016-11-01,35000,0,286060,87000,16147,126,8,134,3,6,702,0.2262116396218806,0,0,0,1
31.24,93400767,0,21.49,2016-11-01,14400,0,30872,30000,14554,77,2,159,4,40,682,0.26936207385807537,0,1,1,0
14.97,94339719,0,13.99,2016-12-01,18000,1,275354,80000,16025,92,4,67,7,8,717,0.2367977506586332,0,0,0,0
34.26,92598513,2,7.99,2016-11-01,16000,0,169242,51000,42247,224,4,238,4,25,707,0.22964600222399478,0,0,0,1
10.47,91433609,3,12.74,2016-10-01,10000,0,237961,102000,10875,203,8,23,4,55,687,0.21658368254620217,0,0,0,1
34.3,94022212,4,11.44,2016-12-01,12225,0,226118,53500,27162,216,3,121,2,38,692,0.3029734287056215,0,0,0,1
19.65,95111443,1,14.99,2016-12-01,12250,1,15808,35000,12881,46,4,67,6,6,667,0.2962094049669217,1,0,1,0
15.11,90101794,0,10.49,2016-10-01,6000,0,149692,43440,6343,131,12,147,1,2,717,0.21701380971305592,0,0,1,0
12.09,91012323,1,13.99,2016-10-01,11400,0,56928,170000,9007,215,5,177,2,35,707,0.2398335190568419,1,0,0,0
24.03,92587225,0,8.24,2016-11-01,28000,0,148917,120000,37973,137,3,136,14,14,727,0.1764017439336834,0,1,1,0
10.14,92678540,2,12.74,2016-11-01,5000,0,36790,80000,4259,157,4,74,10,21,672,0.26936207385807537,0,0,1,0
13.27,94067753,2,11.49,2016-12-01,11200,0,17172,51000,7960,263,9,71,1,1,677,0.24405029299643655,0,1,0,1
17.35,92522261,1,7.99,2016-11-01,6000,0,15906,35000,3003,154,1,125,17,17,722,0.24405029299643655,0,1,1,0
9.81,90115511,1,7.99,2016-10-01,35000,0,352444,240000,45300,303,3,45,1,6,687,0.16337446126458402,0,0,1,0
21.83,94921569,1,5.32,2016-12-01,4000,0,52292,89000,15802,209,6,231,3,28,782,0.2508940045575526,0,0,1,0
25.47,95163138,0,12.74,2016-12-01,5000,0,138482,40000,9619,164,4,82,11,11,692,0.22820244156389516,0,0,1,0
6.65,91308250,6,13.99,2016-11-01,5000,0,374367,65000,4942,103,4,107,2,2,707,0.2398335190568419,0,0,0,0
23.22,94122468,0,18.99,2016-12-01,16800,1,72680,80000,17182,39,2,164,11,11,692,0.22541344615680733,0,1,1,0
34.67,93031942,0,26.99,2016-11-01,12000,1,38957,44000,36444,334,2,9,9,36,677,0.25400944474180537,0,0,1,0
7.32,92279968,3,5.32,2016-11-01,15000,0,267115,115000,6300,171,2,92,13,79,797,0.1089257395525156,0,1,0,0
39.948699999999995,91278501,6,10.49,2016-10-01,12000,0,89683,60000,13809,179,9,86,4,13,737,0.3133839123580087,1,0,0,1
13.07,94596428,0,15.99,2016-12-01,18000,0,262658,100000,22110,225,4,161,6,28,697,0.2111913767566574,0,0,0,0
16.58,94342551,1,14.99,2016-12-01,10000,1,8945,55000,4286,33,4,121,2,14,662,0.2398335190568419,1,0,1,0
18.82,95012882,1,12.74,2016-12-01,23100,0,127060,107420,9021,241,3,144,4,25,667,0.26220086013005467,0,1,0,0
6.05,94751123,1,14.99,2016-12-01,3000,1,61466,45000,7787,135,5,152,1,48,677,0.2398335190568419,0,1,0,1
8.48,90214908,1,10.49,2016-10-01,10000,1,550793,190000,26350,246,3,133,17,17,662,0.2398335190568419,0,0,0,0
13.82,92543688,4,19.99,2016-11-01,28000,0,170764,145000,48655,216,0,182,25,52,662,0.21658368254620217,0,0,0,0
11.81,95178443,1,13.49,2016-12-01,8000,0,14425,65000,325,179,6,141,5,5,662,0.2258930782682992,0,1,0,1
15.52,91303609,1,7.99,2016-10-01,17000,0,101664,211000,33589,228,11,145,4,11,697,0.2398335190568419,1,0,1,0
4.04,94241611,0,10.49,2016-12-01,3000,0,7913,61750,2188,88,1,142,9,9,672,0.2367977506586332,0,1,0,0
4.63,91339561,0,14.49,2016-10-01,28800,1,5725,60000,5725,84,1,132,16,47,727,0.24405029299643655,0,1,0,0
9.58,93792995,9,15.99,2016-12-01,12000,0,423618,95000,8731,158,4,144,4,8,707,0.2218279015751931,0,0,1,0
5.93,94448131,7,17.99,2016-12-01,10000,1,51320,110000,6954,212,14,227,1,9,662,0.2367977506586332,0,1,1,0
6.22,91301057,6,15.59,2016-10-01,7825,1,507060,115000,4879,17,6,140,7,10,677,0.21658368254620217,0,0,1,0
18.72,94257220,3,17.99,2016-11-01,25000,0,267739,80000,12615,106,3,142,8,43,687,0.16180741466312665,0,0,1,0
19.85,91596039,2,15.99,2016-10-01,18000,0,55935,110000,6622,218,5,133,9,13,737,0.21701380971305592,0,1,0,1
14.1,90994381,1,10.49,2016-10-01,14400,1,140777,72000,2312,182,2,144,3,3,747,0.2367977506586332,0,0,0,0
25.57,92174658,3,21.49,2016-11-01,3875,1,197636,55000,7323,140,6,134,4,23,662,0.22820244156389516,0,0,1,0
23.28,94467953,3,14.99,2016-12-01,25000,1,190883,70000,11212,122,5,85,1,6,672,0.24236974246031542,0,0,0,1
17.73,93605443,0,14.99,2016-11-01,3000,0,22002,18000,752,59,1,75,23,23,672,0.16180741466312665,0,1,1,0
15.99,94157224,3,13.49,2016-12-01,21000,0,249552,170000,52946,208,5,136,8,10,677,0.2586338582330572,0,0,0,1
20.98,91277858,3,16.99,2016-10-01,4200,0,187346,39000,5359,216,7,31,2,148,687,0.2586338582330572,0,0,0,1
6.88,95226918,5,19.99,2016-12-01,28000,1,18297,101000,18297,269,4,131,6,6,672,0.2258930782682992,0,0,1,0
21.07,93792916,0,15.99,2016-11-01,8000,0,263052,103500,13571,68,8,92,7,18,662,0.22820244156389516,0,0,0,1
19.8,92872624,0,13.49,2016-11-01,18000,0,26907,60000,7599,36,1,65,23,23,662,0.2398335190568419,0,0,0,0
27.31,95088105,1,11.49,2016-12-01,8000,0,113380,39900,10308,470,4,155,9,11,667,0.22820244156389516,0,0,0,1
30.66,91295889,2,7.99,2016-10-01,25000,1,376349,96000,36690,470,3,114,10,23,747,0.2262116396218806,0,0,0,0
19.68,92575537,2,16.99,2016-11-01,5750,0,24241,40000,5306,132,6,131,2,2,662,0.24178857354630912,0,0,1,0
17.35,90008901,1,9.49,2016-10-01,20000,0,190552,85072,22782,103,4,64,5,28,737,0.22541344615680733,0,0,0,0
24.61,95139920,0,18.99,2016-12-01,21725,1,162472,65000,13268,166,6,169,2,148,712,0.26936207385807537,0,1,0,1
19.06,91357779,2,13.99,2016-10-01,10000,0,238322,50000,7864,222,10,213,3,3,702,0.2508940045575526,0,0,1,0
16.21,93673919,0,10.49,2016-11-01,6300,0,39853,65000,7874,195,3,50,8,24,662,0.22820244156389516,0,1,1,0
28.22,91952766,0,14.99,2016-11-01,17800,1,194468,70000,34964,133,4,111,6,6,677,0.24772661201898094,0,0,0,0
18.51,91416521,3,8.24,2016-10-01,3025,0,174838,40000,8951,155,1,135,7,120,747,0.21658368254620217,0,0,0,1
21.85,90885131,0,26.49,2016-10-01,14400,0,31267,51194,9289,158,5,208,10,22,662,0.2398335190568419,0,1,0,1
29.87,91944061,5,19.99,2016-10-01,7100,0,29776,28080,3130,173,4,127,5,58,697,0.24236974246031542,0,1,0,0
9.94,93901797,0,12.74,2016-11-01,18000,0,367877,78000,8544,137,4,146,2,20,702,0.1089257395525156,0,0,0,0
12.93,95157030,2,11.44,2016-12-01,12000,0,186349,80000,5801,149,5,127,6,15,687,0.2258930782682992,0,0,1,0
32.47,93553505,0,21.49,2016-11-01,4075,1,14506,20000,6973,108,3,174,11,11,692,0.2367977506586332,1,0,0,0
21.55,92291185,1,11.39,2016-11-01,15600,0,180547,45000,13756,162,5,135,3,3,717,0.23093607081390768,0,0,1,0
23.34,94340719,4,14.99,2016-11-01,34000,0,388680,60300,13009,145,6,122,3,3,692,0.2258930782682992,0,0,0,1
23.9,93972593,1,26.99,2016-11-01,31000,1,38643,64000,38643,288,5,119,5,5,667,0.2586338582330572,0,1,0,1
17.08,92320977,0,7.49,2016-11-01,35000,0,144930,150000,8250,116,4,136,2,2,757,0.19155677855117656,0,0,0,1
14.22,92023635,3,11.44,2016-11-01,30000,0,60276,150000,21325,267,5,101,4,25,662,0.2398335190568419,1,0,1,0
21.24,94362506,5,26.99,2016-12-01,21000,0,24856,45671,1953,63,7,103,3,9,692,0.2367977506586332,1,0,0,1
18.2,91037316,1,16.99,2016-10-01,13200,0,43114,30000,2550,181,2,52,4,12,767,0.22820244156389516,0,0,1,0
14.55,91883557,0,19.99,2016-11-01,1000,0,64059,32000,3859,107,3,85,13,100,687,0.2218279015751931,1,0,0,1
15.92,92513167,1,8.24,2016-11-01,10000,0,17760,83000,4778,470,5,141,7,10,677,0.2294121971136406,0,0,1,0
25.74,93717978,3,26.24,2016-11-01,32400,0,256740,110000,29295,138,8,144,4,11,662,0.16197620383450775,0,0,0,1
18.7,91397542,3,11.49,2016-10-01,10000,1,62018,96000,21682,153,5,114,9,24,677,0.24772661201898094,1,0,1,0
15.94,94177022,2,11.39,2016-12-01,12000,0,60737,70000,6463,43,3,141,8,43,667,0.2262116396218806,0,0,0,1
32.31,95327867,0,15.99,2016-12-01,32000,1,114926,86000,19734,274,3,117,7,29,717,0.22820244156389516,0,1,0,1
26.66,92536583,9,24.74,2016-11-01,29500,1,98125,85000,12834,87,10,135,7,8,707,0.2218279015751931,0,1,0,0
14.44,93810771,3,7.24,2016-12-01,3200,0,18621,52000,9149,186,8,176,4,8,692,0.24405029299643655,0,1,0,1
14.66,91287462,3,14.49,2016-10-01,14400,1,26584,75000,8741,253,10,91,4,9,702,0.26220086013005467,0,1,1,0
17.32,92195366,1,14.99,2016-11-01,6000,0,24713,65000,6210,131,5,137,3,3,682,0.2258930782682992,0,1,1,0
8.13,95091723,4,6.99,2016-12-01,12000,0,126928,92000,30019,292,2,40,1,29,752,0.2398335190568419,0,0,0,0
7.09,94385928,5,16.99,2016-12-01,7000,0,6728,33000,6728,64,3,120,0,11,682,0.2367977506586332,0,0,1,0
24.16,94344735,0,11.44,2016-11-01,31000,0,397002,198000,63701,215,7,194,1,1,712,0.2586338582330572,0,0,0,0
31.76,91484496,2,19.99,2016-10-01,9000,0,172571,45000,4957,106,10,111,4,5,662,0.26936207385807537,0,0,0,0
26,94047953,2,11.49,2016-12-01,12000,1,29757,60000,22249,146,6,18,10,14,672,0.2398335190568419,0,1,0,1
12.95,95364840,6,19.99,2016-12-01,8400,1,215877,73000,14943,132,5,136,3,49,672,0.26220086013005467,0,0,1,0
33.38,95182083,2,13.99,2016-12-01,9600,0,182861,46566,40952,175,9,144,1,1,712,0.24772661201898094,1,0,1,0
11.02,94333112,2,11.44,2016-12-01,15000,1,15737,75000,4368,130,3,57,9,9,687,0.2258930782682992,0,0,0,0
9.12,94030227,0,5.32,2016-11-01,10000,0,299790,80000,4747,126,4,44,2,13,737,0.24038555719815624,1,0,0,0
13.96,94394061,1,8.24,2016-12-01,7000,0,29036,57000,9833,236,4,184,10,19,667,0.1764017439336834,0,1,1,0
14.99,93492063,1,11.44,2016-11-01,10000,1,88680,35000,5804,149,1,159,19,19,707,0.30642352237957415,0,0,0,1
12.94,90745147,2,6.99,2016-10-01,3600,0,12836,19500,2503,54,4,67,10,10,692,0.2258930782682992,0,1,1,0
17.82,93642374,0,17.99,2016-11-01,30000,0,41681,60000,16425,254,1,161,2,54,717,0.2586338582330572,0,0,1,0
26.88,92193850,0,26.24,2016-10-01,14400,0,225789,65000,9361,188,9,133,1,72,692,0.2218279015751931,0,0,0,1
34.05,91213159,4,13.99,2016-10-01,19200,0,230497,110000,49161,319,10,135,6,6,687,0.25400944474180537,0,0,0,0
4.44,94156176,2,5.32,2016-11-01,10000,0,18893,125000,8982,113,1,59,11,59,717,0.2258930782682992,0,1,1,0
2.02,94333284,7,11.44,2016-11-01,9000,0,471848,75000,1065,211,2,136,16,36,677,0.2258930782682992,0,0,0,0
23.72,93348518,2,13.49,2016-11-01,18000,0,240526,149000,12222,142,1,130,23,103,672,0.24178857354630912,0,0,0,1
28,91566501,2,15.99,2016-10-01,35000,1,268859,96000,14831,344,9,138,2,2,762,0.24405029299643655,0,0,0,1
9.47,91893942,4,11.49,2016-10-01,3000,0,111225,112000,17394,313,5,151,4,22,667,0.22541344615680733,0,0,1,0
15.59,92261319,1,10.49,2016-11-01,14000,0,71676,80000,4236,206,6,133,11,11,757,0.24772661201898094,0,0,0,0
16.9,94389288,2,11.49,2016-12-01,6000,0,171218,49000,5723,159,5,88,6,6,662,0.14194112958139316,0,0,1,0
28.69,91691617,0,14.99,2016-10-01,8000,0,64750,90000,40409,173,6,146,15,15,677,0.14194112958139316,0,1,1,0
39.948699999999995,93504198,1,22.74,2016-11-01,15950,0,70174,36000,11440,135,5,125,3,9,692,0.21701380971305592,0,1,0,1
4.68,92341401,0,11.39,2016-11-01,8000,0,358003,80000,6649,177,1,125,15,115,667,0.24178857354630912,0,0,0,1
22.34,94412519,0,15.99,2016-12-01,10000,0,197949,60000,10772,119,3,125,13,15,737,0.22541344615680733,0,0,1,0
10.68,94751164,2,13.49,2016-12-01,5000,0,12181,48000,12181,197,1,129,13,36,697,0.25220620065309657,0,1,1,0
14.08,91613461,0,22.39,2016-10-01,35000,0,51438,90000,34502,82,0,204,28,13,707,0.2586338582330572,0,1,0,1
28.53,91679328,5,12.74,2016-11-01,20000,0,95025,54000,14676,135,2,145,12,12,682,0.16180741466312665,0,0,0,0
17.29,95047990,0,13.99,2016-12-01,7200,0,51211,120000,16690,125,3,122,4,18,687,0.21658368254620217,1,0,0,1
6.72,91671430,0,6.99,2016-10-01,3500,0,160500,50000,500,239,2,49,11,146,747,0.2586338582330572,0,0,0,0
19.2,95110543,6,11.49,2016-12-01,25000,0,265522,85000,598,366,6,197,14,12,677,0.22820244156389516,0,0,0,1
17.63,95031615,0,13.99,2016-12-01,32000,0,74757,160000,48121,122,8,120,4,4,697,0.2258930782682992,0,1,1,0
2.53,90250719,2,21.49,2016-10-01,5000,0,7492,85000,5507,154,4,152,2,2,662,0.2367977506586332,0,1,0,1
20.84,95228159,1,19.99,2016-12-01,13150,1,112267,30000,9953,45,2,118,2,30,692,0.22820244156389516,0,0,0,1
10.95,94288580,1,11.44,2016-12-01,5000,0,12538,55000,7312,55,2,39,1,23,662,0.21658368254620217,0,1,0,1
7.46,95120505,1,14.99,2016-12-01,3000,0,5607,26880,5607,76,1,129,7,27,667,0.2218279015751931,0,1,1,0
27.76,93525311,3,14.99,2016-11-01,10800,0,49661,62000,12783,137,5,135,7,7,712,0.21701380971305592,1,0,0,1
11.53,93133651,4,13.99,2016-11-01,20000,0,51386,120000,16082,92,3,115,8,15,662,0.22820244156389516,0,1,0,0
8.59,94047356,1,11.49,2016-12-01,15000,0,22490,87000,9641,241,2,205,24,28,677,0.25400944474180537,0,0,1,0
24.46,91119924,6,11.49,2016-10-01,5400,1,38851,37000,2432,120,6,135,5,6,757,0.24236974246031542,0,1,1,0
12.47,91630647,0,7.49,2016-10-01,1000,0,9203,33000,340,299,4,126,6,6,702,0.3029734287056215,0,1,0,0
17.95,93674602,3,12.74,2016-11-01,10000,0,28734,51500,13307,169,10,150,1,1,667,0.2508940045575526,0,1,1,0
33.48,91577359,0,18.99,2016-11-01,20675,1,28234,47000,19468,228,2,164,10,10,672,0.2258930782682992,0,0,1,0
28.06,91290292,1,11.49,2016-10-01,24000,0,273286,150000,68203,183,11,145,9,13,732,0.2398335190568419,1,0,0,0
19.73,92065616,0,11.44,2016-10-01,3600,0,32017,68000,19276,146,1,157,14,14,727,0.22820244156389516,0,1,1,0
10.07,94142146,2,14.99,2016-12-01,35000,0,30229,140000,1261,256,4,152,3,3,732,0.22541344615680733,0,0,1,0
33.69,93327797,0,11.39,2016-11-01,5000,1,91869,56000,11070,386,2,125,2,2,732,0.22820244156389516,0,0,1,0
10.54,91658487,6,8.24,2016-10-01,2500,0,7388,110000,2106,246,8,145,1,6,662,0.2367977506586332,1,0,1,0
28.28,91121880,0,7.99,2016-10-01,24650,0,49839,80000,25155,272,1,145,15,28,737,0.16180741466312665,0,0,0,0
1.49,93939762,2,5.32,2016-12-01,9600,0,110018,57010,2384,165,1,155,9,9,807,0.2367977506586332,0,0,0,1
28.25,92399525,1,12.74,2016-11-01,10000,0,70192,52000,7675,99,5,73,3,3,702,0.2258930782682992,0,1,1,0
23.68,93753321,1,5.32,2016-11-01,1500,0,261865,72000,7565,124,7,131,3,11,782,0.3029734287056215,0,0,0,0
19.97,91251829,2,10.99,2016-10-01,4800,0,42701,55000,22583,139,4,98,8,72,672,0.22820244156389516,0,1,0,1
20.37,91525783,9,15.99,2016-10-01,5000,1,48655,69000,6913,254,11,166,2,10,662,0.2218279015751931,0,0,0,1
30.78,90815594,3,14.49,2016-10-01,20000,1,49661,41995,17793,132,2,132,9,29,697,0.2262116396218806,0,1,0,1
27.87,95053104,1,13.99,2016-12-01,14100,1,46234,50000,17248,192,2,139,3,3,662,0.2398335190568419,0,1,1,0
30.2,91487466,1,8.24,2016-10-01,16000,0,233260,80000,78901,303,0,198,29,39,747,0.21910964887857984,0,0,0,0
25.57,92576948,2,16.99,2016-11-01,16000,1,164049,85000,14733,113,7,121,9,18,682,0.21658368254620217,0,0,0,1
17.63,91436441,1,8.24,2016-10-01,27000,0,176490,88000,18704,125,11,166,4,8,737,0.21701380971305592,0,0,0,0
24.33,91556918,2,12.74,2016-11-01,9000,0,272352,71000,5289,150,6,164,2,5,677,0.1764017439336834,0,1,1,0
22.34,94383527,1,16.99,2016-12-01,7000,1,34864,52000,33257,254,0,149,25,95,717,0.25400944474180537,0,1,0,1
13.98,93207126,2,8.24,2016-12-01,6000,0,212517,65000,27309,239,4,141,9,9,687,0.2258930782682992,1,0,1,0
20.01,91631999,1,7.24,2016-10-01,8000,0,227345,70000,19596,136,5,146,2,2,697,0.24236974246031542,0,0,1,0
25.98,92350797,2,19.99,2016-12-01,12000,0,681618.6899999992,203000,105349.48000000001,196,11,121,1,6,672,0.24405029299643655,0,0,1,0
8.58,95103269,0,14.99,2016-12-01,15000,0,11017,47000,3384,148,0,31,31,148,677,0.24038555719815624,0,1,0,0
27.37,92729568,1,11.49,2016-11-01,15000,1,23321,50250,10254,86,3,132,6,6,662,0.2218279015751931,0,0,0,0
17.5,94467477,1,11.49,2016-12-01,12000,0,46733,50000,7550,116,10,102,1,8,712,0.2398335190568419,0,1,0,0
18.54,92401621,3,23.99,2016-11-01,35000,0,89595,180000,24000,223,7,114,5,6,682,0.2508940045575526,0,1,1,0
18.54,91949543,3,7.99,2016-10-01,12000,0,44749,61300,13960,139,2,119,5,12,702,0.25220620065309657,0,1,1,0
2.87,93279710,0,5.32,2016-12-01,35000,0,49407,260000,14795,148,2,159,15,40,717,0.2398335190568419,0,1,0,1
34.57,91003324,0,18.99,2016-10-01,17475,1,63074,46000,19154,470,1,147,4,139,702,0.24772661201898094,0,0,0,1
18.65,94425270,1,11.39,2016-12-01,6000,0,17510,57600,2486,61,4,55,8,8,727,0.26936207385807537,0,1,0,0
6.25,95259470,4,13.49,2016-12-01,17000,0,11656,73000,1515,40,4,23,9,14,747,0.2367977506586332,0,1,0,0
24.34,93708575,0,11.39,2016-11-01,35000,0,263053,103000,22241,162,4,146,4,4,762,0.2258930782682992,0,0,0,1
7.3,90999467,1,7.99,2016-10-01,20000,0,35667,72000,7780,109,3,116,5,5,702,0.22820244156389516,0,1,1,0
7.76,92708371,3,23.99,2016-11-01,2500,0,767,15000,767,15,6,37,4,8,662,0.2367977506586332,1,0,0,1
7.37,95918682,1,10.49,2016-12-01,15000,0,64186,72000,5009,152,2,124,9,55,672,0.2258930782682992,0,1,0,0
27.26,95202555,3,11.39,2016-12-01,6000,0,67387,72500,20113,206,9,159,9,9,672,0.2367977506586332,0,1,0,0
19.38,93564238,1,11.39,2016-11-01,10000,0,35242,60000,3370,114,4,119,7,16,662,0.21658368254620217,0,1,1,0
17.94,93802856,1,11.49,2016-12-01,20000,0,252610,85000,1627,187,7,122,3,13,672,0.2367977506586332,0,0,1,0
30.4,94136119,5,17.99,2016-12-01,10000,0,69681,39000,8519,241,9,126,2,2,677,0.2398335190568419,0,0,0,0
24,92228623,3,11.44,2016-10-01,16000,0,226307,69000,30061,180,3,145,2,27,777,0.2218279015751931,0,0,1,0
12.26,92837281,1,12.74,2016-11-01,29100,0,465936,211200,38336,145,6,154,4,16,707,0.2962466441080822,0,0,1,0
14.73,95373957,2,11.49,2016-12-01,22000,0,332929,205000,23638,231,4,144,9,11,692,0.21658368254620217,0,0,1,0
30,95110008,1,22.74,2016-12-01,8175,1,125463,30000,1698,98,2,112,10,36,677,0.3133839123580087,0,0,0,1
29.02,92163453,5,12.74,2016-11-01,5000,0,227706,49340,7576,350,5,168,4,12,697,0.22820244156389516,0,0,1,0
19.3,95269600,1,12.74,2016-12-01,1000,0,35687,53165,7408,153,1,160,8,59,752,0.24178857354630912,0,1,0,1
31.66,90040232,1,15.59,2016-10-01,30000,0,91095,126000,43939,182,1,178,11,29,667,0.1089257395525156,0,1,0,1
16.46,95201514,2,17.99,2016-12-01,10450,1,20275,36300,6677,43,4,14,13,13,667,0.24405029299643655,0,1,0,0
10.67,95107017,2,15.99,2016-12-01,3000,0,230791,72000,26169,224,10,191,1,4,712,0.1764017439336834,0,1,0,1
12.85,95170020,1,11.44,2016-12-01,15500,0,20294,65000,5621,108,6,123,7,7,672,0.2367977506586332,0,1,1,0
21.87,91447927,2,14.99,2016-11-01,15000,0,252642,68000,7240,269,6,106,3,3,682,0.2258930782682992,0,0,0,1
12.47,94187564,4,13.99,2016-11-01,35000,1,388374,200000,27101,263,9,139,0,2,682,0.24405029299643655,1,0,0,1
18.46,91773276,0,11.39,2016-10-01,11100,0,39264,62000,10980,50,3,110,5,5,722,0.22820244156389516,0,1,1,0
30.66,93663228,1,11.44,2016-11-01,8000,0,129826,40000,9541,50,10,42,9,9,682,0.2367977506586332,0,0,1,0
21.88,91659728,0,16.99,2016-10-01,8000,1,15204,35000,7980,42,6,57,2,9,702,0.24772661201898094,0,1,0,1
23.67,91172786,1,5.32,2016-10-01,7000,0,45563,65000,4717,182,5,152,2,12,752,0.21658368254620217,0,1,1,0
25.88,92218279,2,12.74,2016-11-01,25200,0,405248,125000,69328,264,10,47,5,8,687,0.22541344615680733,0,0,1,0
12.29,90289273,2,12.79,2016-10-01,35000,0,681618.6899999992,260000,105349.48000000001,306,6,250,3,53,677,0.21658368254620217,0,0,0,1
10.67,93429836,2,5.32,2016-11-01,12000,0,247626,94000,12578,99,1,134,7,71,747,0.2367977506586332,0,0,0,0
18.76,61017756,0,13.99,2016-11-01,12000,0,24047,55000,24047,249,5,55,3,3,697,0.2258930782682992,0,1,0,0
31.79,94063129,0,15.99,2016-12-01,16000,0,106732,49000,15241,64,5,183,3,3,687,0.22964600222399478,0,0,0,1
27.09,94448750,6,15.99,2016-12-01,13350,0,23045,35000,7218,63,6,41,4,5,697,0.2258930782682992,0,1,0,1
23.22,91088046,3,24.49,2016-10-01,13375,1,138214,38000,13955,282,4,154,12,12,677,0.30642352237957415,0,1,0,0
8.12,95272503,1,18.99,2016-12-01,20000,1,566978,89000,13844,70,4,75,6,42,677,0.2258930782682992,0,0,1,0
15.58,91307728,12,10.99,2016-10-01,7000,0,238263,54000,3568,291,6,53,6,11,677,0.21910964887857984,0,0,0,1
23.09,91844822,1,8.24,2016-11-01,5000,0,18249,45000,10298,179,2,170,7,27,667,0.2258930782682992,0,1,1,0
29.63,93683489,0,23.99,2016-11-01,15550,1,25067,52000,14409,108,2,146,16,25,662,0.23093607081390768,0,1,0,0
21.15,92370664,2,10.49,2016-11-01,8800,0,32984,64500,4418,375,3,158,5,15,662,0.24236974246031542,0,1,0,0
21.42,91149517,1,18.99,2016-10-01,25000,0,30372,65000,18292,189,1,114,16,86,697,0.23093607081390768,0,1,0,0
7.97,91650732,0,11.49,2016-10-01,10000,0,18551,75000,6935,29,1,50,15,29,677,0.22820244156389516,0,1,1,0
12.18,92370420,0,11.49,2016-11-01,17000,0,194212,72500,2743,61,2,150,10,12,682,0.19155677855117656,0,0,1,0
29.16,94171736,1,22.74,2016-12-01,23000,0,164144,50000,25414,254,4,53,5,5,712,0.16180741466312665,0,0,1,0
23.52,91339929,1,15.59,2016-10-01,12000,0,349890,75000,16978,200,6,156,1,4,747,0.24405029299643655,0,0,1,0
13.17,95086416,1,14.99,2016-12-01,5000,0,267053,150000,12710,136,1,126,16,16,662,0.2398335190568419,1,0,1,0
30.24,91070525,0,8.59,2016-10-01,20000,0,170459,60000,15473,141,2,136,18,33,762,0.2398335190568419,0,0,0,0
30.17,91122082,4,18.99,2016-10-01,15400,0,40952,36000,12843,193,6,137,11,11,662,0.24772661201898094,0,1,1,0
18.26,92941685,5,15.99,2016-11-01,16000,1,308324,105000,9547,162,11,154,1,13,677,0.23093607081390768,0,0,0,1
22.89,92719222,0,12.74,2016-11-01,12500,0,32252,40750,11795,154,0,125,28,135,717,0.2367977506586332,0,1,1,0
26.16,92093934,1,24.74,2016-11-01,23550,1,47297,70000,13281,136,5,149,3,3,667,0.2398335190568419,0,1,0,1
3.87,94379458,3,26.99,2016-12-01,35000,1,46743,110000,11454,164,3,128,1,101,727,0.22820244156389516,1,0,0,1
14.52,91704277,1,11.49,2016-10-01,15000,0,367453,60000,28149,199,3,109,11,11,687,0.2258930782682992,0,0,1,0
30.46,92204143,0,13.49,2016-10-01,18000,1,69843,47000,13493,143,0,144,26,26,702,0.2262116396218806,0,1,1,0
21.14,89967736,6,12.79,2016-10-01,16000,0,189972,60000,11875,254,5,151,6,7,772,0.24772661201898094,0,1,0,0
17.57,90241307,2,25.49,2016-11-01,18300,1,22677,61000,8028,259,6,141,3,3,687,0.2258930782682992,0,1,0,1
34.01,90990503,0,14.49,2016-10-01,20000,0,154970,50000,24808,116,4,130,7,7,682,0.26220086013005467,0,0,1,0
34.17,95358103,0,16.99,2016-12-01,14000,0,76515,68000,13941,138,6,177,3,14,697,0.26936207385807537,0,1,1,0
2.15,91217866,0,15.59,2016-10-01,1000,0,66186,19000,212,26,9,37,2,26,742,0.1764017439336834,0,1,1,0
35.13,91375338,0,15.99,2016-10-01,14275,0,15422,22000,6169,164,2,89,2,35,667,0.2367977506586332,1,0,0,1
21.14,90926782,1,10.49,2016-10-01,22400,0,182424,80000,6534,182,12,149,8,10,667,0.22820244156389516,1,0,1,0
37.84,92124099,1,17.99,2016-11-01,25000,0,256978,75000,37555,110,6,113,8,8,692,0.24236974246031542,0,0,1,0
5.35,94378151,0,11.49,2016-11-01,5000,1,23638,165000,8947,236,8,163,2,3,692,0.2258930782682992,0,1,0,1
4.69,94023331,0,18.99,2016-12-01,2000,0,4878,14000,126,101,5,2,2,24,682,0.21910964887857984,0,1,1,0
28.07,90118218,2,12.74,2016-12-01,16000,0,176739,68500,11795,212,5,152,10,21,692,0.14194112958139316,0,0,1,0
29.71,91289199,2,14.49,2016-10-01,14000,0,94442,84000,77690,210,3,99,7,36,677,0.21910964887857984,1,0,0,0
32.93,92185284,7,16.99,2016-10-01,16000,0,288531,110000,21829,249,13,149,0,0,702,0.21658368254620217,0,0,0,0
26.2,92185323,1,11.49,2016-10-01,10000,0,52644,54000,8236,203,3,180,5,148,667,0.30642352237957415,0,1,0,1
24.31,91139738,2,15.59,2016-10-01,20000,0,46084,70000,5697,199,7,54,12,12,732,0.2258930782682992,0,1,0,0
13.06,92492149,1,16.99,2016-11-01,6000,0,16419,50000,16419,227,1,127,6,6,662,0.24405029299643655,0,0,0,1
10.2,92085308,0,11.39,2016-10-01,4500,0,18575,78000,7694,280,3,85,13,148,717,0.24178857354630912,0,0,1,0
22.92,93709580,3,13.99,2016-11-01,6000,0,165126,42000,2447,39,5,105,2,2,697,0.22820244156389516,0,0,0,1
18.39,93708280,6,14.99,2016-12-01,35000,0,473479,190000,22908,66,16,89,1,2,722,0.2258930782682992,1,0,1,0
30.48,93644237,3,18.99,2016-11-01,17550,0,51224,49920,21935,83,3,106,7,7,692,0.30642352237957415,0,1,1,0
18.09,95250366,11,21.49,2016-12-01,9650,1,23822,45000,5394,44,14,264,2,2,697,0.2367977506586332,1,0,1,0
7.43,95921205,2,12.74,2016-12-01,30000,0,31549,100000,27374,321,4,266,2,2,737,0.2258930782682992,0,1,1,0
16.97,91070113,0,9.49,2016-10-01,15000,0,37624,65000,3767,302,5,138,9,32,677,0.23093607081390768,0,1,1,0
31,95218209,3,13.99,2016-12-01,8250,0,288573,63180,8508,392,6,151,1,35,707,0.2586338582330572,0,0,1,0
31.32,94181039,0,15.99,2016-12-01,10000,0,36408,39000,9071,149,5,128,8,12,672,0.3029734287056215,0,1,1,0
28.05,92537828,3,12.74,2016-11-01,21125,0,205540,130000,38285,217,9,138,1,6,732,0.22820244156389516,0,0,0,1
17.45,92246862,0,14.99,2016-10-01,35000,1,234184,130000,20400,46,5,113,12,35,702,0.22820244156389516,0,0,1,0
32.38,92392029,0,12.74,2016-11-01,16000,0,122680,37440,9831,69,3,74,2,49,717,0.16180741466312665,0,0,0,1
22.46,92499170,2,10.49,2016-11-01,5000,0,93424,38000,4300,206,7,126,5,5,672,0.2367977506586332,0,1,0,1
18.04,91232383,6,17.99,2016-10-01,12000,0,33533,55000,6080,123,7,45,3,3,672,0.2367977506586332,0,1,1,0
16.32,93689146,5,19.99,2016-11-01,16000,1,48347,115000,3868,288,5,135,5,5,702,0.21701380971305592,0,1,1,0
15.38,93803060,5,5.32,2016-12-01,30000,0,208269,145000,2124,196,5,276,2,6,762,0.16180741466312665,0,1,1,0
36.92,95351932,2,16.99,2016-12-01,15000,0,19166,34000,10177,54,2,65,17,33,702,0.2962094049669217,0,1,0,1
6.02,94099333,0,8.24,2016-12-01,24000,0,34037,150000,33205,216,0,41,38,46,717,0.24772661201898094,0,0,1,0
6.95,90591334,0,16.99,2016-10-01,5000,1,39294,24000,3220,94,1,103,13,70,662,0.2258930782682992,1,0,1,0
9.81,93011186,5,11.39,2016-11-01,13200,0,65422,87000,12194,143,16,123,1,1,707,0.3045384699149415,1,0,1,0
10.07,91072223,2,7.59,2016-10-01,3025,0,6770,27650,5044,446,4,130,9,11,682,0.21658368254620217,0,1,0,0
27.71,91002600,2,14.49,2016-10-01,12800,0,168078,52000,34833,246,8,160,7,7,707,0.24236974246031542,0,0,0,0
24.88,39571628,6,18.99,2016-11-01,30000,1,82346,100000,55899,470,4,142,12,27,677,0.22820244156389516,1,0,1,0
13.52,94077634,1,11.44,2016-11-01,10000,0,64793,105000,39112,256,3,139,12,12,722,0.2367977506586332,0,0,0,0
13.05,90696318,1,12.79,2016-10-01,5500,0,8341,33000,3736,128,3,104,14,15,672,0.24038555719815624,0,1,1,0
16.7,94394306,0,7.99,2016-12-01,20000,0,31872,74000,17987,263,1,135,1,31,712,0.2258930782682992,0,0,0,0
6.76,91172748,2,7.99,2016-10-01,5500,0,3422,35000,0,201,1,192,19,27,787,0.2218279015751931,0,0,0,0
26.92,94750552,1,14.99,2016-12-01,10000,0,51629,60000,3114,55,2,58,2,2,747,0.22820244156389516,1,0,1,0
19.92,94008834,2,22.74,2016-12-01,35000,0,259801,75000,28796,324,4,127,4,23,742,0.2367977506586332,0,0,0,1
9.68,93981120,7,11.49,2016-12-01,10000,0,661177,160000,22231,299,9,129,4,26,677,0.2258930782682992,0,0,0,0
12.9,91020042,3,7.59,2016-10-01,16500,0,124356,210000,14906,99,4,276,3,3,722,0.25400944474180537,0,1,1,0
12.22,92271141,0,11.49,2016-11-01,4450,0,58282,52000,4057,113,3,123,15,15,692,0.3029734287056215,0,0,1,0
23.07,93688715,0,24.74,2016-11-01,4200,0,7966,14000,5186,100,1,73,13,30,667,0.30642352237957415,0,1,0,1
11.57,90413222,0,10.49,2016-10-01,14400,0,35747,52000,10402,162,3,247,6,15,692,0.22820244156389516,0,1,1,0
21.78,93584568,0,26.99,2016-11-01,20000,0,172180,60000,22893,229,1,47,1,1,692,0.2258930782682992,0,0,0,0
34.16,91983226,3,11.39,2016-10-01,15000,0,47308,82000,8979,212,5,122,8,35,667,0.2367977506586332,1,0,1,0
5.46,95367659,1,15.99,2016-12-01,15000,1,175331,42000,8038,131,7,188,2,104,677,0.22820244156389516,0,0,1,0
15.73,91463688,2,6.99,2016-11-01,9600,0,246067,67000,3002,122,3,142,4,46,787,0.3029734287056215,0,0,0,0
15.87,92237090,0,8.24,2016-11-01,12000,0,187831,58000,20190,202,2,103,21,21,667,0.2262116396218806,0,0,1,0
27.68,91833780,1,17.99,2016-10-01,18000,1,323305,65000,20940,128,13,194,2,3,727,0.24178857354630912,0,0,0,1
22.92,91743941,9,26.99,2016-10-01,21000,1,188331,94000,24543,124,10,141,0,11,662,0.24236974246031542,0,1,0,0
13.81,34283034,4,15.99,2016-12-01,16000,0,37551,107400,37551,251,4,167,4,5,677,0.24405029299643655,0,0,1,0
27.49,91589381,0,6.99,2016-10-01,4000,0,31682,33000,4297,203,3,136,12,12,757,0.24038555719815624,0,1,0,0
39.948699999999995,92564565,4,16.99,2016-11-01,10000,0,62872,26000,17322,116,8,118,2,31,662,0.24772661201898094,0,0,1,0
33.95,91377968,0,11.44,2016-10-01,8000,0,140796,52000,12023,250,5,129,10,10,702,0.21658368254620217,0,0,0,0
39.23,94011139,1,14.99,2016-12-01,18000,0,231261,56500,20924,153,3,161,8,30,692,0.24772661201898094,0,0,0,1
4.74,5949429,1,5.32,2016-10-01,5000,0,157804,60000,2065,173,2,97,13,50,792,0.23846830760717275,0,0,0,0
26.18,91873880,7,7.49,2016-10-01,21600,0,202488,93800,15659,398,10,164,2,58,782,0.22964600222399478,0,0,0,0
9.62,95178335,0,11.49,2016-12-01,6000,0,20549,64000,2168,200,0,86,27,42,662,0.2258930782682992,0,1,1,0
15.26,93688803,1,24.74,2016-11-01,8000,0,6001,42744,6001,207,2,87,13,13,677,0.22541344615680733,0,1,0,1
6.3,94107505,3,26.99,2016-12-01,28000,1,244451,100000,25406,196,3,114,3,3,697,0.16180741466312665,0,1,0,1
21.55,95006865,1,17.99,2016-12-01,24575,1,77485,53450.58,24494,208,2,153,7,148,707,0.24236974246031542,0,0,1,0
6.86,92668096,4,13.99,2016-12-01,12000,0,13549,93000,13549,206,10,132,1,2,662,0.2258930782682992,0,0,0,1
4.32,91192137,2,11.49,2016-10-01,5250,0,9803,47000,807,28,4,97,1,3,667,0.19155677855117656,0,1,1,0
21.18,91883618,0,26.99,2016-10-01,12600,0,14503,36958.4,8465,71,2,11,8,8,662,0.2258930782682992,0,0,1,0
15.31,94093066,2,14.99,2016-12-01,9600,0,160746,50000,10533,150,5,23,3,8,692,0.1305656166082932,0,0,0,1
23.97,95158260,8,15.99,2016-12-01,10000,0,162537,140000,22049,162,16,225,5,7,682,0.21658368254620217,0,1,0,1
18.93,90994153,3,13.99,2016-10-01,32000,0,140122,150000,18230,144,3,157,11,20,667,0.22820244156389516,0,1,0,1
16.43,93412055,2,15.99,2016-11-01,20000,0,55258,90000,55258,205,5,9,3,3,687,0.24405029299643655,0,0,1,0
19.76,95088445,2,5.32,2016-12-01,21000,1,404591,96000,61724,190,8,66,1,23,712,0.14194112958139316,0,0,0,0
11.47,95267149,1,10.49,2016-12-01,3000,0,109806,65000,1442,126,1,133,9,48,767,0.3029734287056215,0,0,1,0
34.1,94306254,0,11.44,2016-12-01,8500,0,245338,44200,6298,462,11,138,7,10,707,0.24178857354630912,0,0,0,1
17.07,91610191,1,13.99,2016-10-01,2400,0,211652,63348,16822,115,4,164,8,29,677,0.2258930782682992,0,0,0,1
22.6,95036276,3,7.24,2016-12-01,15000,0,611832,140000,105349.48000000001,376,4,97,5,5,682,0.2258930782682992,0,0,0,1
23.02,91949311,8,13.99,2016-10-01,8000,0,82607,65000,3654,124,4,134,2,2,662,0.26936207385807537,0,0,0,1
15.2,91477229,2,8.24,2016-11-01,33025,0,587127,250000,48601,149,3,182,8,54,672,0.2262116396218806,0,0,0,1
34.82,95050218,2,16.99,2016-12-01,7450,1,386646,80000,53442,277,4,137,5,5,667,0.2258930782682992,0,0,1,0
19.07,93991874,0,11.39,2016-12-01,8800,1,15120,32916,4861,54,2,125,8,26,692,0.2398335190568419,1,0,1,0
16.32,91960730,1,17.99,2016-10-01,14000,1,131272,50000,6735,108,6,100,7,22,667,0.2258930782682992,1,0,1,0
15.58,92543900,2,13.49,2016-11-01,28000,1,266829,75000,14271,199,4,146,2,5,707,0.14194112958139316,0,0,0,0
18.62,91039678,2,14.49,2016-10-01,19000,1,25180,58000,8253,40,5,143,5,21,667,0.22820244156389516,0,1,1,0
15.45,95477406,3,13.99,2016-12-01,17000,0,31829,96000,21987,343,6,209,3,15,687,0.2398335190568419,1,0,1,0
11.97,92115030,1,19.99,2016-11-01,5000,0,24515,39000,1227,95,2,20,7,7,687,0.21658368254620217,0,0,1,0
8.54,94383690,6,26.99,2016-12-01,22800,0,106357,60000,3717,64,4,65,1,8,692,0.2218279015751931,0,0,1,0
20.44,92133774,3,11.44,2016-10-01,24000,0,166202,78500,4803,128,8,121,5,5,697,0.3029734287056215,0,0,0,1
23.28,91374796,1,13.99,2016-10-01,29250,0,52039,65000,17850,340,4,127,12,31,677,0.2258930782682992,0,0,0,1
21.26,95121512,5,15.99,2016-12-01,2400,1,27412,35000,333,115,2,106,20,20,692,0.2367977506586332,0,1,0,1
23.04,92451091,4,12.74,2016-11-01,8000,0,56953,52500,7658,164,10,63,3,4,727,0.24772661201898094,0,1,1,0
26.39,92164301,4,11.49,2016-11-01,4200,0,231106,96000,41439,321,6,150,1,108,697,0.2508940045575526,0,0,0,1
16.65,90231723,1,13.49,2016-10-01,14000,0,681618.6899999992,120000,23172,470,2,160,6,112,702,0.26936207385807537,0,0,0,0
10.25,90156395,5,7.59,2016-10-01,20000,0,283103,165000,7644,333,7,119,4,24,702,0.2258930782682992,0,0,0,0
8.25,92788682,0,18.99,2016-11-01,6000,0,16990,24000,8136,100,1,276,18,100,682,0.2398335190568419,1,0,0,1
15.64,94296473,0,6.99,2016-12-01,2700,0,137679,85800,5793,59,3,61,17,36,702,0.16402453469631748,0,0,1,0
13.68,91070298,1,12.79,2016-10-01,14675,0,52642,100000,10506,121,11,234,2,9,702,0.2398335190568419,0,1,1,0
32.75,94416426,3,13.99,2016-12-01,8000,1,30645,45000,4002,144,8,101,4,7,677,0.25400944474180537,0,1,1,0
17.81,94354822,0,14.99,2016-12-01,1600,0,27719,75000,8777,72,6,130,3,21,667,0.26220086013005467,0,1,0,1
20.76,92399905,2,12.74,2016-11-01,10000,0,244162,76400,10132,178,7,40,4,4,727,0.2367977506586332,0,0,1,0
25.66,95356761,3,14.99,2016-12-01,35000,0,214550,115000,47861,169,10,133,0,16,707,0.22820244156389516,0,0,0,1
22.08,92845728,1,12.74,2016-11-01,10000,0,230232,100000,18959,239,9,166,0,0,717,0.22541344615680733,0,0,1,0
27.81,91177356,1,14.49,2016-10-01,18000,0,184891,80000,14673,157,4,169,7,13,667,0.16180741466312665,0,0,1,0
10.88,93736084,3,7.49,2016-11-01,9000,0,318684,90000,986,334,4,143,2,13,722,0.2258930782682992,0,0,0,1
15.75,91954064,0,7.49,2016-10-01,7875,0,65158,39000,7938,98,0,62,39,52,737,0.2367977506586332,0,1,0,0
20.16,92657262,1,17.99,2016-11-01,16000,0,18588,45000,12828,239,4,153,8,8,702,0.2367977506586332,0,1,1,0
27.27,92174908,3,8.24,2016-11-01,7000,0,413963,115000,24518,101,7,162,2,3,672,0.2398335190568419,0,0,1,0
7.94,94011282,0,14.99,2016-11-01,25000,0,17707,92000,10039,231,0,124,28,35,707,0.2258930782682992,0,1,1,0
23.3,92043346,2,13.49,2016-11-01,32000,1,47549,86000,20239,237,9,80,4,4,727,0.24772661201898094,0,1,1,0
5.48,91356305,4,24.74,2016-10-01,11225,0,72620,80000,5758,128,3,147,7,64,667,0.3029734287056215,0,0,1,0
6.48,95547594,0,11.44,2016-12-01,1000,0,13552,65000,8042,104,2,111,11,57,682,0.2367977506586332,0,1,1,0
21.24,93750486,4,21.49,2016-11-01,35000,0,182980,130000,23107,140,6,148,6,15,687,0.22820244156389516,0,0,0,1
22.14,91793355,6,10.49,2016-10-01,12000,0,76116,75000,9462,124,2,126,2,26,687,0.16180741466312665,0,1,1,0
14.16,91505473,3,8.24,2016-10-01,7000,0,398602,150000,1380,132,7,112,2,20,662,0.2258930782682992,0,0,1,0
14.52,92290386,4,12.74,2016-11-01,13000,0,16164,49000,8791,356,14,146,4,4,667,0.26936207385807537,0,1,0,0
13.99,93663275,1,16.99,2016-11-01,35000,0,422642,100000,31584,156,3,15,10,148,722,0.26936207385807537,1,0,0,1
12.2,93583275,3,12.74,2016-11-01,35000,0,330610,108000,18052,231,8,155,4,12,772,0.23093607081390768,0,0,0,1
25.86,94132111,0,14.99,2016-12-01,16475,0,206092,62000,2595,94,4,93,2,35,722,0.3029734287056215,0,0,1,0
20.74,92830016,4,26.24,2016-11-01,35000,0,437102,137000,21537,184,7,242,4,4,682,0.2258930782682992,1,0,1,0
12.72,91374939,1,11.44,2016-10-01,8400,0,58404,75000,9160,215,4,159,15,54,692,0.2398335190568419,0,0,0,0
20.09,91958502,4,12.74,2016-10-01,12000,0,272535,53220,8229,386,5,121,4,15,667,0.2258930782682992,0,0,0,1
25.68,92835954,6,13.49,2016-11-01,6000,0,351343,150000,13797,83,6,129,4,22,662,0.2962094049669217,0,0,0,1
7.92,91503879,0,12.74,2016-11-01,10000,0,10584,50000,10584,275,2,124,22,22,662,0.2367977506586332,0,0,0,0
29.55,91960436,12,26.99,2016-10-01,10500,1,73529,50000,4238,98,4,121,5,25,662,0.22541344615680733,0,1,0,1
29,91297107,10,15.59,2016-10-01,2000,1,56639,60000,6602,45,2,73,7,13,667,0.22820244156389516,0,1,0,1
10.19,91443161,3,13.49,2016-10-01,2000,0,54591,65000,7646,169,1,119,9,67,707,0.2508940045575526,0,0,1,0
14.79,94029514,0,8.24,2016-12-01,2400,0,148383,50000,870,220,6,55,1,1,677,0.21910964887857984,0,0,1,0
34.94,91464288,0,13.99,2016-11-01,8725,0,43264,42000,16563,202,5,125,8,18,682,0.3029734287056215,0,1,1,0
4.52,92570681,4,11.49,2016-11-01,16000,0,9593,94000,5670,126,5,104,2,7,682,0.2398335190568419,0,1,0,1
21.88,93645771,1,12.74,2016-11-01,16000,1,31388,70000,17338,74,11,72,6,21,672,0.2367977506586332,1,0,1,0
34.68,93696489,1,17.99,2016-11-01,22700,1,62156,63000,6615,220,7,129,4,66,702,0.22820244156389516,0,1,0,1
14.52,95846712,1,13.99,2016-12-01,10000,0,57281,108000,17194,119,7,72,0,0,687,0.2258930782682992,0,1,1,0
17.63,93870024,3,11.44,2016-12-01,13500,1,321966,75000,15469,307,6,164,2,12,682,0.2258930782682992,0,0,0,1
4.91,91110182,3,13.99,2016-10-01,24000,0,25018,180000,11726,187,5,174,7,12,732,0.2586338582330572,0,1,0,0
18.89,91242633,2,10.99,2016-10-01,7000,0,22225,50000,9351,162,7,120,2,2,667,0.2398335190568419,0,1,1,0
29.13,94216635,1,17.99,2016-12-01,3600,1,27123,22000,503,59,4,57,16,12,702,0.22820244156389516,0,1,0,1
34.22,93390736,1,13.99,2016-11-01,1200,0,62349,60000,32235,192,2,204,11,54,707,0.2258930782682992,0,1,1,0
19.33,92499771,1,11.39,2016-11-01,6000,1,36780,47000,4989,62,4,99,7,7,677,0.22820244156389516,1,0,0,1
7.99,93880399,1,11.49,2016-12-01,8000,0,15696,100000,8463,174,5,133,2,13,672,0.2367977506586332,0,0,1,0
24.37,91493526,1,11.39,2016-12-01,20000,0,101569,65000,31018,149,4,181,4,4,692,0.3133839123580087,0,0,0,0
8.02,94161788,0,11.44,2016-12-01,10500,0,10848,50000,10848,60,4,129,7,7,672,0.2367977506586332,0,1,0,0
21.09,95158644,1,15.99,2016-12-01,9500,0,26588,35000,7934,48,9,44,4,4,682,0.2367977506586332,0,1,0,1
5.82,91172111,0,8.24,2016-10-01,3200,0,21856,130000,0,440,1,124,16,147,672,0.26936207385807537,0,1,1,0
14.01,93624716,2,10.49,2016-11-01,15000,0,14405,70000,12563,284,2,33,12,12,702,0.2508940045575526,0,1,0,0
10.68,94176094,7,14.99,2016-12-01,12800,1,25299,63000,11749,123,7,35,6,10,677,0.21658368254620217,0,1,0,1
5.46,93761816,1,19.99,2016-11-01,24000,0,9338,80000,4958,212,3,126,13,34,667,0.2218279015751931,0,1,0,1
19.73,91414977,6,8.24,2016-10-01,2400,0,105171,36000,43,113,4,107,5,5,717,0.22541344615680733,0,0,1,0
12.93,91538052,3,15.99,2016-10-01,30775,1,437810,170000,32759,173,6,120,6,6,667,0.2258930782682992,0,0,1,0
17.72,92023419,3,22.74,2016-10-01,10000,0,20682,30000,7349,171,3,61,5,5,687,0.2258930782682992,0,1,1,0
17.74,94225554,5,17.99,2016-12-01,13200,0,170306,78000,8576,428,4,158,8,95,692,0.24038555719815624,0,0,1,0
24.33,91111972,0,11.49,2016-10-01,10000,1,17161,33000,2266,133,0,144,34,85,687,0.2367977506586332,1,0,1,0
20.86,93900916,1,26.99,2016-11-01,4575,1,4614,13500,3399,48,4,123,12,22,672,0.3029734287056215,0,1,0,1
15.65,92053259,0,8.24,2016-11-01,5000,0,30014,52000,9169,90,1,122,13,90,702,0.2586338582330572,0,1,0,0
9.68,92911637,8,23.99,2016-11-01,8000,1,58313,60000,3426,36,14,118,3,4,717,0.24772661201898094,1,0,1,0
26.57,91339967,6,10.99,2016-10-01,19200,0,328541,90000,9611,197,10,119,6,6,712,0.22820244156389516,0,0,0,0
5.51,90531174,0,6.99,2016-10-01,21000,0,16254,60000,3771,260,2,110,1,1,822,0.16180741466312665,1,0,0,0
12.54,92688968,1,13.49,2016-11-01,17950,0,479518,110000,12144,172,3,108,6,6,667,0.2258930782682992,0,0,0,1
11.92,95374489,2,15.99,2016-12-01,7200,0,118291,56000,4056,127,6,118,1,96,682,0.2262116396218806,0,0,0,0
25.02,91375262,6,7.24,2016-10-01,1200,0,317888,78000,11952,163,13,243,5,16,742,0.2962466441080822,0,0,1,0
21.78,91824435,0,6.99,2016-10-01,20000,0,75021,102000,9495,247,2,121,17,39,767,0.25450503330821056,0,1,0,0
25.42,93534459,0,7.49,2016-11-01,16000,0,161417,140000,10950,156,4,182,3,14,707,0.24236974246031542,0,1,0,0
11.56,92677641,1,11.49,2016-11-01,24000,1,388354,120000,32287,167,3,118,6,51,697,0.26936207385807537,0,0,1,0
18.08,95355799,8,13.49,2016-12-01,14000,0,190838,65000,6516,160,11,124,1,7,687,0.24038555719815624,0,0,0,1
31.31,91008506,6,11.49,2016-10-01,5600,1,154041,42000,6438,222,10,107,1,3,662,0.24038555719815624,0,0,0,1
9.84,90111068,2,11.49,2016-10-01,6500,0,28778,38900,1930,67,3,7,2,18,702,0.2508940045575526,0,0,0,1
16.93,93483480,0,5.32,2016-11-01,4000,0,159670,76000,2273,389,2,120,20,32,732,0.19155677855117656,0,0,0,0
19.65,94100279,2,13.99,2016-12-01,17000,0,51523,78000,1306,145,10,125,4,21,677,0.26936207385807537,1,0,1,0
6.05,91516526,7,19.99,2016-10-01,2800,0,434340,75000,1247,89,8,194,1,12,667,0.2262116396218806,0,0,1,0
25.56,91704520,4,21.49,2016-10-01,16000,1,22817,54000,13305,125,7,31,1,3,662,0.14194112958139316,0,1,0,1
20.64,95098152,1,7.24,2016-12-01,11500,0,45603,65000,12062,76,1,100,9,30,742,0.22820244156389516,0,1,0,0
8.6,93412313,2,13.49,2016-11-01,6000,0,250718,83000,7374,258,1,123,6,6,677,0.24405029299643655,0,0,1,0
18.11,95006673,3,26.99,2016-12-01,35000,0,56887,103000,27943,171,4,137,7,19,662,0.2258930782682992,0,1,0,1
14.77,94280281,1,12.74,2016-12-01,10000,0,200857,61000,8561,101,6,50,12,16,672,0.2367977506586332,1,0,1,0
11.92,92536164,1,19.99,2016-11-01,11550,0,473599,86000,4046,431,5,110,1,1,682,0.2258930782682992,0,0,0,1
17.71,91243107,0,7.99,2016-10-01,21000,0,229365,98000,36637,206,1,180,14,75,742,0.25400944474180537,0,0,0,0
26.62,95002489,5,13.99,2016-12-01,24000,0,350009,75000,29956,78,4,104,2,6,707,0.23093607081390768,0,0,0,1
14.19,91140138,2,17.99,2016-10-01,18000,0,139656,120000,2861,202,6,154,2,26,662,0.2258930782682992,0,1,0,0
27.1,92542810,3,11.49,2016-11-01,11200,0,497988,173000,36294,156,8,110,0,19,717,0.21658368254620217,0,0,1,0
19.17,93428796,1,15.99,2016-11-01,15000,1,24370,70000,18430,86,8,83,8,9,717,0.2367977506586332,1,0,0,0
19.65,92114442,0,13.49,2016-11-01,6825,1,7944,19000,7944,196,2,131,3,54,682,0.22964600222399478,0,1,0,1
6.73,93105848,1,11.39,2016-11-01,8000,0,46854,51000,8487,96,4,99,3,3,727,0.2398335190568419,1,0,0,0
29.85,92807607,1,16.99,2016-11-01,10000,0,40150,55000,13996,39,7,66,2,10,667,0.1764017439336834,0,1,0,1
28.22,94129951,5,11.49,2016-12-01,16000,1,382765,180000,32446,281,13,147,1,1,697,0.21658368254620217,0,0,1,0
20.01,91328999,0,17.99,2016-10-01,5000,1,83553,66000,19847,94,3,109,7,7,662,0.2586338582330572,0,1,1,0
13.17,95725589,0,10.49,2016-12-01,20000,0,23616,120000,9252,465,2,141,3,36,707,0.22820244156389516,0,1,0,0
18.39,91893278,3,11.39,2016-10-01,10000,0,38952,52000,6751,369,6,123,11,48,677,0.2218279015751931,1,0,1,0
26.57,92748644,2,8.24,2016-11-01,7825,0,32795,44000,1045,48,5,17,5,5,747,0.21658368254620217,0,1,0,0
34.12,92340150,1,23.99,2016-11-01,13275,1,611838,85000,105349.48000000001,346,3,176,16,29,662,0.24178857354630912,1,0,1,0
27.41,92034102,3,15.99,2016-11-01,14000,0,261713,70000,1738,116,12,80,0,0,667,0.2258930782682992,0,0,1,0
32.92,92842956,2,11.39,2016-11-01,4000,0,123855,59500,8599,179,4,136,7,16,752,0.19155677855117656,0,0,1,0
16.16,95188723,4,15.99,2016-12-01,5000,1,21477,65000,7493,115,8,11,1,1,667,0.2398335190568419,0,1,1,0
27.64,95228819,0,8.24,2016-12-01,6400,0,32803,55000,18139,308,4,144,13,14,702,0.2258930782682992,0,1,1,0
25.69,94212947,1,13.49,2016-12-01,3025,0,218851,160000,105349.48000000001,413,11,171,2,2,682,0.21658368254620217,0,0,1,0
24.89,94140296,9,15.99,2016-12-01,31275,1,454084,105000,27611,276,5,143,7,13,692,0.26936207385807537,0,0,0,1
24.54,90796765,0,15.59,2016-10-01,8075,0,235953,40000,4694,145,5,136,3,3,662,0.19155677855117656,0,0,1,0
3.06,93442398,1,12.74,2016-11-01,6000,0,4079,65000,4079,156,2,114,3,33,667,0.2258930782682992,0,0,1,0
7.4,93110486,0,6.99,2016-11-01,25000,1,285395,141000,1451,118,5,169,7,7,757,0.24772661201898094,0,0,0,0
8.23,94131400,0,11.49,2016-12-01,10000,0,23661,56000,9428,219,4,131,7,7,662,0.22820244156389516,0,1,1,0
25.02,94349278,3,11.49,2016-12-01,20000,0,139528,82250,2677,322,6,124,4,8,792,0.2398335190568419,0,0,1,0
24.75,93790050,0,12.74,2016-12-01,21000,1,48911,83000,15901,207,6,137,3,3,667,0.2586338582330572,0,0,1,0
17.97,91691596,0,7.99,2016-10-01,21000,0,408618,140000,22009,40,6,134,13,16,702,0.16402453469631748,0,0,0,1
18.21,95338135,2,17.99,2016-12-01,34000,0,284018,94000,33807,318,4,143,6,15,712,0.24772661201898094,0,0,0,1
11.33,92489364,1,13.99,2016-11-01,12000,0,41822,45000,3788,97,6,121,1,3,697,0.19155677855117656,1,0,0,1
12.67,90775492,0,14.49,2016-10-01,29250,0,519244,140000,10152,252,3,125,6,37,692,0.3029734287056215,0,0,0,1
32.42,92301349,0,11.49,2016-11-01,7200,0,128610,60000,10800,221,3,105,13,80,662,0.26936207385807537,0,0,0,0
14.71,90826778,3,26.99,2016-10-01,11200,0,43677,35000,8956,93,6,141,1,1,692,0.21658368254620217,0,1,1,0
10.87,92419821,4,13.49,2016-11-01,32000,0,304371,169000,36789,225,7,132,1,1,682,0.2218279015751931,0,0,0,1
11.7,93307451,2,7.49,2016-11-01,6000,0,681618.6899999992,170000,5471,375,3,176,2,2,697,0.2258930782682992,0,0,0,0
14,93717500,0,7.49,2016-11-01,7000,0,8697,33000,8697,47,4,107,4,4,697,0.2398335190568419,0,0,0,0
14.72,92205021,3,11.44,2016-11-01,19000,1,33436,61000,19641,134,4,243,13,13,707,0.2258930782682992,0,1,1,0
3.12,91673228,3,19.99,2016-10-01,6000,0,28645,20000,1968,84,6,14,3,3,737,0.2258930782682992,0,1,1,0
23.14,94749606,3,11.44,2016-12-01,15000,0,179667,70000,10767,62,4,115,14,30,692,0.22964600222399478,0,0,1,0
15.73,90765442,3,15.59,2016-10-01,2400,0,49049,29000,1381,64,4,60,11,28,662,0.3133839123580087,0,1,1,0
24.06,91687719,0,11.49,2016-10-01,15000,0,35675,57217,7557,139,2,135,13,15,722,0.26936207385807537,0,1,1,0
11.71,94048818,0,10.49,2016-12-01,4800,0,4353,45000,3853,256,2,158,7,26,667,0.24772661201898094,0,1,1,0
13.91,94268132,3,11.44,2016-12-01,4000,0,41629,46000,2468,28,5,49,3,6,702,0.22820244156389516,0,1,1,0
16.03,92569724,2,16.99,2016-11-01,26800,0,301906,108000,19791,258,6,123,5,17,697,0.22820244156389516,0,0,0,1
34.74,94379277,5,13.99,2016-12-01,15000,1,348820,42000,8563,223,4,135,5,34,692,0.2258930782682992,0,0,0,1
1,92499709,9,11.49,2016-11-01,8400,0,77787,60000,421,96,8,99,1,5,667,0.21701380971305592,0,1,1,0
25.83,91398331,1,11.49,2016-10-01,6000,0,269436,121000,105349.48000000001,421,3,122,7,14,667,0.14194112958139316,0,0,1,0
11.51,90866384,0,10.99,2016-10-01,6000,0,23163,56000,3679,60,4,65,6,31,667,0.2586338582330572,0,1,1,0
20.45,93238210,2,13.99,2016-11-01,30000,1,66523,130000,23419,232,3,149,2,2,662,0.24178857354630912,0,1,0,1
23.59,92329181,0,11.39,2016-11-01,12000,0,46657,55000,12257,128,6,138,3,6,682,0.2962466441080822,1,0,0,0
9.24,92501194,3,11.49,2016-11-01,3000,0,9481,56000,4559,127,9,173,3,3,697,0.2398335190568419,0,1,1,0
34.12,95805542,4,26.24,2016-12-01,7750,1,182135,37000,11104,234,4,137,4,4,662,0.22820244156389516,0,0,0,1
7.65,91039059,0,6.99,2016-10-01,4000,1,2938,40000,1976,165,1,124,24,43,722,0.30642352237957415,0,1,0,0
34.3,94821358,0,11.44,2016-12-01,8000,0,63465,48000,63465,201,4,101,4,19,687,0.2367977506586332,1,0,0,0
32.09,94333056,2,18.99,2016-12-01,3600,0,98458,52000,2058,144,5,155,1,1,667,0.2258930782682992,1,0,0,1
14.67,92536845,1,10.49,2016-10-01,3000,0,61953,45000,9051,250,1,123,9,9,702,0.2508940045575526,0,0,1,0
23.97,93021755,0,13.99,2016-11-01,15000,0,28063,40000,8125,150,1,75,20,45,722,0.2962466441080822,0,1,0,0
11.24,90995407,1,15.59,2016-10-01,25000,0,86145,74651,15110,224,4,137,12,12,682,0.22820244156389516,0,0,1,0
21.83,93400384,0,13.99,2016-11-01,5425,1,5926,16000,5926,403,2,135,17,17,667,0.23846830760717275,0,1,0,1
5.69,92063491,2,16.99,2016-11-01,12950,1,108135,110000,2578,36,2,123,16,36,667,0.2398335190568419,0,0,0,1
28.64,92075121,2,17.99,2016-11-01,13850,0,34000,35000,6129,189,4,199,3,3,687,0.25400944474180537,0,1,1,0
22.91,93427827,2,17.99,2016-11-01,16000,1,99712,115000,22326,174,10,54,4,12,672,0.24178857354630912,1,0,0,1
11.51,92837191,4,13.99,2016-11-01,2200,0,18951,42000,125,71,16,13,2,2,682,0.24178857354630912,1,0,1,0
10.4,92351868,0,8.24,2016-11-01,15000,0,305894,160000,75818,215,4,170,16,23,802,0.24772661201898094,0,0,1,0
21.25,94359349,5,25.49,2016-12-01,11725,1,9886,34500,2888,113,2,40,17,36,662,0.2218279015751931,0,1,1,0
22.88,94434842,5,13.99,2016-12-01,10000,0,196045,76000,13008,242,3,123,7,37,662,0.22820244156389516,0,0,0,1
16.86,95146871,0,13.49,2016-12-01,8400,0,16644,43000,3855,158,1,29,13,125,737,0.2258930782682992,0,1,0,0
21.89,94360893,2,8.24,2016-11-01,10000,1,312342,80000,32311,470,7,157,2,2,707,0.1935332077454842,0,0,0,0
33,92203532,0,11.44,2016-10-01,9000,0,35223,36000,11609,181,3,68,15,21,702,0.21658368254620217,0,1,0,0
22.25,92747618,2,11.49,2016-11-01,6000,0,35970,54000,9339,97,3,24,10,37,722,0.2367977506586332,0,1,0,0
14.38,94334614,3,13.99,2016-11-01,3000,0,29414,72000,506,128,2,116,2,12,677,0.1764017439336834,0,1,0,1
14.68,91339840,5,25.69,2016-10-01,9600,0,235043,67000,9976,151,14,158,3,3,662,0.2586338582330572,0,0,0,1
27.18,94263930,0,19.99,2016-12-01,30000,1,67690,100000,12992,65,7,59,3,14,682,0.2258930782682992,0,1,1,0
11.22,95003309,1,10.49,2016-12-01,8000,1,16811,40000,5262,317,1,132,5,104,667,0.30642352237957415,0,1,0,0
27.03,90288388,5,26.99,2016-10-01,3400,1,145930,48000,12859,253,7,265,2,2,662,0.24772661201898094,0,0,1,0
20.58,91995441,6,17.99,2016-11-01,34550,1,661435,166000,37014,112,13,162,2,6,687,0.2258930782682992,0,0,0,1
13.88,91108117,0,13.49,2016-10-01,6000,1,34497,75000,10234,135,7,238,2,2,662,0.2258930782682992,0,1,1,0
9.52,94211230,1,12.74,2016-12-01,15000,0,192820,45000,10649,162,3,113,7,19,717,0.23093607081390768,0,0,0,0
15.48,95213664,1,13.99,2016-12-01,24000,0,267330,80000,33374,142,3,112,1,41,672,0.2367977506586332,0,0,1,0
2.68,90915725,0,6.99,2016-10-01,9600,0,267374,65000,7820,130,3,132,13,13,782,0.25400944474180537,0,0,0,0
14.08,94676363,0,7.24,2016-12-01,3600,0,131714,67000,7670,94,1,64,5,5,737,0.22964600222399478,0,1,0,1
30.82,91496464,2,15.99,2016-10-01,10000,1,36574,55000,8472,153,7,145,8,8,707,0.22820244156389516,0,1,0,1
15.58,92470549,3,11.44,2016-11-01,10000,0,122989,70000,6189,210,2,119,3,12,692,0.24236974246031542,0,0,1,0
26.48,94035254,4,18.99,2016-11-01,15650,0,270133,60000,17386,104,8,151,6,6,672,0.2398335190568419,0,0,0,0
11.52,91120051,0,8.99,2016-10-01,9600,0,104078,85000,5825,191,3,86,3,32,812,0.2367977506586332,0,0,0,0
18.85,94557000,0,13.99,2016-12-01,16000,0,238333,110000,23794,240,1,203,22,42,727,0.2258930782682992,0,0,1,0
22.08,92063770,1,19.99,2016-10-01,10000,1,14386,40000,7983,360,7,170,2,4,667,0.23846830760717275,0,1,1,0
22.98,94811226,0,5.32,2016-12-01,4000,0,34743,40000,5792,112,7,99,5,5,737,0.2258930782682992,1,0,0,0
9.92,91329805,1,6.99,2016-10-01,16000,0,325859,80000,12523,192,4,150,3,18,697,0.2258930782682992,0,0,0,0
6.5,94345149,2,13.99,2016-11-01,11200,0,37268,140000,4763,110,3,103,0,0,662,0.26936207385807537,0,0,0,0
21.77,95123732,2,12.74,2016-12-01,11000,0,28209,64000,5917,242,5,173,6,7,747,0.1305656166082932,0,0,0,0
28.29,93280345,3,15.99,2016-12-01,10000,1,135836,54000,9106,64,10,55,1,9,672,0.22820244156389516,0,1,0,1
25.77,93992289,1,11.39,2016-11-01,2400,1,333834,60000,16768,209,7,95,4,4,707,0.26936207385807537,0,1,1,0
26.23,95137521,0,11.49,2016-12-01,25000,0,25284,48000,5092,58,6,38,5,5,682,0.2398335190568419,0,1,0,1
20.55,93110369,5,16.99,2016-11-01,14400,1,16522,50000,8839,52,2,50,9,9,692,0.24772661201898094,0,1,0,0
18.35,95706867,1,12.74,2016-12-01,15000,0,15328,41000,9475,177,1,58,7,67,662,0.23846830760717275,0,1,0,0
17.51,92431447,0,11.49,2016-11-01,3600,0,72648,100000,19798,382,7,119,5,5,682,0.2258930782682992,0,1,1,0
27.38,93931581,4,5.32,2016-11-01,25600,0,137067,197000,33804,470,4,169,6,11,727,0.2586338582330572,1,0,0,1
24.11,94208454,2,14.99,2016-12-01,8000,0,64748,45000,1778,123,6,16,3,14,712,0.22541344615680733,0,1,0,0
17.9,95597631,0,17.99,2016-12-01,11000,0,93207,63000,12167,138,7,122,4,5,692,0.2258930782682992,0,1,0,1
17.11,94177548,0,12.74,2016-11-01,20000,0,59980,93000,7337,137,7,166,7,15,687,0.22820244156389516,0,1,1,0
12.08,94059912,0,12.74,2016-12-01,17000,0,27047,82000,17930,224,5,48,7,7,672,0.22541344615680733,0,0,0,0
33.71,95218799,6,19.99,2016-12-01,8000,0,539909,118500,22836,123,10,120,1,15,692,0.22820244156389516,0,0,0,0
16.8,93101631,0,17.99,2016-11-01,20000,0,23324,47000,16391,185,2,178,4,4,662,0.22820244156389516,0,0,0,0
16.38,91617130,0,19.99,2016-10-01,11000,0,43100,46000,11314,239,3,148,4,4,692,0.22541344615680733,0,1,1,0
19.2,95932094,1,13.49,2016-12-01,13000,0,141441,53000,13247,116,3,127,4,7,712,0.2262116396218806,1,0,0,0
14.99,95323299,4,12.74,2016-12-01,6000,0,105557,75500,11617,135,7,160,12,13,682,0.2258930782682992,0,0,1,0
16.11,91354851,5,13.99,2016-10-01,10000,0,40855,90000,5012,330,9,173,7,7,677,0.2508940045575526,0,1,0,1
18.79,93694189,0,12.74,2016-11-01,3200,0,51146,26000,3528,52,1,75,4,34,707,0.24178857354630912,0,1,1,0
19.37,90251373,0,18.99,2016-10-01,24000,0,36194,64000,18652,301,3,37,2,2,712,0.2258930782682992,0,1,1,0
24.18,93881871,2,10.49,2016-11-01,16000,0,25894,45000,12467,208,16,39,1,2,782,0.22820244156389516,0,0,0,0
13.07,92564281,0,10.49,2016-11-01,6000,0,32796,37000,7061,193,0,124,30,30,677,0.1764017439336834,0,1,1,0
11.12,91138165,1,15.99,2016-10-01,27000,0,284631,60000,8530,307,3,119,7,148,717,0.23093607081390768,0,0,0,1
5.44,91208670,0,24.74,2016-10-01,9600,0,4286,30000,4286,252,1,170,3,59,672,0.21658368254620217,0,1,0,1
16.42,90175666,4,17.99,2016-10-01,15000,0,157911,60000,8913,196,4,148,5,8,677,0.24038555719815624,0,0,0,0
23.57,94046495,1,7.24,2016-12-01,7000,0,32800,45000,22680,415,2,109,11,30,712,0.2508940045575526,0,0,0,1
28.01,93604398,3,7.99,2016-11-01,5000,0,485281,123000,17625,166,9,134,2,16,707,0.26936207385807537,0,0,0,1
23.47,91042578,1,16.99,2016-10-01,34875,0,78034,95000,18339,331,5,173,8,8,717,0.2398335190568419,0,1,0,1
21.9,95158064,1,8.24,2016-12-01,1925,1,20693,60000,16806,205,1,120,23,51,702,0.2367977506586332,0,1,0,0
22.61,95249973,4,14.99,2016-12-01,12000,0,44831,44000,3425,225,16,109,2,4,697,0.2398335190568419,0,1,0,1
19.7,95332962,3,13.99,2016-12-01,8000,0,33535,57435,6005,170,6,168,1,5,672,0.26936207385807537,0,1,0,1
13.52,93358483,0,11.39,2016-12-01,12000,1,20305,60000,20305,213,1,144,21,82,672,0.19155677855117656,0,1,1,0
16.06,76153141,2,19.99,2016-12-01,32000,0,241362,130000,14314,96,12,23,4,4,687,0.21658368254620217,0,0,0,1
30.09,95146760,3,15.99,2016-12-01,3600,1,22532,36700,18252,159,2,96,8,36,682,0.24038555719815624,0,0,0,1
24.33,93932439,0,11.49,2016-11-01,5000,0,219002,81000,28307,124,1,137,14,39,697,0.2367977506586332,1,0,1,0
24.41,90414073,0,24.99,2016-10-01,18000,0,45193,46848,8699,48,6,147,2,47,672,0.2258930782682992,0,1,0,0
27.31,92331356,7,12.74,2016-11-01,14400,0,118205,70000,17324,158,7,124,3,5,677,0.22964600222399478,0,0,0,0
13.15,93523907,5,8.24,2016-11-01,10000,0,166624,78000,7895,198,4,111,4,55,727,0.2218279015751931,0,0,0,0
8.77,91633136,0,7.99,2016-10-01,20000,0,396121,90000,16466,291,3,142,8,96,722,0.2258930782682992,0,0,1,0
23.8,94676224,2,21.49,2016-12-01,2000,1,38060,48000,7312,135,5,126,4,21,677,0.24772661201898094,0,0,0,1
26.09,91098497,6,15.59,2016-10-01,14000,0,21474,38400,52,193,5,146,5,43,677,0.16180741466312665,0,0,0,1
27.68,93109589,9,10.49,2016-11-01,6400,0,116348,45000,5509,177,6,146,1,8,677,0.30642352237957415,0,0,0,1
27.14,95142813,0,13.49,2016-12-01,20000,0,22965,50000,21022,189,0,33,33,39,702,0.2398335190568419,0,1,0,0
27.2,92133419,6,21.49,2016-10-01,11200,1,62902,63000,13503,174,4,130,6,16,662,0.21701380971305592,0,0,0,0
15.57,91305629,4,17.99,2016-10-01,25000,0,177071,81000,11693,136,5,158,5,32,667,0.24038555719815624,0,0,1,0
7.07,93990688,2,11.44,2016-11-01,3600,0,22959,27000,2328,117,6,123,8,8,662,0.19155677855117656,1,0,0,1
14.79,91643075,3,25.49,2016-10-01,20000,0,172905,62000,16594,203,7,34,3,3,682,0.24772661201898094,0,0,1,0
17.39,94145744,2,26.99,2016-12-01,17425,0,148743,45895,9607,137,10,115,2,15,662,0.2398335190568419,0,0,0,1
18.19,92055200,1,5.32,2016-10-01,1600,0,7503,52000,1249,294,0,276,29,40,832,0.2218279015751931,0,1,0,0
18.6,95170626,1,18.99,2016-12-01,14850,0,231053,60000,17828,232,4,177,5,5,712,0.16197620383450775,0,0,0,0
7.71,92479123,1,11.44,2016-11-01,7500,0,202779,52000,6595,204,1,86,7,7,662,0.19155677855117656,0,0,1,0
10.8,91157791,0,10.49,2016-10-01,15000,0,40004,82000,11610,82,2,111,2,41,662,0.23093607081390768,0,0,1,0
27.92,94195610,3,16.99,2016-12-01,34550,0,53843,72000,27800,241,7,58,2,2,692,0.2586338582330572,0,1,1,0
11.38,94391542,2,13.49,2016-12-01,9800,0,23655,100000,10005,359,7,138,5,7,677,0.24772661201898094,0,0,0,1
13.51,91955613,5,18.99,2016-10-01,8000,0,71646,46000,4480,184,11,171,0,0,667,0.1305656166082932,0,0,1,0
13.77,94111725,0,7.49,2016-12-01,13500,0,188221,59000,13326,131,4,103,18,22,717,0.25400944474180537,0,0,0,0
20.63,90413701,3,18.99,2016-10-01,6000,1,369902,69000,11832,150,8,75,1,4,702,0.26936207385807537,0,0,0,1
13,95930109,0,8.24,2016-12-01,13000,0,27538,47000,13185,173,1,88,16,16,772,0.2258930782682992,0,1,1,0
13.73,95279102,0,7.49,2016-12-01,10000,0,24955,62140,8505,127,5,91,1,1,742,0.23093607081390768,1,0,0,0
14.38,93882295,0,26.24,2016-11-01,19425,1,84139,60000,5601,220,2,126,7,141,692,0.278503507164471,0,1,0,0
12.65,95922180,2,13.49,2016-12-01,20225,0,29628,44000,13151,120,2,75,4,4,697,0.3133839123580087,0,1,0,0
13.78,91527857,0,26.24,2016-10-01,35000,0,47028,98000,8566,135,4,120,8,13,682,0.2258930782682992,0,1,1,0
14.34,90965353,3,10.99,2016-10-01,7200,0,20657,40000,3315,19,4,164,3,3,687,0.19155677855117656,1,0,0,1
7.52,93137499,0,11.39,2016-11-01,6500,0,5773,52000,2332,126,4,121,15,18,662,0.16337446126458402,0,1,1,0
9.77,94016913,1,7.49,2016-11-01,3600,0,7840,28000,2570,150,3,30,14,18,792,0.22820244156389516,0,1,0,1
33.56,91661053,2,19.99,2016-10-01,15000,0,219457,120000,45643,330,4,153,5,10,677,0.2218279015751931,0,0,0,0
23,91041712,2,5.32,2016-10-01,8400,0,283553,63500,1074,159,3,144,3,18,737,0.2218279015751931,0,0,1,0
28.48,94124187,1,14.99,2016-12-01,6000,1,53113,72000,18260,116,7,165,9,17,667,0.30642352237957415,0,0,0,1
16.38,92941252,1,13.49,2016-11-01,5500,1,97582,140000,11486,192,7,124,3,3,682,0.14194112958139316,0,0,0,0
24.38,95116663,8,11.49,2016-12-01,10000,0,30483,33000,10869,110,8,120,6,6,712,0.1764017439336834,0,1,0,0
30.36,95189525,1,14.99,2016-12-01,8000,1,92834,85009,8252,265,6,133,13,30,687,0.22964600222399478,0,1,0,1
30.36,89050187,6,25.29,2016-10-01,6875,1,97121,37000,2875,158,4,98,8,8,697,0.22820244156389516,0,1,0,1
5.57,94727070,5,19.99,2016-12-01,7200,0,24919,70000,5472,200,4,83,10,12,687,0.2398335190568419,0,1,0,0
12.11,92055755,6,11.49,2016-11-01,20000,0,360018,85000,28603,121,6,276,3,3,677,0.24178857354630912,1,0,0,1
30.25,93614913,1,26.24,2016-11-01,19850,0,41252,65000,11324,165,4,119,2,16,747,0.24405029299643655,0,1,1,0
21.22,95028955,3,14.99,2016-12-01,11200,0,99933,60000,15046,162,5,137,8,59,677,0.19155677855117656,0,0,0,1
12.12,94248725,2,13.49,2016-12-01,8000,0,35734,90000,12721,64,5,75,2,5,662,0.23093607081390768,0,1,1,0
29.8,92226414,2,8.24,2016-10-01,10800,0,200930,60000,6470,78,5,64,10,32,717,0.24178857354630912,0,0,0,0
19.48,91733438,4,26.99,2016-10-01,17350,1,13807,35360,13807,136,8,86,1,1,672,0.25400944474180537,0,1,1,0
28.58,90721156,3,10.99,2016-10-01,15000,0,46655,70000,6524,113,2,97,13,50,742,0.22820244156389516,0,0,0,0
6.48,95236819,1,11.44,2016-12-01,7000,0,5863,40000,5833,115,5,78,1,1,697,0.21910964887857984,0,1,1,0
16.87,90985756,0,11.49,2016-10-01,15000,0,70242,96700,6906,55,5,182,1,1,722,0.24772661201898094,0,1,1,0
20.32,92951434,3,15.99,2016-11-01,9000,0,71706,92000,13741,131,15,130,3,6,662,0.22820244156389516,0,1,1,0
21.1,91328468,6,12.74,2016-11-01,8000,1,36136,75000,16502,75,5,62,9,9,687,0.24236974246031542,1,0,1,0
27.82,91207886,1,10.99,2016-10-01,3600,0,45377,39000,6725,124,4,156,3,22,707,0.2367977506586332,0,0,0,0
11.9,94344511,4,22.74,2016-12-01,1200,1,6096,23000,6096,275,4,171,0,0,697,0.24236974246031542,1,0,1,0
26.36,92054514,0,26.24,2016-10-01,20000,0,108052,50854,6953,233,2,86,4,38,677,0.2367977506586332,0,0,0,1
24.13,93411115,2,7.99,2016-11-01,7500,0,50631,60000,7318,131,5,158,6,10,702,0.2398335190568419,0,1,1,0
7.62,91505655,3,26.99,2016-10-01,30000,1,26307,80000,2222,99,5,96,12,16,717,0.16337446126458402,0,0,1,0
23.26,91393725,1,11.49,2016-10-01,6000,0,55348,70000,6409,171,6,124,12,132,687,0.24772661201898094,0,1,1,0
15.93,94090917,2,11.49,2016-12-01,10000,0,162579,88000,3116,156,8,125,5,5,667,0.2258930782682992,0,0,1,0
16.07,91574183,3,26.24,2016-10-01,15100,1,112106,36000,6687,32,7,100,5,12,687,0.21701380971305592,0,0,0,1
22.15,94461292,0,11.49,2016-12-01,2000,0,44619,110000,33462,217,1,152,20,96,687,0.24236974246031542,0,1,0,0
23.4,93843118,11,14.99,2016-11-01,9600,0,92520,40000,10511,251,4,129,8,102,682,0.2218279015751931,0,0,1,0
17.02,95716298,0,8.24,2016-12-01,3000,0,157621,55000,4435,69,2,52,16,69,712,0.21910964887857984,0,0,1,0
26.62,91646191,12,16.99,2016-10-01,1600,0,481549,60000,10409,89,16,129,4,4,672,0.2258930782682992,0,0,0,1
16.34,89869148,1,14.49,2016-10-01,11950,0,270899,57000,6713,325,8,128,8,11,752,0.2398335190568419,0,0,1,0
30.24,95351768,1,12.74,2016-12-01,8500,1,42059,45000,6007,106,4,58,11,31,677,0.22820244156389516,0,1,0,0
7.03,90641606,0,7.59,2016-10-01,35000,0,305799,129000,8991,224,1,157,20,20,807,0.25220620065309657,0,0,0,1
6.98,94220581,0,7.99,2016-12-01,12500,0,145546,60000,243,155,1,148,14,44,812,0.21910964887857984,0,0,0,0
6.37,92331867,2,12.74,2016-12-01,35000,0,37613,260000,20483,222,3,105,16,18,672,0.2258930782682992,0,0,1,0
17.56,95017052,2,11.44,2016-12-01,10000,0,156561,60000,8114,386,3,146,6,31,707,0.22964600222399478,0,0,1,0
15.93,91548475,2,13.49,2016-10-01,13150,0,12287,44608.8,2505,112,6,172,4,30,692,0.24038555719815624,0,1,0,1
33.41,91704050,1,19.99,2016-10-01,4300,0,16484,25000,7833,86,5,11,1,4,667,0.24405029299643655,0,1,0,1
8.72,95347850,2,11.39,2016-12-01,5825,0,171282,60000,1762,94,2,194,7,12,727,0.22820244156389516,0,0,1,0
27.54,93716081,0,21.49,2016-12-01,10000,0,138611,42000,7962,131,4,149,9,12,687,0.22820244156389516,0,0,1,0
17.68,91691369,3,8.24,2016-10-01,13000,0,107562,92000,1124,143,5,124,1,51,767,0.24405029299643655,0,1,1,0
17.1,91228795,0,9.49,2016-10-01,35000,0,73765,100000,33057,223,10,162,1,4,682,0.22820244156389516,1,0,1,0
9.31,91386002,3,11.39,2016-11-01,35000,0,235873,175000,36594,204,1,177,12,12,682,0.2218279015751931,0,0,0,1
18.88,94245365,0,8.24,2016-11-01,8000,0,62219,70000,5809,165,4,154,12,16,672,0.2398335190568419,0,1,1,0
14.52,92300226,5,7.99,2016-11-01,11500,0,246409,79500,11836,159,5,159,5,22,767,0.23093607081390768,0,0,0,0
20.36,91630494,3,13.49,2016-10-01,1000,0,25426,28000,1756,48,7,50,3,8,732,0.2218279015751931,0,0,1,0
14.79,91038889,0,10.99,2016-10-01,12000,0,93615,50000,16072,325,2,182,13,61,702,0.21910964887857984,1,0,0,0
18.25,93717025,7,14.99,2016-12-01,18000,0,45659,115000,22539,146,5,145,11,18,667,0.2398335190568419,0,1,0,1
25.43,93465478,0,11.39,2016-11-01,16000,0,69769,89000,802,155,2,167,15,53,732,0.24236974246031542,0,1,0,0
19.2,91296555,1,11.49,2016-10-01,5000,1,119626,40000,2930,142,5,169,12,38,712,0.24772661201898094,0,1,0,0
17.37,95093395,3,17.99,2016-12-01,10000,1,18021,40000,16038,324,5,16,10,10,662,0.1935332077454842,0,0,0,1
14.46,91473449,2,8.99,2016-10-01,16000,0,301111,105000,12341,374,2,154,5,32,677,0.2367977506586332,0,0,0,0
22.95,94059936,2,13.49,2016-12-01,1200,0,69159,78000,8284,115,7,97,5,29,667,0.26220086013005467,0,0,1,0
26.68,95359578,0,7.99,2016-12-01,8000,0,66512,65000,11744,178,1,152,24,24,742,0.21658368254620217,1,0,0,0
4.15,91393871,3,14.49,2016-10-01,4000,0,44485,48300,3241,116,7,81,8,17,687,0.2398335190568419,0,1,1,0
23.91,91232781,0,11.49,2016-10-01,10925,0,63835,40000,14325,244,1,104,2,2,707,0.21658368254620217,0,0,0,0
33.02,94101686,0,14.99,2016-12-01,1500,1,82710,60000,35231,328,8,140,4,8,687,0.21701380971305592,0,1,1,0
17.56,92981895,1,11.44,2016-11-01,6000,0,67587,68000,3679,80,2,136,3,3,727,0.2508940045575526,0,1,1,0
24.31,93992038,0,19.99,2016-11-01,15000,0,138567,55000,7642,120,4,135,6,19,662,0.21701380971305592,0,0,0,1
16.68,92204281,1,11.49,2016-10-01,10000,1,37118,71580,6668,68,6,135,3,3,667,0.3029734287056215,0,0,1,0
18.06,91463338,0,8.99,2016-10-01,10000,0,59111,68903,17670,128,0,140,29,32,677,0.16180741466312665,0,0,1,0
11.6,91649884,1,16.99,2016-10-01,12000,0,31003,45000,20410,199,5,121,2,57,692,0.2218279015751931,0,1,1,0
19.22,94223368,0,13.99,2016-12-01,19550,1,20570,52000,10606,146,1,72,17,29,712,0.22964600222399478,1,0,0,0
8.28,92749466,0,5.32,2016-11-01,4475,0,21294,30000,1607,217,0,122,29,12,687,0.26936207385807537,0,1,0,0
19.05,92638691,4,21.49,2016-11-01,6900,1,115451,23000,12716,235,8,41,1,1,677,0.24178857354630912,0,0,0,1
20.31,95029813,1,14.99,2016-12-01,25800,1,121256,80000,18378,156,4,134,1,1,732,0.2508940045575526,0,0,0,0
21.1,91042185,5,8.99,2016-10-01,5000,0,449560,75000,11081,275,7,161,5,5,702,0.2258930782682992,0,0,0,0
11.81,94070207,0,12.74,2016-12-01,35000,0,247980,155000,58683,307,3,152,8,19,757,0.2398335190568419,0,0,1,0
18.96,91278031,6,18.99,2016-10-01,10000,1,30355,40000,8878,39,5,98,3,23,682,0.2508940045575526,0,1,0,1
26.04,91299769,6,15.59,2016-10-01,20000,0,118138,105000,20667,157,9,139,3,5,692,0.278503507164471,0,1,0,0
24.46,94395188,7,14.99,2016-12-01,3000,0,314862,110000,16052,366,10,155,3,4,702,0.2258930782682992,1,0,0,1
16.42,94416226,2,17.99,2016-12-01,20000,0,30023,94000,9670,250,5,129,5,42,687,0.2367977506586332,0,1,0,0
14.85,93789370,0,11.39,2016-11-01,20000,0,21090,86000,6583,126,3,133,4,14,742,0.24038555719815624,0,0,0,0
27.18,92321837,1,13.49,2016-11-01,6025,0,363205,67000,21406,178,4,167,10,10,702,0.2586338582330572,0,0,1,0
19.11,94132223,2,26.99,2016-12-01,16525,1,309940,78000,5061,56,3,185,12,37,677,0.24772661201898094,1,0,1,0
12.57,91188023,5,17.99,2016-10-01,24000,0,213912,106000,75624,207,2,155,5,44,687,0.2508940045575526,0,0,0,0
29.59,91661329,0,10.49,2016-10-01,16000,0,276028,83600,45904,154,1,135,17,27,687,0.23093607081390768,0,0,0,0
4.18,95046355,0,11.44,2016-12-01,14000,0,5098,52000,5098,89,2,129,5,13,687,0.2367977506586332,0,1,1,0
16.24,93672465,6,16.99,2016-11-01,4200,0,124343,69000,17524,175,5,108,1,25,667,0.22820244156389516,0,0,0,0
24.37,91007537,6,17.99,2016-10-01,24000,0,133870,120000,18363,91,16,109,3,4,692,0.24236974246031542,1,0,0,1
17.93,94112994,0,10.49,2016-12-01,1200,0,15536,36000,5161,190,1,160,13,95,687,0.2258930782682992,0,1,1,0
32.23,91676490,0,19.99,2016-10-01,18800,0,176285,48611,16834,174,7,154,2,2,687,0.22541344615680733,0,0,0,1
14.87,95213288,0,13.49,2016-12-01,24000,0,422005,95000,19496,210,3,232,7,22,717,0.2218279015751931,1,0,0,0
23.38,90180735,6,14.49,2016-10-01,15000,0,66919,48000,56577,190,12,37,9,11,722,0.24772661201898094,0,0,0,0
14.33,93338155,0,13.99,2016-11-01,1000,0,421090,84000,17532,270,2,167,12,148,672,0.2586338582330572,1,0,0,1
15.85,93187364,1,7.49,2016-11-01,2500,1,284529,56135,14203,125,2,155,3,3,682,0.24405029299643655,1,0,0,0
24.18,92522368,2,19.99,2016-11-01,12250,1,21301,35000,19986,84,5,79,3,3,667,0.2258930782682992,0,1,0,0
33.46,91635487,3,14.99,2016-10-01,22375,0,267069,75000,19757,384,7,117,3,14,732,0.2367977506586332,0,0,0,0
22.34,91556375,7,26.99,2016-11-01,25000,0,280453,70000,8227,120,6,113,9,9,672,0.2367977506586332,0,0,0,1
9.08,94330546,0,10.49,2016-11-01,15000,0,19707,60000,19707,380,2,131,22,22,712,0.23093607081390768,0,1,0,0
1.13,94107636,1,25.49,2016-12-01,9425,1,257,50000,257,132,2,129,12,15,672,0.2294121971136406,0,1,0,1
12.29,94335452,2,8.24,2016-11-01,6000,0,45944,130000,13857,219,6,218,6,22,782,0.1764017439336834,0,1,1,0
13.27,90990252,4,9.49,2016-10-01,7500,0,43267,90000,7205,332,13,100,3,3,667,0.2258930782682992,1,0,1,0
11.73,95067938,1,7.99,2016-12-01,20000,0,250859,99455,14868,119,5,159,5,7,727,0.2262116396218806,0,1,1,0
18.68,94616466,6,7.99,2016-12-01,29400,0,107235,156000,3935,175,5,138,4,14,727,0.2508940045575526,1,0,1,0
17.29,96123160,1,13.49,2016-12-01,4000,1,10265,45000,3006,39,5,114,2,2,697,0.24405029299643655,0,1,1,0
32.68,91218190,3,23.99,2016-10-01,12000,1,44801,32000,5138,111,2,140,3,36,662,0.22820244156389516,0,1,1,0
26.3,95921581,0,26.99,2016-12-01,28000,1,63239,85000,63239,131,2,84,6,16,687,0.22820244156389516,0,1,1,0
22.66,91303809,1,8.99,2016-10-01,8000,0,17065,58000,7283,262,3,105,5,5,702,0.23846830760717275,0,1,1,0
25.02,91407825,2,15.99,2016-10-01,8000,0,172420,120000,9538,124,13,135,3,11,682,0.2258930782682992,0,0,0,1
17.24,92524776,6,12.74,2016-11-01,2000,0,50288,80000,14107,139,5,46,4,6,662,0.24405029299643655,0,1,1,0
34.62,91957768,1,16.99,2016-10-01,12000,1,183207,67000,20959,126,8,86,3,16,717,0.3133839123580087,0,0,0,1
20.56,94415868,0,12.74,2016-12-01,6000,0,19304,30000,1289,309,4,181,7,32,802,0.22820244156389516,0,1,1,0
33.57,92310085,2,13.49,2016-11-01,6000,1,71470,72600,35468,135,2,120,3,3,687,0.22541344615680733,0,1,0,1
8.38,92563336,0,13.49,2016-11-01,10000,0,133015,60000,4596,59,1,232,19,19,687,0.2508940045575526,0,0,0,0
25.83,92578321,3,14.99,2016-11-01,28900,0,181407,75839,31458,215,9,163,5,7,707,0.2218279015751931,0,0,0,1
18.2,91526175,1,13.99,2016-11-01,9000,0,100719,55000,6614,80,1,116,19,19,667,0.19155677855117656,0,1,1,0
14.71,91248965,1,11.49,2016-10-01,35000,0,245640,185000,9707,242,6,146,5,5,672,0.2367977506586332,0,0,0,1
22.71,92921697,1,11.44,2016-11-01,6000,0,87295,50000,2887,116,4,247,11,20,677,0.24236974246031542,0,0,0,0
10,95230623,1,12.74,2016-12-01,1600,0,13501,63000,9201,91,6,41,3,8,677,0.24405029299643655,0,1,0,1
19.76,91378545,0,11.39,2016-10-01,27900,0,248096,180000,9816,70,2,102,0,0,692,0.24178857354630912,0,0,0,0
17.8,93012356,7,17.99,2016-11-01,25600,0,93126,72000,15604,134,5,152,2,5,677,0.23093607081390768,1,0,1,0
16.89,94432152,3,8.24,2016-12-01,25000,0,323821,105000,1469,250,3,141,5,57,737,0.2962466441080822,0,0,0,0
23.17,93464564,1,19.99,2016-12-01,35000,1,191553,150000,29378,146,5,129,6,6,682,0.22541344615680733,0,0,1,0
16.98,91069928,1,10.49,2016-10-01,8400,0,58073,60000,2615,196,1,106,13,77,667,0.2398335190568419,1,0,1,0
16.32,95315482,3,18.99,2016-12-01,18000,1,138647,80000,32742,233,9,122,6,8,667,0.22820244156389516,1,0,1,0
14.86,95261313,0,11.44,2016-12-01,16000,0,131205,44500,12805,171,2,108,14,14,702,0.22541344615680733,0,0,0,0
18.88,93899952,0,14.99,2016-11-01,20800,0,46828,80967,18584,241,5,71,5,5,672,0.2367977506586332,0,1,0,1
24.35,93092206,4,21.49,2016-12-01,6900,0,17336,24000,8904,112,7,92,8,13,667,0.22820244156389516,0,0,0,1
9.73,90989245,3,7.99,2016-10-01,6000,0,46753,134000,1753,393,2,182,3,13,767,0.24405029299643655,0,1,0,0
9.28,91586418,0,24.74,2016-10-01,20000,0,14681,68250,1560,31,6,136,3,20,697,0.2258930782682992,0,1,0,0
19.52,95151380,0,16.99,2016-12-01,24000,0,25750,60000,12836,107,1,54,15,37,687,0.22820244156389516,0,1,0,1
11.85,91693414,2,12.74,2016-10-01,10000,0,118515,40800,7594,135,7,132,3,5,672,0.23093607081390768,1,0,1,0
14.39,90290066,12,14.49,2016-10-01,15000,0,411643,181000,9002,190,16,85,0,3,722,0.15873373683147546,1,0,0,1
15.93,94465170,0,7.24,2016-12-01,35000,1,184784,145000,46374,217,0,79,29,29,732,0.23093607081390768,0,0,1,0
24.31,91494629,1,8.99,2016-10-01,3300,0,121598,55000,3340,146,7,157,7,7,672,0.2962466441080822,0,0,1,0
8.7,94277361,1,12.74,2016-12-01,5000,0,10571,65000,5254,391,3,135,0,14,662,0.22820244156389516,0,1,1,0
3.9,91160375,3,13.49,2016-10-01,10000,1,9595,65000,3406,15,4,121,5,5,672,0.3133839123580087,0,0,1,0
21.92,92248771,1,13.99,2016-11-01,12000,0,324231,78000,41364,181,6,160,4,4,682,0.2398335190568419,1,0,0,0
17.15,91219499,2,13.49,2016-10-01,16000,0,125226,97000,11626,159,7,123,4,16,687,0.2398335190568419,1,0,1,0
28.17,93177417,8,12.74,2016-11-01,30000,0,478746,175000,30205,233,11,172,1,4,697,0.22820244156389516,0,0,0,1
21.41,91394166,0,10.49,2016-10-01,35000,0,237227,110000,26834,299,2,124,3,148,692,0.14194112958139316,0,0,0,1
12.54,94412323,1,11.44,2016-12-01,14000,0,34790,97000,10020,185,8,67,4,5,702,0.2218279015751931,0,1,0,0
26.29,92837402,0,15.99,2016-11-01,8800,0,159532,53000,6063,127,8,121,3,3,712,0.22541344615680733,0,0,1,0
25.71,92203748,1,7.49,2016-11-01,15000,0,193787,75000,0,135,2,133,10,10,747,0.24178857354630912,0,0,0,1
13.22,91157262,2,26.99,2016-10-01,7000,0,20608,29500,823,73,7,14,3,15,722,0.23846830760717275,0,1,0,1
25.8,95826849,1,17.99,2016-12-01,15150,0,427048,60000,22028,193,2,137,19,32,737,0.16180741466312665,0,0,0,0
4.84,94107841,6,11.44,2016-11-01,35000,0,441138,175000,2218,265,7,136,5,16,742,0.22820244156389516,0,0,1,0
29.55,91284430,0,6.99,2016-10-01,12000,0,62181,78000,14668,149,4,146,9,9,692,0.23093607081390768,0,1,1,0
4.93,91307838,5,21.49,2016-10-01,35000,1,74114,83000,19376,175,3,171,3,3,722,0.2367977506586332,0,0,0,1
5.81,95376012,0,15.99,2016-12-01,7200,0,12734,80000,6749,210,2,98,5,5,682,0.21658368254620217,0,1,0,1
27.72,93708129,0,11.49,2016-11-01,27250,0,395750,70000,287,116,4,276,3,19,682,0.2262116396218806,0,0,1,0
11.63,93338361,1,8.24,2016-11-01,6000,1,97242,35000,12174,102,0,131,32,32,672,0.21701380971305592,0,0,1,0
13.73,94227933,1,11.44,2016-12-01,25000,0,248189,89000,9534,201,7,92,7,7,707,0.2258930782682992,1,0,0,0
22.21,90747109,0,13.99,2016-10-01,2000,0,10499,20000,2168,59,2,124,2,57,747,0.22964600222399478,0,1,1,0
12.17,93104597,4,14.99,2016-11-01,15000,0,423941,120000,9185,132,9,13,5,12,687,0.2962466441080822,0,0,1,0
25.33,91483198,0,10.49,2016-10-01,30725,0,411635,154260,9968,470,3,67,17,26,822,0.22820244156389516,1,0,0,1
9.65,94342925,4,11.49,2016-12-01,15000,0,11148,88000,2866,100,0,84,39,100,662,0.2586338582330572,0,1,1,0
15.72,96197965,1,13.99,2016-12-01,6000,0,10621,34278,4662,339,9,105,5,5,672,0.16180741466312665,0,1,0,0
2.5,92143646,1,18.99,2016-11-01,12000,0,104587,31200,4118,164,2,82,16,16,672,0.2367977506586332,0,0,1,0
18.43,93157627,1,15.99,2016-11-01,6000,0,29888,73000,1922,148,4,99,4,64,672,0.2258930782682992,0,1,0,1
17.7,93997923,2,23.99,2016-11-01,5500,0,12214,24000,6961,56,7,63,3,3,702,0.3029734287056215,0,1,0,1
14.33,90186738,0,10.49,2016-10-01,4000,0,37642,50000,4645,108,5,106,10,61,772,0.2586338582330572,0,1,1,0
21.69,92833980,0,16.99,2016-11-01,27300,0,144030,65000,12457,409,1,133,10,57,742,0.22820244156389516,0,0,0,0
4.58,90775833,0,9.49,2016-10-01,6000,0,8133,49000,8133,232,0,131,27,27,702,0.2367977506586332,0,1,1,0
31.16,91584578,1,11.44,2016-10-01,15000,0,23866,60000,11621,362,6,161,5,5,677,0.22820244156389516,0,1,0,1
15.73,93789263,0,11.39,2016-11-01,15000,0,271533,100000,23227,402,1,194,24,29,672,0.26936207385807537,0,0,1,0
8.16,95374436,2,11.49,2016-12-01,9600,0,8863,30000,8863,239,2,89,6,8,762,0.21658368254620217,0,1,0,0
25.33,95196188,2,22.74,2016-12-01,23450,1,308653,102000,38639,411,7,134,2,51,707,0.26936207385807537,0,0,0,1
26.34,91671553,3,26.99,2016-10-01,25000,1,264282,150000,96104,292,2,121,3,31,662,0.22820244156389516,0,0,1,0
8.95,94419656,0,13.49,2016-12-01,35000,1,247503,147000,11976,422,4,111,7,10,697,0.2586338582330572,0,0,1,0
32.69,92224882,3,15.99,2016-10-01,5000,0,71659,25000,6233,56,8,108,8,9,667,0.21658368254620217,0,1,1,0
21.72,94460282,2,26.99,2016-12-01,24000,0,271171,70000,19988,133,2,129,12,133,687,0.1764017439336834,0,0,1,0
14.93,95047905,4,22.74,2016-12-01,34525,0,58698,170000,3975,106,9,51,3,11,752,0.22820244156389516,0,0,0,1
25.14,92840399,4,13.49,2016-11-01,8150,0,166489,60000,19441,119,5,95,5,5,682,0.2367977506586332,0,0,0,1
16.86,95191799,1,18.99,2016-12-01,12000,1,221469,101000,14628,304,3,69,15,15,707,0.2962466441080822,0,0,1,0
17.4,92223603,0,8.24,2016-10-01,5600,1,35787,50000,4920,141,7,123,2,2,672,0.22541344615680733,0,1,1,0
28.08,95108006,0,17.99,2016-12-01,1200,0,22323,30000,15952,58,1,148,9,39,692,0.2398335190568419,0,1,0,1
23.52,94841229,1,17.99,2016-12-01,33100,1,104871,72000,22542,55,3,276,15,25,677,0.25450503330821056,0,1,1,0
28.04,94140292,0,12.74,2016-12-01,20000,0,54406,74000,20509,195,2,160,8,40,727,0.2258930782682992,0,1,1,0
31.21,91032307,6,12.79,2016-10-01,6000,1,57891,49642,8561,127,7,132,1,26,662,0.2218279015751931,0,1,1,0
13.32,95027637,4,22.74,2016-12-01,20000,0,117287,120000,14621,86,2,89,6,35,677,0.2258930782682992,0,1,1,0
10.87,94831468,0,7.49,2016-12-01,35000,0,273585,113193,19938,180,3,127,2,2,702,0.26936207385807537,0,0,1,0
23.48,91172989,2,13.49,2016-10-01,9000,0,169597,62000,24011,182,4,158,3,8,707,0.2258930782682992,0,0,0,0
7.84,92045465,1,11.39,2016-10-01,6500,0,32735,28000,6364,173,3,132,3,3,667,0.2398335190568419,0,0,0,0
17.33,92819162,0,19.99,2016-11-01,27175,1,185474,125000,27021,340,7,70,1,1,692,0.2398335190568419,0,0,1,0
22.15,95069929,3,13.99,2016-12-01,3000,0,192193,70000,6239,237,16,151,3,8,682,0.2398335190568419,0,0,1,0
16.66,91994394,2,21.49,2016-10-01,24250,0,158350,70000,19078,122,5,101,4,4,692,0.24236974246031542,0,0,0,1
28.69,95264301,5,13.99,2016-12-01,32000,1,76325,92000,5307,166,11,147,2,11,687,0.25400944474180537,0,1,0,1
7.15,93952690,0,6.99,2016-11-01,7800,0,385269,92000,11305,229,0,115,39,66,702,0.2258930782682992,0,0,1,0
22.05,93338357,2,15.99,2016-11-01,35000,1,145085,200000,34895,260,4,37,3,10,702,0.25400944474180537,0,1,0,1
31.76,92005561,3,13.99,2016-10-01,8000,1,53206,50000,6932,326,2,147,7,35,752,0.22820244156389516,0,1,1,0
16.41,91566011,2,18.99,2016-10-01,9800,0,8138,24500,5843,196,6,49,12,15,707,0.2258930782682992,1,0,0,1
9.62,92064391,3,11.49,2016-10-01,21000,0,482019,143000,20202,157,4,147,7,10,667,0.2258930782682992,0,0,0,1
19.32,94435314,1,13.99,2016-12-01,12000,1,23830,50000,15624,169,3,135,8,21,682,0.24772661201898094,0,1,0,1
18.96,91650584,0,6.99,2016-10-01,6000,0,181873,51000,9571,318,2,139,14,14,742,0.25400944474180537,0,0,0,0
18.59,94297702,1,11.39,2016-12-01,14000,0,206722,85000,15987,87,2,167,6,12,712,0.2262116396218806,0,0,0,1
8.94,90736827,12,13.49,2016-10-01,3700,0,55886,180000,14311,157,8,163,5,9,672,0.24236974246031542,0,1,1,0
7.87,94295993,3,7.99,2016-11-01,10000,0,50670,45000,3061,80,12,97,2,34,682,0.24236974246031542,0,1,0,1
17.52,95201105,1,11.39,2016-12-01,1200,0,17312,36500,13108,133,3,24,19,111,742,0.2398335190568419,0,1,0,1
16.73,94268496,2,11.44,2016-11-01,20000,0,147899,85000,11077,230,5,242,6,6,727,0.21658368254620217,0,1,0,0
30.68,90190510,1,24.99,2016-10-01,15000,1,108731,85000,42640,141,5,154,7,27,742,0.2398335190568419,1,0,0,0
22.14,92459214,0,12.74,2016-11-01,1500,0,22322,40000,6334,183,2,100,2,35,702,0.2367977506586332,0,1,1,0
30.85,91596686,1,16.99,2016-11-01,5500,1,102621,85000,45393,343,9,271,4,16,692,0.23846830760717275,0,1,1,0
16.68,90230780,0,22.39,2016-10-01,24000,0,32298,72000,8308,122,4,146,13,20,702,0.2258930782682992,0,1,1,0
18.11,91635776,2,7.24,2016-10-01,11900,0,48705,60000,8705,136,5,147,1,5,712,0.278503507164471,0,1,1,0
20.38,95735167,3,13.49,2016-12-01,10000,1,352943,60000,12242,184,2,276,4,4,722,0.23846830760717275,0,0,1,0
25.08,93042185,6,11.39,2016-11-01,3600,0,47745,58000,7033,46,11,17,4,6,687,0.2258930782682992,0,1,0,1
12.02,94112282,1,12.74,2016-12-01,20000,1,222678,70000,13277,229,2,134,5,26,702,0.16180741466312665,0,0,1,0
15.26,95040983,0,11.39,2016-12-01,10000,1,38276,70000,23182,400,2,12,10,10,662,0.2258930782682992,0,1,1,0
23.14,93622343,0,11.44,2016-11-01,10000,0,35561,42000,4222,309,4,144,3,3,667,0.2962466441080822,1,0,1,0
11.3,91894110,3,11.44,2016-10-01,12000,0,16675,55000,11102,136,4,92,16,16,662,0.22820244156389516,1,0,1,0
15.86,94219845,3,14.99,2016-12-01,35000,0,470877,190000,50627,254,9,130,2,2,697,0.2258930782682992,0,0,1,0
12.27,91021647,3,8.59,2016-10-01,6000,0,32426,50000,2898,71,4,73,2,2,737,0.2398335190568419,0,1,0,0
29.07,93454269,1,15.99,2016-11-01,28000,0,78655,80000,27336,201,3,136,5,5,677,0.24772661201898094,0,0,0,0
7.24,91924557,1,7.99,2016-10-01,15000,0,43769,210000,14024,215,5,153,4,4,702,0.22541344615680733,1,0,1,0
19.38,90641773,5,23.99,2016-10-01,6000,0,47329,27000,3934,83,7,47,1,1,667,0.2218279015751931,0,1,1,0
12.28,95293456,0,12.74,2016-12-01,8000,0,30171,86500,3604,42,2,142,6,6,682,0.21658368254620217,0,1,1,0
33.49,92787663,1,11.44,2016-11-01,8800,0,60711,41000,11140,194,2,148,9,20,712,0.26220086013005467,0,1,1,0
12.68,94418366,1,14.99,2016-12-01,7225,0,361504,180000,47821,146,3,115,12,18,682,0.23093607081390768,0,0,1,0
12.73,93237472,7,16.99,2016-11-01,10000,0,377648,230000,4448,25,12,99,3,4,692,0.2258930782682992,0,0,1,0
9.81,93789972,0,5.32,2016-11-01,16000,0,133150,104000,9477,174,3,136,14,23,767,0.2218279015751931,0,0,0,0
21.67,90440301,6,10.99,2016-10-01,20000,0,90201,70000,13837,210,5,125,5,5,707,0.22820244156389516,0,1,0,1
22.29,91172120,2,8.59,2016-10-01,20800,0,398198,76500,11094,243,9,142,2,2,687,0.2367977506586332,0,0,0,0
16.62,90997743,0,8.99,2016-10-01,3500,0,19040,40000,1169,410,3,176,14,40,677,0.3133839123580087,1,0,0,0
34.97,93752451,0,19.99,2016-12-01,8000,1,41904,36000,16065,470,3,225,3,3,662,0.2258930782682992,0,1,0,1
24.41,93871911,1,8.24,2016-12-01,12600,0,133599,62000,7759,141,3,131,8,8,672,0.2508940045575526,0,0,0,1
10.26,94208326,2,13.49,2016-11-01,8400,0,35174,80000,3709,206,4,121,6,6,682,0.22820244156389516,0,0,1,0
22.11,88979497,1,10.99,2016-10-01,24000,0,259193,100000,25416,280,10,132,2,6,712,0.2367977506586332,0,0,0,0
9.16,91127226,1,5.32,2016-10-01,10000,0,27129,105000,21981,110,4,243,2,2,702,0.21910964887857984,0,0,0,1
11.52,95109621,2,11.44,2016-12-01,15000,0,137731,85000,17760,135,8,28,9,11,667,0.24236974246031542,0,0,1,0
21.11,90815746,1,9.49,2016-10-01,20000,0,361807,132000,26783,399,2,147,18,18,702,0.24405029299643655,0,0,1,0
30.54,92232283,4,14.99,2016-11-01,32325,0,514386,67000,7555,181,5,181,2,29,752,0.16180741466312665,0,0,0,1
10.4,90694096,1,14.49,2016-10-01,30000,0,26796,100000,16354,161,6,36,9,9,687,0.2367977506586332,0,1,1,0
34.13,93993218,4,11.44,2016-11-01,35000,0,625464,90000,105349.48000000001,241,1,171,5,62,697,0.2258930782682992,0,0,1,0
6.17,93573069,0,12.74,2016-12-01,20000,0,43969,110000,7074,159,0,169,39,75,667,0.1764017439336834,0,1,0,1
19.81,93899167,1,24.74,2016-11-01,24000,1,399733,75000,19432,262,4,160,4,14,717,0.3029734287056215,1,0,0,1
29.42,94019284,1,13.49,2016-12-01,10000,0,52780,58000,14896,344,9,173,5,12,667,0.1764017439336834,0,1,1,0
29.78,91574039,4,15.99,2016-10-01,4300,0,49977,87500,15412,132,8,137,3,3,687,0.24236974246031542,0,1,0,1
16.23,91364392,4,6.99,2016-10-01,16000,0,374008,145000,11377,88,2,158,7,41,702,0.22820244156389516,0,0,0,0
20.31,96154489,8,13.99,2016-12-01,5600,0,322812,104000,10501,193,10,121,11,11,667,0.22820244156389516,0,0,0,1
27.23,91949521,2,16.99,2016-11-01,10000,1,43373,35000,11335,160,7,176,8,13,662,0.16180741466312665,0,1,0,0
11.51,95169095,6,8.24,2016-12-01,10475,0,140577,76000,15704,215,4,124,13,13,767,0.22820244156389516,0,0,0,0
16.66,93860229,0,14.99,2016-11-01,12000,0,49521,77022,49521,187,1,276,17,62,687,0.24178857354630912,0,0,1,0
10.62,91423303,1,17.99,2016-10-01,21000,0,52225,149000,20444,203,5,136,2,2,682,0.19155677855117656,0,0,1,0
23.3,91346738,3,8.24,2016-10-01,3000,0,32385,34000,4385,46,4,73,2,2,737,0.2398335190568419,0,1,1,0
29.87,93642299,1,15.99,2016-11-01,4700,1,129324,27000,25333,240,6,78,10,10,672,0.24405029299643655,0,0,0,1
18.69,95696688,1,7.24,2016-12-01,10000,0,26528,73500,15211,86,4,49,3,3,762,0.3133839123580087,0,1,0,0
15.09,94036540,3,11.44,2016-12-01,12000,0,19369,49000,12952,177,2,136,5,5,697,0.24236974246031542,0,0,0,1
7.38,93909718,1,12.74,2016-11-01,10000,0,228306,55000,8206,134,7,126,8,12,692,0.21658368254620217,0,0,0,0
5.43,95127482,0,12.74,2016-12-01,13000,0,8852,48000,8852,205,2,129,17,17,677,0.22820244156389516,1,0,0,1
22.04,91368475,2,22.74,2016-10-01,10000,0,65567,87000,8907,195,7,136,8,27,667,0.2258930782682992,0,0,0,1
3.35,92272163,4,13.99,2016-11-01,35000,0,323753,90000,11921,52,6,131,9,9,712,0.24405029299643655,0,0,1,0
39.948699999999995,91703563,4,14.99,2016-10-01,3200,0,12039,6312,1073,119,5,94,3,13,672,0.22820244156389516,1,0,0,1
18.94,93546802,4,11.39,2016-11-01,20400,0,46903,98500,24254,360,7,133,6,8,682,0.24236974246031542,0,0,1,0
20.92,91341134,0,11.49,2016-10-01,23900,0,28493,60000,14781,193,4,204,17,17,747,0.23846830760717275,0,1,0,0
11.3,90815683,0,5.32,2016-10-01,19000,0,39919,100000,24861,252,1,136,6,6,707,0.24405029299643655,1,0,1,0
11.32,91081310,0,8.59,2016-10-01,16000,0,43382,120000,26059,188,0,161,26,50,712,0.2258930782682992,0,1,0,0
12.63,93492737,2,22.74,2016-11-01,14400,0,11393,36000,36,117,1,70,5,29,672,0.19155677855117656,1,0,1,0
26.26,95316780,1,11.44,2016-12-01,20000,1,228500,65000,29632,196,3,143,15,17,677,0.1935332077454842,0,0,0,0
18.8,94244066,0,8.24,2016-12-01,13600,0,42975,68000,8540,349,4,118,7,7,742,0.2398335190568419,0,0,0,0
13.27,90237683,3,9.49,2016-10-01,5600,1,386898,51000,1636,120,2,134,5,36,682,0.2258930782682992,1,0,1,0
18.72,94336115,3,8.24,2016-12-01,8000,1,53089,50000,6415,98,6,123,9,9,692,0.21910964887857984,0,1,1,0
12.92,93605157,0,7.49,2016-11-01,10000,0,9673,38000,4660,337,3,39,7,7,782,0.2111913767566574,1,0,0,0
7.82,91169452,2,13.99,2016-10-01,35000,0,358818,140000,33941,120,5,129,7,14,692,0.25400944474180537,0,0,1,0
36.6,91506977,4,7.24,2016-10-01,15000,0,176034,60000,15133,181,8,151,7,121,727,0.2262116396218806,0,0,0,0
18.16,93822615,3,11.44,2016-11-01,5000,0,413103,126000,14515,30,6,166,4,4,662,0.14194112958139316,0,0,1,0
21.58,92833019,1,14.99,2016-11-01,14000,1,360278,61000,9172,131,4,154,3,25,692,0.2258930782682992,0,0,0,0
9.94,95320268,0,22.74,2016-12-01,14400,0,452198,55900,10257,211,4,115,3,9,717,0.2258930782682992,0,0,0,1
28.83,91723484,1,22.74,2016-10-01,16000,1,47079,52000,11573,138,2,144,5,98,662,0.2258930782682992,0,1,1,0
20.23,94028705,6,11.39,2016-12-01,11000,0,40052,62000,11311,91,3,109,3,3,662,0.278503507164471,0,1,0,1
30.36,91576459,0,21.49,2016-10-01,15375,0,177916,50000,6481,119,6,116,10,95,677,0.23846830760717275,0,1,0,1
23.13,90127883,5,8.99,2016-10-01,14400,1,148142,55000,11642,188,13,136,4,10,697,0.22391551552496644,0,1,0,0
25.71,91505822,2,16.99,2016-10-01,19475,0,140626,120000,43572,268,6,101,6,11,672,0.25450503330821056,0,0,0,1
31.14,90885735,11,14.49,2016-10-01,8000,0,79153,70000,7306,180,15,127,7,11,677,0.2586338582330572,0,1,0,1
5.35,94344259,2,18.99,2016-12-01,32500,0,29000,65000,29000,145,5,72,2,2,717,0.2398335190568419,1,0,1,0
21.58,94205800,0,14.99,2016-12-01,18000,0,20897,36000,15414,95,3,104,12,12,682,0.26220086013005467,0,1,0,0
27.66,94333230,2,10.49,2016-12-01,35000,0,423106,225000,28846,253,13,121,3,14,732,0.23093607081390768,0,0,0,1
24.84,92329613,3,25.49,2016-11-01,24000,1,332229,82800,35132,328,8,133,6,6,687,0.21910964887857984,0,0,1,0
20.49,94454082,5,7.49,2016-12-01,20000,0,90789,98000,23320,103,2,147,11,11,702,0.24772661201898094,0,0,0,1
22.46,92053628,3,8.24,2016-10-01,8800,0,302194,65000,28882,198,7,136,5,12,697,0.21658368254620217,0,1,0,0
22.25,94356980,3,21.49,2016-12-01,6000,1,29523,52000,6553,41,11,44,1,1,737,0.2367977506586332,0,1,1,0
22.01,95186391,2,19.99,2016-12-01,20000,1,170582,56000,21441,218,9,177,1,14,697,0.22820244156389516,0,0,1,0
2.75,92837719,3,13.99,2016-11-01,35000,0,30035,250000,15222,116,3,141,6,6,717,0.1764017439336834,0,0,1,0
13.17,92901890,1,11.49,2016-11-01,5600,0,196126,75000,7340,120,9,171,8,10,722,0.26220086013005467,0,0,1,0
34.77,92852169,5,18.99,2016-11-01,20000,1,228497,120000,5697,113,15,128,4,4,677,0.22820244156389516,1,0,1,0
13.8,94288983,1,12.74,2016-12-01,16000,0,17903,40000,14207,228,6,140,5,12,672,0.16180741466312665,0,1,1,0
7.58,95920509,0,11.39,2016-12-01,25600,0,26993,110000,15137,123,4,220,4,11,697,0.2367977506586332,0,1,1,0
26.19,93687895,0,10.49,2016-11-01,8000,0,66114,80000,12000,227,3,167,6,6,697,0.22964600222399478,1,0,1,0
11.53,94263558,1,25.49,2016-12-01,10000,1,13302,33000,13302,107,0,129,25,36,697,0.2258930782682992,0,1,1,0
14.37,93919112,12,11.49,2016-11-01,12000,0,30928,86000,13748,272,9,140,7,10,667,0.24102227492165665,0,1,1,0
16.36,93674007,3,11.44,2016-11-01,12000,0,53123,100000,21928,212,8,131,2,2,712,0.22820244156389516,0,1,0,0
14.48,93996900,0,17.99,2016-12-01,16100,0,266255,165000,42145,130,2,90,4,4,662,0.2398335190568419,0,1,0,1
14.64,95122488,0,11.39,2016-12-01,20000,1,20635,75000,15205,130,0,142,25,33,662,0.2367977506586332,0,1,1,0
16.41,91396520,4,10.49,2016-10-01,4000,0,567576,108000,3122,271,16,45,3,8,747,0.2258930782682992,1,0,0,0
12.02,94235396,1,11.44,2016-11-01,16800,0,24340,59600,13567,324,2,142,12,36,662,0.21658368254620217,0,1,0,0
13.04,95363027,2,17.99,2016-12-01,6400,0,263427,120000,9759,227,6,120,11,12,702,0.2367977506586332,0,0,0,0
21.66,91944727,1,11.49,2016-10-01,20400,1,53582,68000,11596,179,6,154,3,16,707,0.25450503330821056,0,0,0,0
30.46,91162390,3,11.49,2016-10-01,5000,0,87137,37000,18015,275,5,111,2,29,697,0.22820244156389516,0,0,0,0
15.64,94447515,3,8.24,2016-12-01,35000,0,367189,230000,52281,358,2,130,5,29,707,0.21658368254620217,0,0,1,0
27.12,92769339,3,13.49,2016-11-01,20000,0,30108,50000,20803,145,2,146,12,12,682,0.24405029299643655,1,0,0,0
23.84,92515193,3,14.99,2016-11-01,20000,0,176747,89000,22840,290,16,276,3,3,697,0.24405029299643655,0,1,0,1
29.62,92991956,0,11.39,2016-11-01,8000,0,369772,65000,16433,190,5,154,2,27,697,0.2258930782682992,1,0,0,0
21.41,90966707,2,11.49,2016-10-01,18000,0,38156,70000,29389,291,1,144,18,136,682,0.2367977506586332,1,0,0,0
14.38,92311368,0,7.99,2016-11-01,14600,0,133302,55000,17587,124,0,29,26,26,777,0.1764017439336834,0,0,0,0
1.99,95069550,1,15.99,2016-12-01,35000,0,420928,174000,7389,108,2,114,5,108,692,0.22820244156389516,0,0,0,1
5.75,92492139,2,10.49,2016-11-01,15000,0,29508,85000,10286,318,2,16,15,92,682,0.23093607081390768,0,1,1,0
22.69,95665420,2,11.49,2016-12-01,4650,0,19302,45000,9207,122,4,177,7,12,717,0.24178857354630912,0,1,1,0
8.15,93686716,7,16.99,2016-11-01,6000,0,14088,53000,6358,248,6,131,1,1,742,0.16197620383450775,0,1,1,0
28.73,95092527,2,14.99,2016-12-01,19750,0,470984,165000,37865,177,10,173,3,9,682,0.21658368254620217,0,0,0,1
10.31,91538387,0,8.24,2016-10-01,6400,0,11800,49000,9410,117,2,18,16,16,682,0.2258930782682992,0,1,0,0
4.72,93889347,0,13.99,2016-11-01,1800,0,13070,29000,2346,60,3,78,3,3,667,0.2258930782682992,0,1,0,1
8.8,95263546,0,8.24,2016-12-01,15750,0,177258,66000,15252,122,1,267,14,27,717,0.25400944474180537,0,0,0,0
23.16,91290800,2,10.99,2016-10-01,10000,0,82663,60000,14898,112,4,131,12,12,712,0.26936207385807537,0,0,0,0
8.63,93454701,1,12.74,2016-11-01,1000,0,2219,11820,2219,193,1,131,2,148,692,0.2586338582330572,0,1,0,1
15.95,91211853,2,11.49,2016-10-01,6000,0,277006,82000,10453,216,3,174,5,38,662,0.2258930782682992,0,0,0,0
14.43,94113554,5,17.99,2016-12-01,5975,0,19464,43000,10047,227,4,129,6,7,667,0.2508940045575526,0,0,0,1
16.28,91516994,0,19.99,2016-10-01,4600,0,179970,35000,6848,219,1,165,13,56,697,0.16402453469631748,0,0,1,0
24.62,94183030,0,16.99,2016-12-01,22650,0,45151,59670,18157,110,2,233,5,5,662,0.22820244156389516,1,0,0,0
3.7,90661441,2,12.79,2016-10-01,10000,1,7478,72000,7478,138,8,132,6,6,672,0.24772661201898094,0,0,0,0
13.42,91221732,0,6.99,2016-10-01,21600,0,112319,145000,20659,82,3,81,13,13,697,0.2258930782682992,0,1,1,0
19.56,92523199,1,7.99,2016-11-01,17000,0,38848,60000,38848,354,0,137,37,58,707,0.24236974246031542,0,1,1,0
20.67,92687122,2,12.74,2016-11-01,14000,0,590542,260000,55807,250,2,160,16,62,682,0.24405029299643655,0,0,1,0
5.29,91507590,10,13.49,2016-10-01,4500,1,25503,98000,1517,393,3,92,3,26,667,0.2258930782682992,1,0,0,0
10.17,94250682,0,8.24,2016-12-01,3025,0,9022,42000,7217,153,1,117,14,38,677,0.21658368254620217,0,1,1,0
7.68,91681638,0,13.49,2016-10-01,2200,0,113395,70000,16119,156,2,179,5,29,672,0.25400944474180537,0,1,0,1
9.25,91514038,6,13.49,2016-11-01,12500,1,219884,86500,18702,268,4,142,15,15,702,0.26936207385807537,0,0,1,0
25.34,91444460,0,7.99,2016-10-01,20000,0,282322,75000,36154,198,5,155,3,3,687,0.22820244156389516,0,0,0,1
8.05,92290694,1,12.74,2016-11-01,3500,0,10565,48000,8359,110,4,127,5,14,672,0.19155677855117656,1,0,1,0
12.21,95312357,2,14.99,2016-12-01,1200,1,14250,40000,6046,126,5,164,2,48,662,0.1935332077454842,0,1,1,0
30.46,91102237,2,19.99,2016-10-01,3000,0,72621,75000,8531,183,11,276,8,8,667,0.24772661201898094,0,1,0,1
26.73,90651565,0,12.79,2016-10-01,12000,1,78232,54000,30745,233,3,179,15,15,707,0.30642352237957415,0,1,0,0
34.44,92155677,1,10.49,2016-11-01,10500,0,85189,85000,15663,146,6,168,3,11,727,0.2258930782682992,0,1,1,0
8.36,94566799,2,14.99,2016-12-01,10000,0,154534,59000,2114,65,6,209,6,14,667,0.3029734287056215,0,0,1,0
22.2,92747240,3,14.99,2016-11-01,33900,1,32642,82000,10063,146,4,124,12,18,672,0.2398335190568419,0,1,0,1
24.22,91476103,5,24.74,2016-10-01,29950,0,281337,103000,18235,18,13,138,6,6,667,0.22820244156389516,0,0,0,1
11.21,91486604,4,15.99,2016-10-01,35000,0,268820,90000,4591,170,6,102,1,22,682,0.2586338582330572,0,0,0,1
16.74,95080308,1,10.49,2016-12-01,16000,0,15601,70000,7124,199,16,154,5,5,702,0.2398335190568419,0,1,0,0
8.58,92557718,8,16.99,2016-12-01,12000,0,12063,75000,12063,181,7,97,2,3,682,0.2258930782682992,0,0,1,0
11.18,91588990,0,7.49,2016-10-01,30675,0,681618.6899999992,260000,79246,197,5,142,3,31,692,0.25400944474180537,0,0,0,0
13.59,91546091,4,15.99,2016-10-01,2000,0,24127,50000,1086,25,4,45,3,8,677,0.1089257395525156,0,1,1,0
12.33,95665248,0,10.49,2016-12-01,8000,0,156105,65000,7992,326,2,16,4,101,667,0.2398335190568419,0,0,0,0
24.33,93106310,5,11.44,2016-11-01,12000,0,50694,61200,3650,135,5,174,3,11,707,0.2258930782682992,0,1,0,1
5.78,91248145,7,13.49,2016-10-01,8100,0,10673,61200,10673,192,11,147,3,3,662,0.24178857354630912,0,1,0,1
1.81,91526949,1,13.99,2016-11-01,35000,0,36161,260000,10164,74,4,15,5,74,767,0.21910964887857984,0,1,0,1
31.02,93307191,1,11.39,2016-11-01,1800,0,44566,45500,7351,450,2,158,9,32,767,0.2962466441080822,1,0,1,0
22.62,95336702,0,13.49,2016-12-01,5000,0,202224,58900,9164,126,1,82,10,126,692,0.2367977506586332,0,0,0,1
23.14,91528664,2,21.49,2016-10-01,5425,0,106202,32000,223,173,4,169,2,13,672,0.2218279015751931,0,0,1,0
2.18,93565354,0,13.49,2016-11-01,10000,1,13527,65000,3587,38,2,141,16,16,662,0.22820244156389516,0,1,0,0
7.48,91753407,2,13.99,2016-10-01,10400,0,19794,130000,8700,105,6,112,1,1,702,0.2398335190568419,0,1,0,0
30.12,93368808,0,25.49,2016-11-01,27400,0,69519,100000,15200,276,11,158,1,1,692,0.22964600222399478,0,0,0,1
2.84,94037269,8,26.24,2016-12-01,17400,0,170984,60000,6575,192,3,123,0,0,672,0.24772661201898094,0,0,1,0
28.44,91011429,4,8.99,2016-10-01,13550,0,56408,60857,10138,212,16,119,0,11,777,0.2962466441080822,0,0,1,0
15.56,93051773,4,11.44,2016-11-01,18000,0,420689,150000,15406,347,5,126,2,5,662,0.25400944474180537,0,0,0,1
15.61,93258004,0,13.99,2016-11-01,27000,1,253650,115000,27331,134,1,127,19,94,697,0.3133839123580087,1,0,0,0
1.3,95133651,0,12.74,2016-12-01,5750,0,153075,25000,432,344,1,124,24,24,837,0.2258930782682992,0,1,0,0
17.88,93933109,2,10.49,2016-12-01,32000,1,88344,175000,13855,94,6,125,2,2,667,0.21658368254620217,0,1,1,0
5.82,93707950,0,15.99,2016-11-01,6000,0,11062,40000,1896,19,4,39,5,13,717,0.2367977506586332,0,1,1,0
13.84,95252095,1,11.49,2016-12-01,6000,0,17885,64858,6230,470,9,134,4,12,677,0.2258930782682992,0,0,0,0
11.06,91518791,6,13.99,2016-10-01,16000,0,562106,260000,24224,466,9,147,2,14,667,0.22820244156389516,0,0,1,0
34.33,92834253,6,15.99,2016-11-01,18000,0,108687,92000,20206,309,8,84,8,8,722,0.2258930782682992,1,0,0,0
12.72,93839759,2,21.49,2016-11-01,14000,0,33881,58500,13376,117,4,122,16,16,682,0.1764017439336834,0,1,1,0
27.84,94961501,0,11.49,2016-12-01,8000,0,21607,41600,2761,227,3,171,6,76,682,0.2586338582330572,0,0,0,1
8.78,90327344,2,5.32,2016-10-01,32000,0,469181,148000,41054,281,2,140,5,5,757,0.25450503330821056,0,0,1,0
30.35,92639166,1,16.99,2016-11-01,16000,0,53953,45000,22291,172,3,3,3,6,677,0.21658368254620217,0,0,0,0
23.33,91588894,2,11.44,2016-10-01,30000,0,71703,90000,22918,190,8,192,13,13,727,0.21910964887857984,0,0,1,0
32.41,90121603,2,17.99,2016-10-01,13000,0,104017,41000,3797,138,6,133,8,35,747,0.25400944474180537,0,1,1,0
24.9,95153250,3,10.49,2016-12-01,5000,0,20611,48000,13388,170,3,146,8,96,667,0.24178857354630912,1,0,1,0
23.38,81536079,12,12.74,2016-11-01,10000,1,280891,75000,8772,166,15,168,5,13,662,0.3133839123580087,0,0,0,1
32.36,89828620,1,16.99,2016-10-01,11850,1,77453,50000,18032,122,5,111,9,11,662,0.2586338582330572,0,1,0,1
15.97,90988191,1,12.79,2016-10-01,3025,0,7635,36000,6797,109,7,34,6,39,662,0.21658368254620217,0,1,1,0
21.97,91671898,0,14.99,2016-10-01,20000,1,82057,112000,33912,100,9,65,6,6,677,0.16180741466312665,0,1,0,0
16.98,90242005,0,17.99,2016-10-01,24000,0,198996,55537,17554,177,2,180,10,119,687,0.30642352237957415,0,0,0,0
21.26,94230219,3,13.49,2016-12-01,12000,0,26431,35500,11227,84,6,21,7,10,682,0.24178857354630912,0,1,1,0
24.08,93545550,3,13.99,2016-11-01,4000,0,40115,30000,10740,133,6,120,10,10,682,0.24236974246031542,0,1,0,1
10.97,90925994,2,8.99,2016-10-01,5250,0,5676,35000,2739,364,8,112,10,15,677,0.2218279015751931,0,1,1,0
25.65,94236557,4,25.49,2016-12-01,12000,0,36464,40000,5939,31,7,122,1,1,712,0.16180741466312665,0,1,0,1
30.69,93697279,1,22.74,2016-12-01,16000,1,48976,40000,10325,169,7,161,6,6,667,0.2398335190568419,0,1,1,0
19,90997734,1,13.49,2016-10-01,3000,0,5976,36000,2819,26,4,57,10,12,692,0.22820244156389516,0,1,1,0
25.18,94389589,3,26.99,2016-12-01,24000,1,167964,50000,24545,137,3,129,1,25,667,0.24178857354630912,0,0,1,0
15.57,91090056,1,13.49,2016-10-01,35000,0,282032,90000,22553,148,3,168,4,30,682,0.2586338582330572,0,0,0,1
26.48,90987929,2,8.99,2016-10-01,20000,1,171171,95000,16788,162,4,129,2,31,677,0.2398335190568419,0,0,1,0
16.05,89998094,2,7.99,2016-10-01,10000,0,99928,40000,1674,433,5,137,8,8,697,0.22541344615680733,0,0,0,0
29.04,92429704,2,11.49,2016-11-01,35000,0,132020,87500,5610,76,4,111,5,20,717,0.2962466441080822,0,0,0,1
7.63,92972166,1,11.49,2016-11-01,5875,1,7138,49400,3764,353,5,114,6,22,737,0.2367977506586332,1,0,1,0
21.96,94396627,0,8.24,2016-12-01,5000,1,103163,44000,5559,256,4,148,1,7,672,0.22820244156389516,0,1,1,0
15,90986505,6,11.49,2016-10-01,6000,0,12776,48880,4399,156,2,109,13,13,697,0.22964600222399478,0,0,1,0
24.5,91668526,3,14.99,2016-10-01,4000,0,207627,107000,67699,222,4,133,0,0,712,0.24236974246031542,0,0,0,1
21.43,93655580,0,12.74,2016-11-01,5000,0,76282,45000,5315,193,16,145,4,4,672,0.26936207385807537,1,0,0,1
22,93920439,1,13.99,2016-11-01,10000,0,25250,42000,12951,95,8,52,8,16,717,0.2367977506586332,0,1,0,0
25.81,94378313,0,11.44,2016-12-01,20000,0,93967,120000,29897,198,5,141,1,6,717,0.22820244156389516,1,0,0,0
10.72,94991436,4,13.99,2016-12-01,24000,0,112262,185000,76814,203,10,149,3,7,737,0.21658368254620217,0,0,1,0
14.51,95068142,0,11.39,2016-12-01,6000,1,25478,55000,16656,184,2,156,14,18,672,0.24178857354630912,0,0,0,0
24.09,91692194,8,19.99,2016-10-01,17625,0,35987,52000,11256,157,5,108,6,49,662,0.24236974246031542,0,1,0,1
9.34,90388320,4,13.49,2016-10-01,1200,0,87774,48000,1954,127,10,101,2,13,682,0.2508940045575526,0,0,0,1
7.94,91102208,0,5.32,2016-10-01,35000,0,681618.6899999992,260000,38963,275,3,170,10,10,767,0.16197620383450775,0,0,1,0
21.62,93327888,1,15.99,2016-11-01,17000,1,314255,104000,36164,296,4,151,4,4,707,0.22820244156389516,0,0,1,0
13.4,92223230,3,16.99,2016-12-01,35000,0,384665,102000,29192,123,6,78,3,3,737,0.16337446126458402,0,0,1,0
10.71,94139999,1,8.24,2016-12-01,9600,0,40440,117700,12887,51,10,39,3,8,697,0.1764017439336834,0,1,1,0
33.38,92709580,2,26.24,2016-11-01,35000,0,433578,124639,33158,348,6,144,4,4,682,0.26936207385807537,0,1,0,1
34.42,92788306,0,14.99,2016-11-01,15625,0,101692,50000,28040,225,1,145,23,23,732,0.21658368254620217,0,0,1,0
16.2,91080894,1,10.49,2016-10-01,13000,0,59343,42000,6469,110,2,116,3,15,697,0.2218279015751931,0,1,0,0
17.04,94083078,0,14.99,2016-12-01,10850,0,21878,65000,9453,206,2,57,6,6,697,0.23093607081390768,0,1,0,1
14.96,94167298,3,13.99,2016-12-01,9000,1,14540,56000,4870,37,6,175,8,12,692,0.2398335190568419,0,0,1,0
14.52,93091909,2,26.24,2016-11-01,29900,0,225851,105000,12338,109,7,174,11,12,722,0.24405029299643655,0,0,0,1
14.95,94249222,1,17.99,2016-12-01,23875,1,291270,150000,16313,260,5,265,3,3,707,0.2508940045575526,0,0,1,0
14.75,95159198,1,13.49,2016-12-01,3600,0,339504,90000,12853,99,5,100,6,6,687,0.24405029299643655,0,1,1,0
9.14,92981695,3,11.49,2016-11-01,35000,0,298405,129000,19529,247,9,152,3,10,672,0.24236974246031542,0,0,0,1
30.76,91048748,7,14.49,2016-10-01,16000,1,47649,70000,10032,49,5,118,2,7,682,0.22820244156389516,1,0,1,0
29.5,91507854,1,11.44,2016-10-01,7000,1,15062,30000,11488,73,6,26,1,1,707,0.2367977506586332,0,1,1,0
32.74,91843185,2,15.99,2016-10-01,10000,0,40144,50000,17376,130,4,180,3,3,667,0.24405029299643655,0,1,0,1
17.4,91538802,2,7.99,2016-10-01,2400,0,31697,50000,2469,129,3,142,4,21,687,0.2258930782682992,0,1,0,1
17.44,94190412,0,14.99,2016-12-01,12000,0,78532,38000,4357,33,2,224,6,24,717,0.21658368254620217,0,0,1,0
11.8,95327292,3,17.99,2016-12-01,7500,0,95420,48500,3621,63,4,115,4,19,677,0.2218279015751931,0,0,1,0
2.48,94448366,0,7.99,2016-12-01,7500,0,3089,60000,3089,155,2,145,7,7,777,0.2398335190568419,0,1,0,0
15.57,95080294,1,11.39,2016-12-01,35000,0,681618.6899999992,220000,15912,86,3,141,14,19,662,0.2258930782682992,0,0,0,1
5.03,94220260,0,5.32,2016-12-01,8000,0,520556,200000,97714,124,7,109,1,1,722,0.2367977506586332,0,0,1,0
25.35,92291576,2,12.74,2016-11-01,3000,0,96236,49000,9112,332,4,242,5,8,707,0.1935332077454842,1,0,1,0
24.8,93413843,4,24.74,2016-11-01,16000,0,63342,81000,16012,115,4,161,2,26,662,0.2508940045575526,0,1,1,0
18.22,94455332,1,16.99,2016-12-01,13500,0,91263,37404,3147,78,3,90,11,11,672,0.1935332077454842,0,0,0,1
32.75,91117548,0,10.99,2016-10-01,35000,0,259903,130000,28280,297,10,125,3,67,722,0.22820244156389516,0,0,0,1
25.97,91526852,2,21.49,2016-10-01,24075,0,331186,70000,12231,134,2,120,14,82,722,0.1764017439336834,0,0,0,1
31.93,91212532,1,14.49,2016-10-01,15000,0,285023,92000,38526,178,3,204,1,45,672,0.26936207385807537,0,1,0,0
24.84,91358094,0,11.49,2016-10-01,10000,0,87293,110000,27882,291,3,135,11,11,697,0.16180741466312665,0,0,0,0
16.19,92848376,2,8.24,2016-11-01,3000,0,392780,80000,5979,126,1,141,7,44,697,0.2398335190568419,0,0,0,0
28.3,92053152,0,11.49,2016-11-01,8000,0,145323,50000,6318,52,2,142,3,3,772,0.22820244156389516,0,0,0,0
12.91,96154573,2,12.74,2016-12-01,3500,0,17249,50000,7641,171,8,116,7,7,682,0.24405029299643655,0,1,0,0
8.65,91413657,0,8.59,2016-10-01,25000,0,25453,86000,25453,122,1,88,19,19,687,0.2218279015751931,0,1,1,0
25.71,91670864,2,10.49,2016-10-01,3600,0,244773,48000,17578,211,10,176,4,6,677,0.1764017439336834,0,0,0,1
23.35,95080245,8,26.99,2016-12-01,22800,1,19757,57000,13530,313,10,151,1,8,677,0.2218279015751931,0,1,0,0
14.65,95233142,7,10.49,2016-12-01,5000,0,46589,75000,6316,105,5,29,4,8,762,0.2398335190568419,0,1,1,0
10.43,91538955,3,14.99,2016-10-01,4000,1,5751,22200,3308,396,7,129,3,14,672,0.2367977506586332,1,0,0,1
21.87,91187699,1,14.49,2016-11-01,10000,0,165468,67000,10927,134,5,145,7,12,732,0.24236974246031542,0,0,1,0
22.57,95068202,4,16.99,2016-12-01,8000,1,214227,61000,1983,61,2,58,4,4,662,0.2586338582330572,0,0,0,0
21.6,95310413,2,18.99,2016-12-01,1700,0,64417,30000,479,102,2,102,18,19,662,0.2367977506586332,0,1,1,0
34.8,95270132,10,19.99,2016-12-01,24000,0,349604,95000,35125,128,10,122,6,13,662,0.30642352237957415,0,0,0,1
29.41,91163006,2,14.49,2016-10-01,24000,1,52823,64500,9335,194,3,167,19,20,697,0.15873373683147546,0,1,0,0
14.42,92083629,4,11.39,2016-11-01,20000,1,177404,100000,13209,145,3,100,9,28,707,0.2218279015751931,0,0,1,0
31.06,91548533,0,11.49,2016-10-01,2400,0,22900,21600,764,111,3,156,5,13,707,0.22820244156389516,0,1,0,1
21.6,92565732,4,15.99,2016-11-01,23000,1,145497,75000,7722,107,6,163,4,4,747,0.24236974246031542,0,0,0,0
15.01,95321201,2,13.99,2016-12-01,18000,0,665389,155000,17927,166,6,12,0,13,732,0.2258930782682992,1,0,1,0
17.97,91082547,1,6.99,2016-10-01,4500,0,30033,53000,20077,231,12,128,5,9,732,0.2398335190568419,1,0,0,0
18.26,90757018,0,12.79,2016-10-01,18000,1,19456,48105,14108,133,1,125,23,37,672,0.2111913767566574,0,1,0,1
13.23,91250283,2,8.59,2016-10-01,3600,1,16927,48000,7733,144,7,88,6,10,767,0.23846830760717275,0,1,1,0
17.65,91584138,2,13.49,2016-10-01,8000,0,26796,45000,8595,81,4,53,11,23,682,0.16180741466312665,0,1,1,0
15.08,92203630,3,17.99,2016-10-01,30000,0,130744,120000,24450,138,5,147,0,22,702,0.3029734287056215,0,0,1,0
11.11,95271613,0,11.39,2016-12-01,8000,1,40397,110000,1848,92,4,69,15,18,682,0.2398335190568419,0,1,1,0
16.63,93996690,1,8.24,2016-11-01,20000,0,29177,79000,11302,100,2,78,4,4,727,0.24236974246031542,0,1,1,0
3.76,91656927,2,6.99,2016-10-01,11000,1,8206,85000,8206,396,5,145,2,2,727,0.2258930782682992,1,0,0,0
25.7,92951403,0,17.99,2016-11-01,16500,0,33399,55000,7259,207,2,126,6,28,712,0.2962466441080822,1,0,1,0
15.25,94265283,6,11.39,2016-12-01,4000,0,40479,55000,1464,87,3,99,7,7,777,0.2398335190568419,0,1,1,0
12.48,92379827,1,8.24,2016-11-01,10000,0,102537,45000,12276,137,10,100,1,6,662,0.2258930782682992,1,0,1,0
11.8,93525119,2,8.24,2016-11-01,12000,0,145567,82000,50423,133,4,263,12,19,667,0.1305656166082932,0,0,0,1
15.7,95038689,1,12.74,2016-12-01,35000,1,76284,120000,25388,323,5,102,1,23,712,0.16180741466312665,0,1,0,1
19.29,93673757,2,6.99,2016-11-01,8000,0,104039,55000,2389,243,3,162,9,47,792,0.1935332077454842,0,0,0,0
11.08,94656958,1,14.99,2016-12-01,14950,1,6785,34000,6021,42,7,163,6,6,667,0.22820244156389516,0,1,1,0
27.14,93689024,3,8.24,2016-11-01,8000,0,261838,80000,10035,314,4,228,2,90,667,0.2508940045575526,0,0,0,0
8.06,91843482,2,8.24,2016-10-01,25000,0,484548,175000,6297,182,1,231,11,56,707,0.22541344615680733,1,0,0,0
1.73,94467117,7,17.99,2016-12-01,20000,0,300237,75000,7509,470,3,173,3,18,702,0.2218279015751931,0,0,0,1
23.34,92290933,4,24.74,2016-11-01,30000,1,90982,130000,33523,174,2,136,5,44,672,0.2962094049669217,0,0,0,1
21.25,95131973,4,7.24,2016-12-01,16000,0,348526,150000,9131,257,7,153,6,39,717,0.19155677855117656,0,0,0,1
34.43,95944147,1,13.49,2016-12-01,6000,0,241373,80000,39623,189,4,170,13,13,672,0.25400944474180537,0,0,1,0
22.57,93872408,5,12.74,2016-11-01,16000,1,38185,62000,15245,127,2,110,1,1,667,0.16180741466312665,0,1,1,0
13.57,92598628,1,19.99,2016-11-01,30000,1,81355,85000,29518,256,5,167,11,16,687,0.2218279015751931,1,0,1,0
32.77,91021157,0,14.49,2016-10-01,3100,0,69088,9156,3368,170,2,152,14,51,677,0.2962094049669217,0,1,0,1
16.67,91672653,4,14.99,2016-10-01,3600,0,400512,75000,15987,178,4,251,4,146,702,0.2258930782682992,0,0,1,0
10.73,91667916,1,16.99,2016-10-01,20000,0,30996,76500,30996,366,4,138,7,7,712,0.25220620065309657,0,1,0,1
16.37,90956110,0,11.49,2016-10-01,14400,0,15514,50000,11971,222,4,120,2,12,717,0.2218279015751931,0,1,0,0
10.75,92154362,1,12.74,2016-10-01,10000,0,15097,54000,5710,192,5,15,1,1,662,0.3029734287056215,0,0,1,0
9.72,91404097,0,12.79,2016-10-01,27500,0,29005,100000,29005,227,3,197,4,5,667,0.21658368254620217,0,1,0,1
22.88,92035644,0,16.99,2016-11-01,17850,0,54293,35740,15379,254,16,82,9,14,662,0.24178857354630912,0,0,1,0
7.38,94283281,3,22.74,2016-12-01,21000,1,42651,72000,6605,135,6,137,1,1,667,0.2258930782682992,0,1,0,1
10.03,91565833,0,14.99,2016-11-01,10000,0,103883,110000,11826,175,4,98,3,3,692,0.2398335190568419,1,0,0,1
21.73,93929159,1,7.99,2016-11-01,18000,0,345442,100000,13978,157,5,170,2,9,687,0.22820244156389516,0,0,0,1
11.77,93612656,6,13.99,2016-11-01,12800,1,222257,58000,6469,218,1,123,2,2,672,0.2258930782682992,0,0,0,1
28.25,90816159,3,11.44,2016-10-01,12000,0,190154,52000,9100,266,8,168,6,6,732,0.2258930782682992,0,0,0,0
25.27,95181732,3,13.49,2016-12-01,2800,0,212571,54000,23519,158,6,164,4,29,687,0.2962094049669217,0,0,0,1
12.6,93525751,2,6.99,2016-11-01,11400,0,209350,76000,37471,344,5,142,5,5,702,0.2294121971136406,1,0,0,1
25,92155314,1,22.74,2016-11-01,30000,1,136577,74000,11502,100,5,151,3,6,682,0.22820244156389516,0,0,1,0
17.6,93982379,2,11.44,2016-11-01,12000,1,31246,65000,11300,150,4,175,1,13,667,0.2508940045575526,0,0,1,0
8.48,94178711,0,11.49,2016-12-01,24000,0,10422,75000,8763,127,2,143,6,94,702,0.2258930782682992,0,0,1,0
34.29,95766741,4,14.99,2016-12-01,2400,1,94404,93000,53405,331,2,148,12,30,672,0.2258930782682992,0,1,1,0
22.88,93604199,2,19.99,2016-11-01,35000,0,313352,105000,74604,264,4,254,10,12,702,0.24102227492165665,0,0,0,1
25.92,92460080,3,11.39,2016-11-01,11000,0,148038,47000,9530,144,6,124,3,3,717,0.24236974246031542,0,0,0,0
30.75,95207692,8,26.99,2016-12-01,16000,1,49466,75000,22441,265,13,32,1,1,662,0.24405029299643655,0,1,1,0
31.43,93762778,2,24.74,2016-11-01,8125,0,263242,57000,2781,135,7,131,6,6,662,0.1764017439336834,0,0,1,0
18.75,93279313,1,18.99,2016-11-01,35000,1,56732,106500,23154,120,4,131,2,28,672,0.22820244156389516,0,1,0,1
24.37,94388377,3,12.74,2016-12-01,2800,1,248980,75000,13664,103,12,129,3,3,667,0.22820244156389516,0,0,0,0
18.76,92748574,7,13.49,2016-11-01,14000,0,397552,115000,95444,235,2,242,9,27,677,0.2258930782682992,0,0,0,1
15.19,94233307,4,11.49,2016-12-01,4000,0,47007,40200,3039,29,6,47,4,4,712,0.21658368254620217,0,0,1,0
12.45,94441443,2,11.44,2016-12-01,13000,0,271393,98000,4490,185,9,170,10,15,687,0.3029734287056215,0,0,1,0
24.68,96013251,0,7.99,2016-12-01,16000,0,53200,62000,22650,252,0,124,25,25,742,0.25400944474180537,0,1,0,0
13.59,93672911,3,11.44,2016-11-01,9600,0,98572,46000,6227,130,8,124,3,10,697,0.24772661201898094,0,0,0,0
22.6,92818009,1,8.24,2016-11-01,9600,0,38108,60000,10148,379,4,218,3,7,712,0.2258930782682992,0,1,0,0
26.02,94165745,2,13.99,2016-11-01,9925,0,60236,65000,22698,252,3,152,6,6,672,0.24772661201898094,1,0,1,0
18.1,95865228,2,26.24,2016-12-01,35000,0,51437,115000,26360,187,7,24,9,9,687,0.24405029299643655,0,0,0,1
21.02,92309763,1,14.99,2016-11-01,14400,1,257592,80000,9217,24,11,156,4,8,687,0.24772661201898094,0,0,0,1
16.23,91188862,4,16.99,2016-10-01,6000,0,29128,55008,3958,60,3,78,2,11,687,0.22964600222399478,0,1,0,1
16.7,91383370,1,13.99,2016-10-01,9000,0,109529,34000,10978,160,5,156,13,13,702,0.25400944474180537,0,0,1,0
21.08,93752008,3,19.99,2016-12-01,17600,0,156424,55000,6915,202,11,133,0,2,682,0.2218279015751931,1,0,0,1
18.19,94001844,1,26.99,2016-12-01,16100,0,200054,44000,8394,51,4,131,5,5,672,0.21658368254620217,0,0,0,1
10.15,88957928,1,8.99,2016-10-01,5000,0,76587,50000,7149,254,7,152,1,16,667,0.25400944474180537,0,0,0,0
18.78,94171927,3,13.99,2016-12-01,14650,1,17155,73000,10564,360,2,151,6,6,662,0.22820244156389516,0,1,0,0
24.14,92214487,0,13.99,2016-11-01,10000,0,157432,68000,19188,109,6,98,4,4,697,0.21658368254620217,0,0,0,1
29.32,93106641,2,22.74,2016-11-01,3500,1,10713,37000,1793,242,2,130,2,2,667,0.2258930782682992,1,0,1,0
26.81,91595605,7,12.74,2016-10-01,12000,1,114096,50000,9370,208,8,162,2,8,667,0.22541344615680733,0,1,0,1
5.46,91508264,3,13.99,2016-10-01,11050,0,256540,59078,5764,268,2,64,6,6,677,0.24038555719815624,0,0,1,0
13.9,90395903,0,8.99,2016-10-01,11200,0,269134,103000,17705,199,7,134,2,2,722,0.2258930782682992,0,0,0,0
11.19,90396390,2,14.49,2016-10-01,1600,0,54254,62000,4435,131,3,135,4,28,732,0.2258930782682992,0,1,1,0
13.83,94442825,6,12.74,2016-12-01,32625,0,24719,68000,14322,356,5,157,3,3,702,0.24405029299643655,0,1,1,0
15.08,92247534,1,5.32,2016-11-01,32000,0,410320,156000,0,126,3,126,6,12,712,0.2258930782682992,0,0,1,0
16.95,96144294,0,10.49,2016-12-01,3500,0,143157,55000,13416,92,1,188,14,48,677,0.21658368254620217,0,1,0,0
9.87,93696641,2,7.99,2016-11-01,7200,0,56105,40000,25285,200,7,17,5,9,757,0.24772661201898094,0,0,0,0
5.54,92542705,3,11.39,2016-11-01,10000,0,18975,160000,10153,45,7,25,6,13,682,0.24236974246031542,0,0,0,1
24.3,92845250,2,11.49,2016-11-01,6500,0,51036,60000,4325,144,9,98,5,10,717,0.21470648544797244,0,1,0,1
19.8,91302064,2,22.39,2016-10-01,20800,0,239753,95000,25447,203,5,162,3,20,722,0.2398335190568419,0,0,1,0
4.37,93572165,2,26.99,2016-11-01,8000,1,399593,119196,0,114,3,102,1,12,662,0.26936207385807537,1,0,1,0
8.07,92380473,6,6.99,2016-11-01,4000,0,10962,50000,5931,138,1,22,22,35,762,0.2398335190568419,1,0,1,0
32.08,95172928,1,18.99,2016-12-01,12000,0,23920,30000,11979,53,6,55,2,2,732,0.2367977506586332,0,1,1,0
10.62,93892214,4,11.39,2016-11-01,6500,0,237435,85000,38308,218,5,116,1,2,717,0.22541344615680733,0,0,1,0
39.948699999999995,92728861,6,18.99,2016-12-01,12325,0,297869,68000,22349,192,10,170,2,21,692,0.21470648544797244,0,0,0,1
14.55,94190565,1,12.74,2016-12-01,2500,0,204169,48500,6489,48,5,138,3,3,702,0.24178857354630912,0,0,0,0
22.72,92597357,2,7.99,2016-11-01,14400,0,240486,60000,9200,47,7,50,6,31,702,0.25400944474180537,0,0,0,0
25.5,91655435,4,8.24,2016-10-01,7000,0,268538,60000,3890,136,14,126,2,7,762,0.22820244156389516,0,0,1,0
10.22,91833908,1,11.39,2016-11-01,15000,0,26462,75000,3907,93,1,27,17,28,782,0.24178857354630912,1,0,0,0
25.71,94105571,1,13.99,2016-12-01,4575,0,142169,52000,3563,173,2,128,3,3,682,0.2262116396218806,0,0,0,1
22.17,91423335,2,14.49,2016-10-01,9850,0,157994,32000,17851,131,8,42,4,4,702,0.2367977506586332,1,0,1,0
32.13,93584117,10,21.49,2016-11-01,7700,0,24802,50161,3253,121,5,79,0,57,662,0.3133839123580087,0,0,0,1
31.98,93584746,4,17.99,2016-11-01,2400,0,42612,48000,26882,207,12,133,1,12,662,0.14194112958139316,0,1,0,1
13.77,92073578,1,11.39,2016-10-01,12000,0,67798,126000,12702,89,2,196,4,26,692,0.16197620383450775,0,0,1,0
28.4,93403567,4,12.74,2016-11-01,8000,1,7899,30000,7896,66,5,120,11,20,677,0.22820244156389516,1,0,0,0
10.39,91585072,2,13.99,2016-10-01,4800,0,15956,58000,9134,150,3,48,6,6,662,0.2258930782682992,0,1,1,0
20.36,91567923,3,11.44,2016-10-01,6000,0,89095,39911.23,6846,243,3,115,3,42,732,0.1935332077454842,0,0,0,0
3.58,95252600,1,5.32,2016-12-01,16000,0,192018,165000,19369,169,2,113,24,24,802,0.22541344615680733,0,0,1,0
19.81,94257965,1,21.49,2016-12-01,15000,0,130320,45000,12750,101,5,137,2,83,667,0.22541344615680733,0,0,1,0
27.61,90966119,5,18.99,2016-10-01,11900,0,61279,35000,7058,214,16,161,3,3,662,0.2586338582330572,0,1,1,0
22.37,91242300,2,25.29,2016-10-01,16000,1,34882,50000,4461,179,6,127,2,13,752,0.2258930782682992,0,1,1,0
20.11,92083526,1,13.99,2016-12-01,15000,0,136375,52000,15937,173,2,147,9,17,682,0.21658368254620217,0,0,0,0
12.2,93001135,1,15.99,2016-11-01,24000,1,610980,140000,2427,119,8,101,1,70,722,0.26936207385807537,0,0,1,0
15.48,91617676,5,16.99,2016-10-01,25200,1,169601,58000,18863,168,8,120,6,6,667,0.25400944474180537,0,0,0,1
6.44,90896404,0,14.49,2016-10-01,5000,1,7789,65000,4275,170,5,135,14,18,672,0.24236974246031542,0,0,0,1
14.28,91485521,4,12.74,2016-10-01,10000,1,31145,80000,8101,151,12,136,1,6,662,0.2262116396218806,1,0,1,0
21.48,91515606,1,17.99,2016-10-01,19200,0,269641,62000,18489,173,3,113,2,12,727,0.22541344615680733,0,0,1,0
30.07,92134139,4,12.74,2016-12-01,20000,0,57081,52000,7573,266,6,157,3,10,712,0.25450503330821056,0,0,1,0
14.39,94380149,5,11.44,2016-12-01,12000,0,325581,100000,40276,149,4,110,4,14,662,0.2398335190568419,1,0,1,0
7.57,91011581,7,11.39,2016-11-01,35000,0,217703,115000,3094,147,3,85,15,15,722,0.14194112958139316,0,0,0,1
18.71,91514888,0,8.24,2016-11-01,14500,0,192381,80000,7006,159,4,212,2,12,667,0.24236974246031542,0,0,1,0
15.25,91544718,7,14.99,2016-10-01,7000,0,36268,55000,9678,276,6,7,1,2,677,0.2258930782682992,0,0,1,0
34.4,94183649,6,8.24,2016-12-01,7000,0,167556,63000,19832,134,2,159,6,103,727,0.21701380971305592,0,0,0,0
15.43,91446616,1,8.24,2016-10-01,4200,0,13971,42000,5241,113,3,203,7,7,702,0.2218279015751931,0,1,1,0
39.948699999999995,95127937,2,12.74,2016-12-01,28000,0,442288,12000,16683,178,1,152,6,38,662,0.15873373683147546,0,0,0,1
17.24,94111769,2,11.49,2016-12-01,35000,0,295442,106000,32569,207,1,153,16,16,697,0.2258930782682992,0,0,1,0
8.18,95008687,1,11.49,2016-12-01,3000,0,18752,60000,6888,152,2,156,16,16,672,0.24772661201898094,1,0,0,1
14.58,91443129,2,12.79,2016-10-01,8000,1,6978,34000,5403,35,3,101,15,23,687,0.22541344615680733,0,1,1,0
19.94,93781410,2,14.99,2016-11-01,35000,0,141449,156000,30816,317,11,133,3,12,672,0.21658368254620217,0,0,0,1
11.21,93869491,0,19.99,2016-11-01,18850,0,16414,41000,7601,101,4,21,13,15,707,0.22391551552496644,0,1,1,0
16.83,90992150,2,17.99,2016-10-01,21825,0,188882,47000,6519,59,5,105,16,24,677,0.2258930782682992,0,0,0,0
9.88,90211581,2,9.49,2016-10-01,20000,0,273504,85000,6023,147,0,162,26,30,697,0.2258930782682992,0,0,0,1
32.27,90257207,1,25.29,2016-10-01,24225,1,46851,55080,7268,189,6,152,7,148,707,0.2367977506586332,0,0,0,1
14.7,92677784,1,14.99,2016-12-01,22075,1,25611,60000,5296,160,2,157,11,111,672,0.24405029299643655,0,1,0,0
16.95,93716798,1,11.49,2016-11-01,8725,1,27945,58000,8835,41,4,28,11,18,692,0.24405029299643655,0,1,1,0
27.34,94420657,1,17.99,2016-12-01,8950,0,157773,59000,18531,225,3,132,8,8,687,0.16337446126458402,0,0,1,0
28.82,91993364,3,13.49,2016-10-01,12225,0,251196,70000,8732,150,4,276,6,30,787,0.3029734287056215,0,0,1,0
32.11,93267355,2,19.99,2016-11-01,13000,1,21242,33000,16452,150,5,23,3,22,677,0.2218279015751931,0,1,0,1
17.02,93992588,0,7.99,2016-11-01,14000,0,76146,60000,76146,203,1,140,21,78,737,0.26936207385807537,0,0,1,0
20.3,96043269,2,17.99,2016-12-01,14000,1,385609,115000,34344,273,7,145,1,4,667,0.26936207385807537,0,1,0,0
24.07,95150086,3,19.99,2016-12-01,10450,0,21911,33000,15460,321,4,113,3,3,722,0.22820244156389516,0,0,1,0
5.15,91007804,6,15.59,2016-10-01,4000,0,33192,39168,2624,138,9,146,3,3,692,0.24038555719815624,0,0,0,0
27.26,93738573,2,13.49,2016-11-01,25825,0,292488,60000,10560,159,0,170,28,29,697,0.2508940045575526,1,0,1,0
27.77,91387679,6,13.49,2016-10-01,2000,0,112141,31200,3321,209,2,154,5,74,677,0.24178857354630912,0,0,1,0
16.2,91903564,0,10.49,2016-10-01,7000,1,85966,30000,7564,314,1,27,8,8,707,0.1764017439336834,0,0,0,0
27.16,94110010,7,11.44,2016-12-01,10000,0,66149,65000,22858,238,8,243,9,9,667,0.24038555719815624,0,0,1,0
4.15,91018710,2,7.99,2016-10-01,5000,1,4404,50000,4404,317,5,126,2,32,697,0.26220086013005467,1,0,0,0
24.73,92226860,1,7.24,2016-10-01,10000,0,374714,120000,44469,457,1,216,10,33,697,0.21658368254620217,0,0,0,0
18.11,93501559,0,16.99,2016-11-01,12000,0,285539,49380,3861,254,0,138,28,28,672,0.2367977506586332,0,0,0,0
23.76,91311897,0,10.99,2016-10-01,17000,0,294541,85000,16309,120,2,122,5,5,762,0.14194112958139316,0,0,0,0
25.31,92834278,4,7.99,2016-11-01,12000,0,387371,120000,38477,195,9,172,5,6,702,0.22820244156389516,0,0,1,0
20.22,95001321,1,7.24,2016-12-01,7200,0,178507,39000,13142,103,5,45,9,12,717,0.2258930782682992,0,0,0,0
13.22,94233063,1,11.44,2016-12-01,24500,0,629820,260000,105349.48000000001,323,7,129,4,29,677,0.3029734287056215,0,0,0,1
11.48,91168964,0,11.49,2016-10-01,3000,1,39325,30000,6825,135,4,50,10,10,677,0.2258930782682992,0,1,1,0
14.13,90988170,1,11.49,2016-10-01,17000,0,243383,75000,14232,119,5,109,7,7,677,0.1764017439336834,0,0,1,0
18.98,92134548,4,18.99,2016-10-01,21000,0,207338,75000,4117,167,5,181,6,46,722,0.21658368254620217,0,0,0,0
5.98,93997682,0,11.49,2016-12-01,10000,0,15934,50000,7929,143,2,151,14,36,672,0.2262116396218806,1,0,1,0
28.28,92331188,3,13.49,2016-11-01,35000,0,323155,110000,14378,220,4,210,6,12,752,0.2111913767566574,0,0,0,1
7.43,95004716,1,17.99,2016-12-01,20000,1,46089,52000,33958,147,1,116,3,68,677,0.24772661201898094,1,0,1,0
39.948699999999995,95203448,0,11.49,2016-12-01,3000,0,11470,18000,8462,130,6,153,5,5,667,0.2258930782682992,0,1,1,0
27.27,94233629,4,13.49,2016-12-01,14400,0,263460,125000,13182,138,12,170,12,12,732,0.2218279015751931,0,0,1,0
15.32,94696732,1,11.39,2016-12-01,6025,0,40358,100000,13721,182,0,161,25,31,682,0.23093607081390768,0,1,0,0
21.28,91001931,0,11.39,2016-10-01,32000,0,371642,200000,31065,464,8,158,3,3,707,0.2367977506586332,0,0,0,1
28.21,91052762,0,11.39,2016-10-01,4825,1,11263,20000,5841,195,1,151,19,40,752,0.1764017439336834,0,1,0,0
29.39,92340775,1,8.24,2016-11-01,19000,0,24563,95000,2847,186,0,113,29,65,672,0.2586338582330572,0,1,1,0
23.04,92638293,0,7.24,2016-11-01,8350,0,156471,56000,6803,209,7,194,6,6,732,0.2262116396218806,1,0,0,0
9.11,94236376,1,19.99,2016-11-01,1000,0,155764,73000,11456,94,1,86,15,15,672,0.2258930782682992,0,1,1,0
33.25,91142231,1,12.79,2016-10-01,4000,1,56594,38400,3869,57,11,259,1,1,717,0.25450503330821056,1,0,0,1
4.62,95269746,0,17.99,2016-12-01,3025,1,192652,13000,801,146,7,145,3,12,667,0.21658368254620217,0,1,0,1
28.7,94060164,4,21.49,2016-12-01,12000,1,150012,75000,9859,465,5,119,6,6,702,0.2218279015751931,0,1,1,0
27.32,94637079,0,16.99,2016-12-01,26400,1,56901,60000,37560,293,1,153,22,22,672,0.3045384699149415,0,0,0,0
6.31,90521427,3,7.59,2016-10-01,24000,0,285683,101000,18697,161,3,92,6,22,697,0.2367977506586332,0,0,1,0
8.96,91303694,3,22.39,2016-10-01,10000,0,5047,28000,4471,113,3,108,3,5,662,0.2258930782682992,0,1,1,0
13.1,96190821,0,11.44,2016-12-01,15000,0,350867,95000,47250,164,6,130,3,3,687,0.2294121971136406,0,0,1,0
33.35,95139878,1,14.99,2016-12-01,3000,0,103445,38000,1823,140,0,135,28,131,677,0.24178857354630912,0,1,0,1
33,91089763,1,9.49,2016-10-01,24000,0,60371,60000,14621,126,2,147,17,17,707,0.26936207385807537,0,0,1,0
10.14,94206913,2,14.99,2016-12-01,30000,0,32466,97500,19933,67,8,8,4,4,662,0.24178857354630912,0,1,0,1
18.92,94199983,2,19.99,2016-12-01,11200,1,55919,82320,5962,247,4,128,2,10,717,0.26936207385807537,0,0,0,1
13.48,95077865,1,13.99,2016-12-01,12000,0,267034,70000,15920,152,5,93,4,30,687,0.16180741466312665,0,0,0,0
21.58,94462617,4,11.49,2016-12-01,3500,0,48222,30201.6,4659,188,2,153,4,132,717,0.16180741466312665,0,1,1,0
25.42,93760238,3,17.99,2016-12-01,23425,0,40563,62000,12269,319,7,131,11,23,667,0.2367977506586332,0,1,0,1
25.68,90745510,0,21.49,2016-10-01,14000,0,126838,45000,2301,141,2,126,15,16,697,0.2367977506586332,0,0,0,1
18.41,95136918,1,13.99,2016-12-01,30000,0,61405,145000,40314,197,7,24,5,5,677,0.2398335190568419,0,1,1,0
18.77,93751507,1,17.99,2016-11-01,25500,0,93831,58000,1850,203,5,135,3,38,687,0.2398335190568419,0,1,0,1
30.97,91172594,0,12.79,2016-10-01,14400,0,264776,100000,24831,272,4,138,5,9,767,0.2398335190568419,0,0,0,0
11.63,95340782,6,21.49,2016-12-01,4000,0,2221,16000,288,201,10,114,1,4,697,0.2398335190568419,0,1,1,0
20.26,88966196,5,8.99,2016-10-01,4175,0,38408,42000,4477,158,5,129,5,19,662,0.2367977506586332,0,1,0,0
23.77,88805958,0,8.24,2016-10-01,8500,0,167526,84000,40745,360,6,124,5,5,677,0.2962094049669217,0,0,0,0
14.8,91069057,0,10.99,2016-10-01,6000,0,61642,34744,5469,108,3,129,17,17,692,0.15873373683147546,0,0,1,0
11.5,90165167,4,13.49,2016-10-01,7200,0,28163,60030,5439,53,7,21,5,5,662,0.22820244156389516,0,1,1,0
13.23,92848610,2,11.44,2016-11-01,9000,0,220889,75000,7292,119,4,119,4,23,672,0.2508940045575526,0,0,1,0
19.05,95020529,2,13.49,2016-12-01,18000,0,282663,131000,22773,282,11,273,0,14,717,0.24178857354630912,0,0,0,0
27.4,93072348,0,10.49,2016-11-01,8400,0,74368,71000,20395,233,3,113,14,41,762,0.2258930782682992,0,1,1,0
22.3,93105513,3,8.24,2016-11-01,25000,1,72368,75000,42144,176,8,122,11,14,692,0.2398335190568419,0,0,1,0
19.16,90885361,1,13.99,2016-10-01,20000,1,202662,92000,32720,135,5,180,8,8,692,0.2398335190568419,0,0,0,1
13.42,93081879,0,5.32,2016-11-01,3000,0,13093,67160,11351,147,1,123,23,23,707,0.24236974246031542,0,1,0,0
14.68,94017017,0,13.49,2016-11-01,10000,0,187011,79000,8571,256,6,122,8,10,677,0.24772661201898094,1,0,1,0
17.69,91435659,4,18.99,2016-10-01,12550,1,47338,65000,34527,218,5,151,6,6,677,0.14194112958139316,0,1,1,0
12.82,92589355,3,16.99,2016-11-01,7875,0,42491,79000,10506,217,7,137,4,12,662,0.2218279015751931,0,1,1,0
15.54,93980992,4,11.44,2016-11-01,4500,0,250446,68500,7351,144,10,231,0,3,707,0.2508940045575526,0,1,1,0
31.97,95417419,3,15.99,2016-12-01,12000,1,62251,45000,14351,48,3,97,6,6,687,0.2367977506586332,0,1,0,1
9.03,91010925,1,12.79,2016-10-01,15000,0,41814,110000,9320,74,3,171,1,21,687,0.14194112958139316,0,0,1,0
19.06,90098837,6,16.99,2016-10-01,20000,0,242670,70000,9880,149,8,140,2,12,687,0.24236974246031542,0,0,0,1
21.26,90987843,1,12.79,2016-10-01,7500,0,125894,85000,6331,122,5,157,2,33,662,0.22820244156389516,0,1,1,0
25.8,93444915,2,17.99,2016-11-01,20000,0,147076,60000,6497,99,5,110,6,95,727,0.26936207385807537,0,0,1,0
15.62,91993258,2,14.99,2016-10-01,11200,1,305598,65000,12736,124,16,122,3,6,672,0.2258930782682992,0,0,0,1
20.27,91171067,4,11.49,2016-10-01,8400,1,14983,30720,9392,330,7,127,2,2,672,0.1764017439336834,0,0,0,0
16.53,94361517,0,15.99,2016-12-01,14400,0,17980,40000,13369,121,6,96,10,10,692,0.2398335190568419,0,1,1,0
4.95,93791913,9,6.99,2016-11-01,15000,0,17864,260000,1793,42,3,152,9,29,717,0.2367977506586332,0,0,0,1
31.42,95377331,1,7.49,2016-12-01,10000,0,221899,100000,105349.48000000001,238,3,109,11,85,787,0.2258930782682992,0,0,0,0
16.32,93403679,0,7.49,2016-11-01,6000,0,19904,62000,7127,161,3,153,2,2,707,0.23846830760717275,0,1,0,0
30.21,92524411,3,26.99,2016-11-01,11075,0,27442,41000,27442,470,1,205,11,11,697,0.2258930782682992,0,1,1,0
25.14,91434232,2,15.99,2016-11-01,12075,0,76113,40000,761,112,16,128,6,6,677,0.2367977506586332,1,0,0,1
26.45,94067810,3,16.99,2016-12-01,33100,1,289635,72000,31067,195,8,136,11,11,667,0.24178857354630912,0,0,0,1
17.47,93187453,0,7.99,2016-11-01,8000,0,79715,100000,8546,186,6,141,3,3,717,0.22820244156389516,1,0,1,0
15.88,91524337,3,14.49,2016-11-01,35000,1,439881,140000,47656,142,16,156,2,18,662,0.22820244156389516,0,0,1,0
24.9,91545132,1,19.99,2016-11-01,7200,0,37919,53000,371,200,7,52,6,6,722,0.2218279015751931,0,1,1,0
18.31,95262373,2,10.49,2016-12-01,14000,0,69427,85000,25471,195,1,232,1,148,712,0.24178857354630912,0,1,0,0
27.87,93532477,1,17.99,2016-11-01,15600,1,30612,40000,12591,241,2,169,18,18,732,0.1935332077454842,0,1,0,0
7.72,92301163,1,25.49,2016-11-01,12550,0,148858,55000,974,132,5,127,2,18,702,0.2367977506586332,0,0,0,1
28.81,94282659,2,22.74,2016-12-01,16000,0,49348,59200,23325,144,7,41,3,3,682,0.16180741466312665,0,0,0,1
26.28,90916521,1,8.99,2016-10-01,20000,0,54298,56000,32189,206,1,175,19,19,727,0.22820244156389516,1,0,0,0
25.71,93873086,0,11.44,2016-11-01,20000,0,39158,69500,14524,210,4,135,15,42,692,0.21658368254620217,0,0,1,0
21.16,94188306,1,11.39,2016-12-01,16000,0,25701,65000,5631,94,3,195,5,5,672,0.2218279015751931,0,1,1,0
22.49,91523720,0,13.49,2016-10-01,30000,0,331483,145000,49159,230,4,115,2,3,737,0.24405029299643655,0,0,0,1
19.02,92043180,7,7.99,2016-10-01,15200,0,280346,92000,15109,212,3,217,7,11,707,0.2398335190568419,0,0,0,0
12.47,93403969,0,18.99,2016-11-01,30000,1,18570,70000,3425,61,4,112,3,3,662,0.2367977506586332,1,0,0,1
15.4,92523151,1,12.74,2016-11-01,30000,1,21721,120000,6703,208,4,133,7,24,677,0.2398335190568419,0,1,0,1
32.18,95276377,2,25.49,2016-12-01,34500,0,242530,75000,26981,104,9,226,4,4,662,0.2367977506586332,0,0,0,1
16.23,94228952,3,13.99,2016-12-01,12000,1,30963,46000,8710,95,4,76,1,4,702,0.2262116396218806,0,0,0,0
33.5,94069508,4,25.49,2016-12-01,18650,0,103598,72500,19213,219,12,145,2,7,667,0.16197620383450775,0,0,0,1
24.11,90407180,5,18.99,2016-10-01,20000,0,191571,75000,17287,179,13,155,1,1,692,0.30642352237957415,1,0,1,0
25.28,90408968,0,13.49,2016-10-01,29000,0,75768,50000,7729,159,2,141,10,24,722,0.23093607081390768,0,1,0,1
6.21,95228005,5,16.99,2016-12-01,5000,0,2575,34000,2575,164,6,150,4,4,667,0.2398335190568419,0,1,1,0
21.59,91048987,2,12.79,2016-10-01,10000,0,41283,77500,20527,35,2,139,4,13,687,0.26936207385807537,0,1,1,0
12.81,91393927,0,5.32,2016-10-01,15000,0,304274,125000,5973,153,3,134,17,17,752,0.2586338582330572,0,0,0,0
22.42,91763966,0,11.39,2016-10-01,5000,0,46350,75000,24244,240,1,110,4,51,697,0.2586338582330572,1,0,0,0
8.49,92292197,0,8.24,2016-11-01,35000,0,62136,150000,43055,101,4,25,10,10,687,0.22820244156389516,1,0,0,1
28.05,91455253,6,13.49,2016-10-01,12000,1,34874,35000,4428,48,5,133,7,18,717,0.24178857354630912,1,0,1,0
1.92,91177326,0,14.49,2016-10-01,20000,0,4927,85000,4927,67,0,132,27,27,727,0.26936207385807537,0,1,0,0
16.87,90174350,2,11.49,2016-10-01,13750,0,21023,50000,4115,148,7,125,6,6,717,0.23846830760717275,0,1,1,0
9.34,93474026,2,8.24,2016-12-01,21000,0,39758,149100,36609,65,2,19,2,17,672,0.22541344615680733,0,0,0,1
10.28,94128099,4,22.74,2016-12-01,10000,0,6765,30000,6765,48,5,75,1,4,662,0.22820244156389516,0,1,0,1
14.92,93685770,2,16.99,2016-12-01,15000,1,26431,60000,6857,100,3,185,3,14,667,0.2258930782682992,0,0,1,0
8.08,92233064,5,23.99,2016-10-01,35000,1,383229,157500,29819,137,6,129,4,4,672,0.21910964887857984,0,0,1,0
20.01,94248523,0,11.39,2016-11-01,5000,0,44398,88000,6875,420,3,122,11,41,672,0.2258930782682992,0,1,1,0
22.65,94213789,3,7.24,2016-12-01,17000,0,197627,73000,11659,251,3,140,11,67,767,0.14194112958139316,0,0,0,0
30.56,91291195,2,13.49,2016-10-01,10000,0,37315,65000,22914,300,13,148,6,8,692,0.24405029299643655,0,1,0,0
8.3,91050537,1,17.99,2016-10-01,6000,1,12803,70000,1360,68,3,137,16,16,667,0.3133839123580087,0,1,1,0
12.32,91010994,1,13.99,2016-10-01,1500,0,24842,42675,6371,118,5,16,0,0,692,0.24178857354630912,0,1,1,0
16.85,91555783,6,17.99,2016-10-01,10800,1,311312,53000,18285,151,4,132,1,31,682,0.2258930782682992,0,0,0,1
4.92,90876783,0,13.99,2016-10-01,21600,0,379614,80000,9030,176,0,115,31,31,662,0.2398335190568419,1,0,0,1
24.85,94196660,7,7.49,2016-11-01,5000,0,190254,55000,4471,149,7,125,3,35,737,0.1764017439336834,0,0,0,0
7.86,91574253,1,25.49,2016-10-01,12000,1,14284,44000,5335,129,6,149,2,2,707,0.2367977506586332,0,1,0,1
18.68,94127375,3,17.99,2016-12-01,9000,1,11015,48000,9353,220,8,87,0,6,712,0.2398335190568419,0,1,0,1
26.61,94350903,7,11.44,2016-12-01,8000,0,330354,100000,6914,243,9,151,3,3,697,0.2218279015751931,0,0,0,1
2.92,91635396,0,12.74,2016-10-01,21000,0,192652,130000,10658,198,0,132,39,109,702,0.2367977506586332,0,0,1,0
28.44,92747923,3,8.24,2016-11-01,24000,0,623854,145000,56431,203,5,135,3,3,702,0.2258930782682992,0,0,0,0
5.82,94378585,0,12.74,2016-12-01,7000,0,3715,27000,2198,110,2,48,7,7,687,0.21658368254620217,0,1,1,0
16.16,93709504,1,13.99,2016-11-01,2000,0,7360,20000,850,66,3,66,0,2,762,0.21701380971305592,0,1,1,0
15.29,91634218,1,10.49,2016-10-01,3500,0,12119,68500,8667,93,3,65,1,45,682,0.26936207385807537,0,1,1,0
10.2,93655915,0,12.74,2016-12-01,27000,0,42323,143000,27433,101,2,50,3,3,672,0.2367977506586332,0,1,1,0
29.4,94167459,1,13.99,2016-12-01,3500,0,71574,58000,17886,284,4,155,1,103,687,0.26936207385807537,0,1,1,0
14.56,94626964,1,15.99,2016-12-01,27600,0,28867,60000,28867,135,6,127,9,9,672,0.22820244156389516,0,0,1,0
12.38,91984629,6,14.99,2016-11-01,20000,0,65961,125000,16685,52,10,46,2,8,682,0.30642352237957415,0,1,0,1
18.57,91286068,4,6.99,2016-10-01,22000,0,296034,130000,38923,282,5,148,3,3,752,0.22820244156389516,0,0,0,0
11.1,90826114,0,10.99,2016-10-01,35000,0,349228,146000,27933,360,4,149,8,8,682,0.2294121971136406,0,0,1,0
16.97,91960447,1,14.99,2016-10-01,19325,0,224470,70000,40447,201,3,14,14,21,677,0.21658368254620217,0,0,0,0
15.34,91398837,1,12.74,2016-10-01,3100,0,37003,57800,5456,76,2,132,6,31,672,0.2258930782682992,0,1,0,0
21.1,92829192,3,11.49,2016-11-01,6000,0,43338,60000,5048,123,2,122,6,59,717,0.24405029299643655,0,1,0,0
7.2,92574692,2,8.24,2016-11-01,8500,0,125870,56000,8896,169,2,97,24,24,662,0.23093607081390768,0,0,0,0
10.73,91097482,0,5.32,2016-10-01,30000,0,475304,134000,19512,165,7,122,5,8,767,0.19155677855117656,0,0,1,0
19.86,94418736,0,17.99,2016-12-01,12000,0,22484,55000,12889,70,1,65,24,24,662,0.2586338582330572,0,1,0,1
26.68,91485918,6,8.24,2016-10-01,10500,0,145853,73000,11453,220,14,145,5,5,722,0.2262116396218806,0,0,1,0
18.59,92523440,10,14.99,2016-11-01,6000,1,295526,60000,13091,125,11,134,6,17,662,0.2218279015751931,0,0,0,1
18.12,91167769,0,11.49,2016-10-01,15000,0,44126,100000,13797,39,14,125,10,10,702,0.2962094049669217,1,0,1,0
29.67,91984624,1,11.49,2016-11-01,6000,1,182990,65000,44491,253,2,114,1,7,667,0.24178857354630912,1,0,0,0
9.59,92677849,0,11.49,2016-12-01,12000,0,37032,205000,20583,174,6,51,5,5,672,0.26936207385807537,1,0,1,0
25.75,92535326,4,13.99,2016-11-01,15400,0,188579,48200,23378,288,1,103,7,27,667,0.24236974246031542,0,0,0,0
5.88,91428356,0,7.49,2016-10-01,8000,0,175915,46123,7386,94,4,158,13,13,687,0.24178857354630912,0,0,1,0
0.15,91632326,2,7.99,2016-12-01,7925,0,6,47840,6,120,4,123,6,13,777,0.24038555719815624,1,0,0,1
16.17,94546847,1,17.99,2016-12-01,3000,0,46424,80000,8237,140,6,134,1,33,667,0.2258930782682992,0,0,0,1
17.35,90993087,1,5.32,2016-10-01,2250,0,4543,24000,1341,184,4,64,10,11,727,0.22820244156389516,0,1,0,0
26.79,91427703,0,24.74,2016-10-01,28000,1,71766,105000,40335,135,6,166,5,19,662,0.2258930782682992,0,1,0,0
34.41,91161366,3,10.49,2016-10-01,14000,1,310274,74638,9901,198,5,151,2,7,717,0.2398335190568419,0,0,1,0
31.71,94131192,2,12.74,2016-12-01,9800,1,94146,40000,94146,128,4,126,6,6,662,0.1764017439336834,1,0,1,0
17.98,93751439,0,17.99,2016-11-01,12000,0,45082,58000,14756,101,8,40,8,8,662,0.24178857354630912,0,0,1,0
7.51,91159034,2,21.49,2016-10-01,12000,0,8926,47300,4290,39,5,7,7,18,687,0.2398335190568419,0,1,0,1
9.45,91693239,5,5.32,2016-10-01,14400,0,263369,70000,297,141,4,136,4,28,777,0.22820244156389516,0,0,1,0
28.51,91417180,2,11.49,2016-10-01,10000,1,36731,45000,7239,73,8,42,1,1,732,0.2258930782682992,0,1,0,1
4.21,92597523,3,13.49,2016-11-01,32000,1,11273,98000,11273,255,6,142,15,15,672,0.2258930782682992,0,1,0,1
4.36,95039450,0,14.99,2016-12-01,3000,0,106968,42000,2258,136,6,126,5,5,672,0.2258930782682992,0,0,0,0
14.64,91923729,1,7.99,2016-10-01,12000,0,20809,45000,3432,108,5,115,8,23,722,0.2367977506586332,0,1,0,1
9.1,90915354,2,21.49,2016-10-01,6400,1,16569,85008,9068,140,5,155,1,1,662,0.2367977506586332,0,0,1,0
27.98,95347447,3,15.99,2016-12-01,14000,0,85072,70000,21599,141,4,121,5,5,677,0.3029734287056215,1,0,1,0
18.83,93635201,0,16.99,2016-11-01,6000,0,26160,49000,18993,368,7,64,2,2,662,0.19155677855117656,1,0,1,0
13.62,94013233,2,14.99,2016-11-01,4000,0,173851,47500,8578,125,6,140,2,2,697,0.278503507164471,0,0,1,0
18.16,94470270,1,11.44,2016-12-01,15000,0,197379,46000,7381,339,1,170,0,53,707,0.2258930782682992,1,0,0,0
25.49,95040568,3,14.99,2016-12-01,6400,0,35024,50000,3292,258,4,74,1,18,717,0.2258930782682992,0,0,1,0
9.58,92807232,0,11.44,2016-12-01,12000,0,17317,55000,12518,110,3,127,13,14,682,0.2398335190568419,0,1,0,1
25.76,95467668,1,11.39,2016-12-01,3000,0,283997,58000,34769,335,2,140,4,37,692,0.24178857354630912,0,0,1,0
34.35,91744624,1,16.99,2016-10-01,7000,0,36782,45000,4804,138,10,162,1,6,682,0.2398335190568419,0,0,0,1
17.62,94164482,0,19.99,2016-12-01,21000,1,67895,50000,7483,138,2,142,3,16,667,0.22820244156389516,0,1,0,1
16.68,94247152,0,7.49,2016-11-01,12000,1,172939,47000,5806,326,5,142,2,70,747,0.2398335190568419,0,0,0,0
13.44,91494029,4,11.49,2016-10-01,5000,0,419854,162000,5769,142,9,135,3,3,667,0.2398335190568419,0,0,1,0
11.15,91477082,0,10.49,2016-10-01,12000,0,14163,45000,10273,319,1,131,22,122,672,0.2586338582330572,0,1,0,1
16.26,93973092,7,11.49,2016-11-01,5000,0,195644,66500,5490,197,8,165,6,7,687,0.2398335190568419,0,1,0,0
19.04,90238481,1,18.99,2016-10-01,10000,1,17133,30000,9572,53,5,170,4,4,672,0.2258930782682992,0,1,0,0
21.08,91162833,7,7.99,2016-11-01,5000,0,49782,50000,11626,233,8,145,1,1,702,0.22820244156389516,0,1,0,0
8.14,91488241,3,18.99,2016-10-01,13675,0,9499,38000,27,151,5,23,1,1,687,0.16180741466312665,0,1,0,1
11.82,90140820,2,8.99,2016-10-01,11925,0,18707,80000,11255,262,5,247,4,4,667,0.24772661201898094,0,0,0,0
14.56,90571317,2,13.99,2016-10-01,16000,0,247955,64618,9763,280,3,64,2,2,787,0.3029734287056215,0,0,0,0
5.23,95338730,0,8.24,2016-12-01,9000,0,46962,75000,8530,219,3,139,6,8,677,0.22820244156389516,0,0,0,0
16.4,93789302,12,14.99,2016-11-01,10000,0,103881,60000,9412,257,6,160,6,6,672,0.2508940045575526,0,0,1,0
28.15,94442260,3,11.44,2016-12-01,8000,0,194218,55000,9827,328,6,133,4,8,667,0.24772661201898094,0,0,1,0
20.39,91358570,1,15.99,2016-10-01,19000,0,95233,130000,7325,189,5,166,15,50,702,0.2258930782682992,0,1,1,0
19.66,91487014,4,13.49,2016-10-01,2500,1,192998,57000,19456,157,10,211,1,1,707,0.22541344615680733,0,0,0,1
18.75,93959266,4,14.99,2016-11-01,1000,0,7482,16896,7482,240,3,112,2,35,682,0.22820244156389516,1,0,0,1
6.69,92391379,1,13.99,2016-11-01,6000,0,42766,210000,17247,246,7,145,6,6,662,0.2367977506586332,1,0,1,0
24.89,95313690,0,7.24,2016-12-01,18000,0,249863,103000,44141,374,7,160,4,7,722,0.23093607081390768,0,0,0,0
31.97,95007140,1,15.99,2016-12-01,8525,0,412090,83000,14457,92,4,142,13,20,692,0.2218279015751931,0,0,0,1
14.38,91358951,2,11.39,2016-10-01,15000,0,152790,50000,7673,276,3,90,11,22,697,0.15873373683147546,0,0,1,0
8.7,91364781,0,5.32,2016-10-01,8400,0,20712,72800,3922,444,2,116,21,34,702,0.2398335190568419,1,0,1,0
2.44,90707778,4,10.99,2016-10-01,9500,0,4341,30000,4341,138,6,11,10,10,662,0.1764017439336834,1,0,0,0
28.07,95223063,4,5.32,2016-12-01,6650,0,353022,105000,17623,345,3,155,5,32,767,0.1935332077454842,0,0,0,0
34.09,92013456,1,13.49,2016-11-01,4800,0,106298,50000,13535,66,10,276,3,3,702,0.14194112958139316,0,1,0,1
22.4,92241044,5,11.49,2016-11-01,3600,0,56583,60000,10071,264,5,104,2,11,687,0.2258930782682992,0,1,0,0
34.83,95322239,2,19.99,2016-12-01,21000,0,88010,90000,22439,302,7,127,7,14,672,0.22820244156389516,0,1,0,0
19.97,92627302,3,13.49,2016-11-01,28000,0,453846,170000,27104,279,2,109,3,3,687,0.2258930782682992,0,0,1,0
34.52,94086899,8,13.99,2016-12-01,4800,1,101245,51000,13516,181,4,123,4,4,722,0.2218279015751931,0,0,1,0
25.18,94276701,4,15.99,2016-12-01,35000,1,270004,114211,12872,25,14,133,6,11,717,0.2398335190568419,0,0,0,1
7.96,96153919,4,11.39,2016-12-01,6000,1,23892,38000,2018,205,8,119,5,5,692,0.2367977506586332,0,1,1,0
7.37,92074929,5,13.49,2016-11-01,6000,0,287225,89371,2527,211,4,147,4,4,662,0.2586338582330572,0,0,1,0
19.97,93688926,1,21.49,2016-11-01,20350,0,47859,53000,47859,248,4,123,6,19,692,0.2258930782682992,0,1,1,0
15.38,93972994,3,21.49,2016-11-01,24000,1,72813,121799,38535,126,9,180,1,2,672,0.21910964887857984,0,1,0,1
23.84,94458093,6,23.99,2016-12-01,10000,1,27471,30000,16431,49,7,76,3,3,682,0.2218279015751931,0,1,1,0
13.07,91416879,7,11.49,2016-10-01,8000,0,17999,36000,6074,470,4,82,5,5,672,0.16180741466312665,0,1,1,0
3.3,95716356,0,11.39,2016-12-01,4000,0,2646,40000,2646,20,4,121,7,7,682,0.24038555719815624,0,1,0,1
24.85,91061626,4,5.32,2016-10-01,4000,0,114640,55000,5267,228,7,169,1,1,747,0.2962094049669217,0,0,1,0
17.89,92971115,2,8.24,2016-11-01,18000,0,195177,194000,31724,233,16,125,1,4,667,0.22820244156389516,1,0,0,0
16.26,94116993,1,16.99,2016-12-01,26400,0,25788,80000,18465,196,7,172,1,7,687,0.2586338582330572,0,1,1,0
19.62,90521239,12,13.99,2016-10-01,25000,1,93296,125000,11605,155,12,126,2,4,697,0.2258930782682992,1,0,0,0
29.2,95213337,1,13.49,2016-12-01,14400,0,268899,99886,5824,332,9,131,3,36,662,0.24178857354630912,0,0,0,0
18.41,95119997,4,12.74,2016-12-01,35000,0,34328,119000,5796,265,2,57,12,31,672,0.2258930782682992,0,0,0,1
24.44,93685030,8,14.99,2016-11-01,26000,0,51336,57000,8081,137,4,123,17,21,707,0.22820244156389516,0,0,0,0
29.56,94333487,4,8.24,2016-11-01,1975,0,328955,60000,14767,153,3,147,1,25,727,0.22820244156389516,0,0,1,0
16.13,94001285,3,18.99,2016-11-01,24000,1,36775,70000,13902,244,7,159,15,16,677,0.2262116396218806,0,0,0,0
19.1,94007326,1,12.74,2016-11-01,15000,0,148886,49000,14182,159,8,55,5,5,667,0.2367977506586332,0,0,0,0
14.8,94726632,2,15.99,2016-12-01,1500,0,24432,64200,10874,177,11,274,4,4,667,0.24178857354630912,0,1,0,1
31.78,92173468,4,21.49,2016-10-01,25200,0,71692,85000,20412,113,8,176,2,13,667,0.22820244156389516,0,0,0,1
28.66,96173814,3,12.74,2016-12-01,4000,0,108876,119000,8357,206,11,140,9,11,752,0.22820244156389516,0,0,1,0
20.46,94526669,1,13.99,2016-12-01,5000,0,12974,35000,5315,126,4,13,5,5,667,0.2258930782682992,0,0,0,1
25.79,94102660,1,23.99,2016-12-01,20000,0,59852,70500,14791,104,2,123,10,28,702,0.24178857354630912,0,1,0,1
22.33,92597473,1,13.49,2016-11-01,5050,0,374578,73800,3493,184,6,163,5,7,707,0.24405029299643655,0,0,1,0
16.94,93586452,12,17.99,2016-11-01,25000,1,520578,70360,16331,280,5,153,6,9,692,0.22541344615680733,0,0,0,1
22.61,90270797,0,25.29,2016-10-01,12150,1,27714,49691,6181,271,6,146,1,2,662,0.1764017439336834,0,1,1,0
14.25,94626112,1,11.49,2016-12-01,2550,0,19202,55000,3152,187,5,182,12,24,717,0.2258930782682992,0,1,1,0
16.54,91072901,3,11.49,2016-10-01,23000,0,681618.6899999992,106000,24446,232,4,133,3,27,742,0.2258930782682992,0,0,0,0
23.78,91407385,0,7.99,2016-10-01,6400,1,10569,32000,2054,142,1,109,21,68,747,0.24405029299643655,0,1,0,1
15.64,93108963,2,6.99,2016-11-01,11875,0,450780,200000,22410,145,3,59,5,23,737,0.2258930782682992,0,0,1,0
22.66,92829705,3,16.99,2016-11-01,8000,0,182612,50000,5285,130,4,30,5,40,677,0.22964600222399478,0,0,1,0
15.73,94606594,0,13.99,2016-12-01,8675,0,236722,47000,5509,328,2,150,3,12,672,0.26936207385807537,0,0,0,0
25.76,93157388,1,12.74,2016-11-01,3000,1,42544,60000,12868,161,4,157,8,27,667,0.24405029299643655,0,1,0,0
24.55,91162972,0,13.99,2016-10-01,8100,0,172396,105000,32694,195,2,155,9,9,672,0.26220086013005467,0,0,1,0
9.75,91069789,4,17.99,2016-10-01,6600,0,127634,99000,2195,239,9,163,1,16,672,0.2218279015751931,0,0,0,1
25.87,93643208,2,11.44,2016-12-01,7700,0,202911,68000,28772,404,3,76,8,26,712,0.2962466441080822,0,0,0,0
6.64,90886472,1,9.49,2016-10-01,15000,0,270679,80000,12845,317,4,76,2,2,722,0.2258930782682992,0,0,0,0
17.22,91595267,3,14.99,2016-10-01,6050,0,123740,35000,8104,260,3,120,1,1,677,0.2258930782682992,0,0,0,0
23.49,91632821,0,18.99,2016-10-01,10000,0,36181,35000,8372,170,3,162,7,7,662,0.2258930782682992,0,0,0,1
17.23,90986346,1,12.79,2016-10-01,14000,0,109119,55500,14278,87,1,85,7,27,707,0.24405029299643655,0,1,0,0
18.6,95327578,1,22.74,2016-12-01,7000,0,9802,22000,9802,138,6,132,2,2,677,0.2398335190568419,0,1,0,1
28.09,91307500,2,15.59,2016-10-01,10000,0,100791,40000,8021,192,5,133,8,17,712,0.22820244156389516,0,1,0,0
19.7,91298291,3,25.69,2016-10-01,35000,0,167709,121000,24855,257,14,105,1,1,682,0.24405029299643655,0,0,0,1
21.17,95089056,1,13.49,2016-12-01,16000,0,681618.6899999992,120000,28937,123,6,151,7,38,707,0.2586338582330572,1,0,0,1
18.75,91028885,1,9.49,2016-10-01,6400,0,22527,32000,11264,137,1,55,4,58,707,0.21910964887857984,0,1,0,0
17.2,92095552,1,8.24,2016-11-01,10000,0,19342,30000,11679,74,4,50,12,20,692,0.2218279015751931,0,0,1,0
7.01,88916648,3,8.99,2016-10-01,8000,0,10478,68000,5228,189,6,144,6,7,702,0.2508940045575526,0,0,1,0
15.56,91295018,7,11.49,2016-10-01,20000,1,200687,62000,3851,146,6,179,9,41,682,0.2398335190568419,0,0,0,1
17.9,95089775,1,11.44,2016-12-01,6500,0,36847,95000,22959,155,4,115,14,14,682,0.23846830760717275,0,1,0,0
7.25,93411703,3,11.49,2016-11-01,5000,0,399184,150000,77,227,1,193,12,12,752,0.1764017439336834,0,0,0,0
28.63,95922557,2,17.99,2016-12-01,6500,1,33262,31733,1321,99,4,52,2,5,752,0.2398335190568419,0,1,0,0
17.65,95062361,1,10.49,2016-12-01,17000,0,80744,96000,11747,470,3,71,3,18,707,0.24038555719815624,0,0,0,0
15.26,93697015,8,13.99,2016-11-01,16200,0,220042,89000,9719,54,6,51,3,3,672,0.22820244156389516,0,0,1,0
14.49,92185078,1,11.44,2016-11-01,18000,0,18093,78000,5532,150,8,157,11,33,692,0.23846830760717275,1,0,1,0
13.33,94338181,1,12.74,2016-11-01,25000,0,339055,118500,25148,149,6,185,7,22,672,0.21658368254620217,0,0,0,0
14.23,91640088,1,12.74,2016-10-01,10000,0,170488,65351,17064,122,3,138,5,9,677,0.2367977506586332,0,0,0,1
27.3,93739936,1,13.99,2016-12-01,25000,0,78009,130000,29846,125,5,88,10,18,667,0.2398335190568419,0,1,0,1
15.42,94232398,5,26.24,2016-12-01,30000,1,49946,130000,31832,152,6,78,2,2,692,0.2367977506586332,1,0,1,0
33.04,92133627,4,14.99,2016-11-01,8000,0,47824,45000,9259,115,7,145,6,6,717,0.24772661201898094,0,1,0,1
26.13,92065175,1,15.99,2016-11-01,24000,0,240628,74000,12619,50,5,157,8,12,672,0.24178857354630912,0,0,0,1
29.56,93830015,1,21.49,2016-11-01,9100,1,113009,27000,9202,159,5,194,4,16,707,0.22541344615680733,1,0,0,0
29.41,91963690,1,11.49,2016-10-01,8000,0,36789,40800,15245,110,4,166,4,21,707,0.24236974246031542,0,0,0,1
15.6,91030769,3,23.99,2016-10-01,10000,0,14193,29376,8979,118,6,21,9,9,662,0.25400944474180537,0,1,0,1
34.61,91295996,6,18.99,2016-10-01,12000,0,67584,55000,7914,298,6,156,5,54,672,0.22820244156389516,0,1,1,0
23.41,90997904,1,15.59,2016-10-01,8000,0,169030,65000,10693,144,4,147,11,61,672,0.22820244156389516,0,0,0,1
19.04,91280294,2,15.59,2016-10-01,9925,0,430189,50000,16579,247,5,129,13,13,692,0.24405029299643655,0,0,0,0
10.63,91209935,0,13.49,2016-10-01,25000,1,40428,138000,14997,82,4,123,7,7,672,0.23093607081390768,0,1,1,0
33.51,92014550,1,8.24,2016-10-01,4200,0,22917,26640,1044,77,7,52,0,0,752,0.2258930782682992,0,1,0,0
19.06,94156506,0,22.74,2016-12-01,14175,0,30377,55000,26132,139,3,98,16,16,682,0.2258930782682992,0,1,1,0
7.51,93750411,2,10.49,2016-11-01,5600,0,19568,113000,8984,117,3,195,2,6,672,0.25400944474180537,0,1,0,0
14.44,92441161,2,14.99,2016-11-01,30000,1,645162,140000,103090,274,6,165,3,5,677,0.24405029299643655,0,0,1,0
17.43,94411063,4,8.24,2016-12-01,10000,0,531380,120000,10769,145,4,148,15,15,697,0.2367977506586332,0,0,0,0
33.57,91356506,1,15.99,2016-10-01,27675,0,114746,72000,20031,292,3,48,6,11,742,0.25400944474180537,0,0,1,0
28.67,95191429,2,11.39,2016-12-01,8000,0,279482,72000,38258,232,10,182,4,6,677,0.1935332077454842,0,0,1,0
15.98,94085812,4,14.99,2016-11-01,6000,0,48180,32000,3316,65,2,145,11,12,672,0.24038555719815624,0,0,1,0
25.16,91956321,4,13.99,2016-10-01,7000,1,154012,30000,2940,279,7,129,4,10,667,0.2262116396218806,0,0,1,0
24.64,93625369,1,14.99,2016-11-01,21000,0,129135,62000,12322,141,4,159,14,14,687,0.3133839123580087,0,0,0,0
5.35,91575108,2,11.44,2016-10-01,20000,0,356627,100000,19428,165,5,155,2,2,697,0.25400944474180537,0,0,0,0
15.14,91297901,1,15.59,2016-10-01,20000,0,19673,52000,18457,367,2,114,10,10,722,0.22820244156389516,0,1,0,0
28.72,93107879,10,13.49,2016-11-01,4000,0,86561,52000,5687,105,13,137,5,7,677,0.2218279015751931,0,0,0,1
27.23,94240078,1,8.24,2016-12-01,27375,0,221998,125000,33388,220,3,160,7,28,732,0.3133839123580087,0,0,0,1
21.03,93623409,2,15.99,2016-11-01,30000,0,391428,130000,16800,256,9,114,2,2,742,0.2508940045575526,0,0,1,0
10.27,94256970,0,11.39,2016-11-01,14000,0,195618,100000,13264,223,1,157,13,114,762,0.30642352237957415,0,0,0,0
10.93,94085540,3,12.74,2016-12-01,24000,0,192261,200000,11406,164,9,256,1,1,727,0.2111913767566574,0,0,0,1
25.04,91207974,2,15.59,2016-10-01,15000,1,384185,80000,11348,217,6,204,4,37,702,0.2258930782682992,0,0,0,1
9.33,91345387,2,5.32,2016-11-01,13925,0,616945,125000,18444,373,4,149,2,2,757,0.2258930782682992,0,0,1,0
23.12,93502697,5,26.99,2016-11-01,16200,0,118453,45000,6258,230,3,123,4,4,672,0.23846830760717275,0,0,0,1
22.67,94344822,0,13.49,2016-12-01,8200,1,46386,26000,7159,120,2,146,3,3,672,0.2218279015751931,0,1,0,1
9.32,94062998,4,18.99,2016-12-01,35000,1,17871,100000,974,106,0,169,25,46,707,0.2398335190568419,0,0,0,1
20.73,93863059,5,11.49,2016-11-01,1000,0,89055,33000,3754,123,8,145,3,24,677,0.25450503330821056,0,0,1,0
6.53,91553302,3,14.49,2016-10-01,5000,0,127255,54000,11175,470,2,117,20,20,667,0.21658368254620217,0,0,1,0
17.09,91300852,3,14.49,2016-10-01,18000,0,293775,75000,21900,152,14,132,2,2,692,0.2586338582330572,0,0,1,0
33.83,93780469,0,13.49,2016-11-01,5000,0,75207,80000,33187,126,3,164,14,21,662,0.1764017439336834,0,0,1,0
17.79,93665697,2,11.44,2016-11-01,3650,0,92583,40000,4750,114,2,139,13,13,702,0.2398335190568419,0,0,1,0
14.54,92369550,0,13.49,2016-11-01,12000,0,67236,125000,8685,106,4,174,10,39,662,0.22541344615680733,1,0,0,0
17.37,90990925,7,26.99,2016-10-01,22000,1,242194,80000,7163,157,7,158,4,4,707,0.25400944474180537,0,1,1,0
19.14,93790958,1,8.24,2016-11-01,8000,0,172288,60000,12698,184,6,154,3,3,687,0.1935332077454842,0,0,0,0
26.73,94516459,1,7.24,2016-12-01,5500,0,59812,68364,44822,213,6,154,1,60,707,0.2262116396218806,0,0,0,0
9.51,95319485,6,17.99,2016-12-01,17500,0,140904,35000,3966,200,10,74,12,12,717,0.2218279015751931,0,0,0,0
14.02,95356823,2,14.99,2016-12-01,12000,0,224662,47000,13121,177,3,171,7,13,697,0.23093607081390768,0,0,1,0
20.15,94109854,1,6.99,2016-12-01,16000,0,147490,112000,18398,466,2,195,8,37,687,0.22964600222399478,0,0,0,1
33.88,91341071,12,26.49,2016-10-01,34000,0,626992,190000,57,277,16,138,2,2,777,0.23093607081390768,0,0,0,1
14.58,91628145,2,19.99,2016-10-01,5000,1,11494,35000,471,200,3,236,14,19,677,0.2398335190568419,0,1,1,0
13.56,91629726,1,19.99,2016-10-01,10000,1,21316,40000,7317,68,3,106,1,5,677,0.2258930782682992,0,1,1,0
5.88,93105598,1,8.24,2016-12-01,18000,0,10811,60000,10811,156,1,129,17,103,707,0.2398335190568419,0,1,0,0
23.6,91052694,5,5.32,2016-10-01,9000,0,212592,96000,11510,348,5,228,3,3,747,0.24038555719815624,1,0,0,0
17.94,92400544,2,16.99,2016-11-01,7600,0,249572,115000,37814,203,8,164,1,1,672,0.21910964887857984,0,0,0,0
24.08,91182559,6,8.59,2016-10-01,12000,0,145856,71450,8046,238,6,156,9,9,702,0.22820244156389516,0,0,1,0
20.44,91704026,0,11.49,2016-10-01,20000,0,79227,92600,44665,142,2,153,8,79,672,0.22820244156389516,1,0,1,0
3.85,93739909,2,13.99,2016-11-01,7000,0,8789,85000,8789,91,2,131,10,10,662,0.2218279015751931,0,1,1,0
21.08,92261387,5,11.39,2016-11-01,1500,0,30280,48729,10528,157,9,142,3,3,697,0.2367977506586332,0,1,0,1
33.94,92699464,1,7.99,2016-11-01,3000,0,175590,71716,17126,241,2,193,7,18,722,0.22820244156389516,0,0,1,0
18.74,94175919,5,13.49,2016-11-01,4100,1,25766,64400,613,84,5,147,11,16,692,0.22820244156389516,0,1,1,0
17.41,91053030,6,21.49,2016-10-01,12000,1,39396,110000,12423,267,7,269,4,10,682,0.2398335190568419,0,1,0,0
29.02,92757755,1,7.99,2016-11-01,13500,0,73495,85000,3873,176,5,140,9,17,697,0.22820244156389516,0,1,0,0
14.32,91098755,2,18.99,2016-10-01,5000,1,257989,70000,12263,64,5,145,6,30,677,0.2111913767566574,0,0,0,1
18.4,91949902,5,15.99,2016-11-01,8000,0,46234,70000,4385,143,12,137,2,5,662,0.2508940045575526,0,1,0,1
32.1,91913566,3,14.99,2016-10-01,4725,1,27494,56000,7718,367,8,276,3,10,677,0.21701380971305592,0,1,0,1
21.61,92043215,1,7.24,2016-11-01,16000,0,27852,57000,10498,138,7,155,3,3,742,0.19155677855117656,1,0,0,0
8.73,91179814,5,12.79,2016-10-01,14400,1,233594,100000,3047,286,6,101,2,14,667,0.22541344615680733,0,0,1,0
24.59,95261955,2,13.49,2016-12-01,5000,0,127323,86000,29068,435,3,152,3,96,672,0.24772661201898094,0,0,0,0
0.23,90991949,3,9.49,2016-10-01,16000,0,113442,131500,1476,313,3,132,9,9,832,0.22964600222399478,0,0,0,0
21.05,90055606,2,13.99,2016-10-01,35000,1,279491,78000,13506,119,5,122,7,7,722,0.30642352237957415,0,0,0,1
17.87,93207998,3,11.49,2016-11-01,6000,0,201607,94000,10059,396,9,183,3,4,667,0.23846830760717275,0,0,0,0
19.85,93227692,0,22.74,2016-11-01,20850,1,76954,125000,46277,236,2,236,13,145,717,0.2398335190568419,0,1,0,1
6.74,95021368,3,8.24,2016-12-01,12000,0,157951,173000,11706,239,3,117,6,6,672,0.26936207385807537,0,0,0,0
21.57,91406930,0,12.74,2016-11-01,8000,1,97614,35000,415,143,0,122,29,143,727,0.1935332077454842,0,0,0,1
17.15,92962016,6,21.49,2016-11-01,10150,0,310447,80000,6323,198,16,127,1,3,692,0.2218279015751931,1,0,0,1
9.32,91346652,4,10.49,2016-10-01,6000,0,260798,78000,5851,134,3,68,3,29,697,0.2258930782682992,0,0,0,0
34.43,93390658,1,15.99,2016-11-01,12000,0,151189,45000,31444,205,3,150,4,148,667,0.25450503330821056,0,0,0,0
5.18,93870460,1,8.24,2016-11-01,12000,0,34547,111000,3278,125,3,141,2,2,667,0.25400944474180537,0,0,0,0
7.16,94221959,2,12.74,2016-12-01,25000,0,11833,90000,7875,50,7,14,9,13,672,0.23846830760717275,1,0,1,0
26.33,92114738,1,6.99,2016-10-01,10000,0,563851,100000,63727,374,3,142,2,137,747,0.2258930782682992,0,0,0,0
6.39,94744241,3,12.74,2016-12-01,4000,0,230758,55000,4350,139,4,105,10,10,712,0.2367977506586332,0,0,0,0
30.34,93197444,0,18.99,2016-11-01,26575,0,276020,78000,73244,353,5,129,10,10,717,0.2367977506586332,0,0,0,1
6.38,91191740,2,9.49,2016-10-01,3000,0,88851,66000,9604,148,8,24,5,5,672,0.22820244156389516,0,0,1,0
27.02,91294357,5,13.49,2016-10-01,7200,1,71095,85000,3561,156,10,97,2,3,707,0.2586338582330572,0,1,0,1
30.8,91733134,5,12.74,2016-10-01,5000,0,387183,165000,43981,123,4,122,0,13,687,0.2218279015751931,0,0,0,0
29.89,95705311,0,13.49,2016-12-01,2500,0,38446,55000,37649,180,1,113,22,42,697,0.24236974246031542,1,0,1,0
6.61,93686655,1,22.74,2016-11-01,1000,0,150906,77500,7813,165,2,70,7,73,712,0.3029734287056215,0,0,1,0
16.02,91536335,0,11.39,2016-10-01,13000,0,81053,60000,8410,149,3,157,10,11,682,0.1089257395525156,0,1,1,0
5.81,91219816,1,10.99,2016-10-01,10000,0,13070,75000,13070,259,1,132,11,11,697,0.2218279015751931,0,0,1,0
12.88,91227289,1,8.99,2016-10-01,5000,0,17689,59000,4652,146,2,127,12,12,682,0.2962466441080822,0,1,0,0
8.74,93841673,1,15.99,2016-11-01,19200,0,52098,128000,20457,91,8,208,6,6,677,0.16180741466312665,0,1,1,0
25.13,93687608,4,16.99,2016-12-01,35000,0,208726,85000,30837,151,6,144,4,4,682,0.24178857354630912,0,0,0,1
15.63,95128373,4,11.49,2016-12-01,7000,1,17291,50000,4439,94,3,69,11,22,697,0.24236974246031542,0,1,0,1
24.98,94465495,1,17.99,2016-12-01,3325,0,25501,26000,2943,37,4,154,6,6,677,0.2367977506586332,0,1,0,1
19.28,91793638,2,19.99,2016-10-01,21600,0,50585,78000,6999,279,7,122,1,4,662,0.3029734287056215,0,1,0,1
2.78,90826689,0,16.99,2016-10-01,10000,0,5798,35000,5798,225,3,132,16,16,677,0.2398335190568419,0,1,1,0
23.92,93809969,3,19.99,2016-11-01,7175,0,19933,30000,4936,47,5,89,1,47,667,0.26220086013005467,0,1,0,1
16.75,94270193,4,24.74,2016-12-01,12000,0,39594,65000,16502,129,8,122,3,21,667,0.23093607081390768,0,0,1,0
28.52,92125405,3,21.49,2016-11-01,12000,0,153638,50000,8379,157,9,114,2,17,662,0.21658368254620217,0,0,0,1
30.21,93850526,0,15.99,2016-12-01,20000,0,170271,40000,13438,145,2,183,11,28,672,0.24236974246031542,0,0,0,1
25.2,94109074,2,22.74,2016-12-01,8600,0,20799,24000,3720,62,7,34,1,1,752,0.2367977506586332,1,0,0,0
17.95,94744453,0,11.49,2016-12-01,16525,0,140125,95000,9334,99,4,142,5,5,707,0.22820244156389516,0,0,1,0
23.95,92677653,1,10.49,2016-11-01,20000,1,49190,87144,19957,203,2,124,8,73,667,0.16197620383450775,0,1,0,0
10.82,94036008,0,13.49,2016-12-01,20000,0,12733,70000,9722,115,6,142,2,15,667,0.2508940045575526,0,0,0,1
18.38,92561393,2,14.99,2016-11-01,20000,1,508438,100000,49283,275,5,129,4,4,732,0.24405029299643655,0,0,1,0
8.91,91733530,3,11.39,2016-10-01,7000,0,46902,54000,6857,158,6,145,12,12,682,0.2258930782682992,0,1,1,0
28.73,94448249,1,8.24,2016-12-01,15000,0,40013,48500,28601,302,2,163,7,7,712,0.2398335190568419,0,1,1,0
15.76,91670467,0,7.49,2016-10-01,12000,0,281272,66000,10571,107,4,191,14,37,737,0.22820244156389516,0,0,0,0
25.83,93998264,3,26.99,2016-11-01,12000,0,91136,36000,8505,80,1,67,7,29,692,0.26220086013005467,0,0,1,0
24.83,90571609,2,7.59,2016-10-01,5000,0,168749,65000,14516,142,10,127,3,7,687,0.1935332077454842,0,0,0,1
21.35,95180265,1,25.49,2016-12-01,35000,1,396780,160000,21444,140,9,81,4,7,712,0.1764017439336834,0,0,0,1
25.53,94199826,11,11.49,2016-12-01,5000,0,145852,89000,2439,190,4,265,17,19,707,0.24178857354630912,0,0,0,1
15.34,92310213,1,5.32,2016-11-01,14400,0,292982,96000,68755,203,4,130,11,15,812,0.24405029299643655,0,0,0,0
32.53,94362950,0,11.44,2016-11-01,16000,0,458623,100000,28882,170,3,195,11,65,692,0.22820244156389516,0,0,0,0
30.81,92439658,3,17.99,2016-11-01,3575,0,116319,85000,4631,149,9,119,1,1,667,0.2367977506586332,0,0,0,1
18.89,92515570,2,16.99,2016-11-01,30050,1,27617,90000,4864,69,6,91,8,16,712,0.24236974246031542,0,1,1,0
11.12,91615262,2,18.99,2016-10-01,6000,0,633601,172000,15334,302,6,87,1,3,787,0.2258930782682992,0,0,0,0
31.88,93762653,0,14.99,2016-11-01,16000,1,55653,60000,39802,372,1,153,21,67,672,0.21658368254620217,1,0,0,0
32.58,91302743,8,7.59,2016-10-01,20000,0,237666,55000,13905,183,10,173,11,20,742,0.21701380971305592,0,0,0,1
11.87,91443593,4,13.49,2016-10-01,12000,0,293729,140000,12935,250,9,137,1,1,737,0.2218279015751931,0,0,1,0
23.88,95128508,5,17.99,2016-12-01,1200,0,185214,40000,7412,104,4,179,4,66,702,0.2367977506586332,0,0,0,1
12.49,91645210,1,12.74,2016-10-01,9000,0,69021,40000,6540,101,1,83,14,47,662,0.22820244156389516,0,0,1,0
16.2,94275458,0,15.99,2016-12-01,35000,0,244861,120000,105349.48000000001,361,1,120,13,147,792,0.16197620383450775,1,0,1,0
4.46,95022566,8,13.49,2016-12-01,10000,0,411423,225000,12179,220,8,180,4,15,672,0.24772661201898094,0,0,1,0
15.96,95021195,7,10.49,2016-12-01,12000,0,148951,65000,14102,186,2,100,11,26,677,0.2218279015751931,0,0,1,0
8.7,91974371,4,13.49,2016-11-01,16825,0,19250,60000,11941,147,5,66,5,5,662,0.1764017439336834,0,1,0,1
19.9,92248028,2,8.24,2016-11-01,7000,0,15585,36000,2565,47,5,89,9,42,692,0.22541344615680733,0,1,1,0
12.65,91486563,1,7.49,2016-10-01,9000,0,197852,50000,5669,316,6,147,2,12,687,0.1764017439336834,0,0,0,0
9.53,95170830,4,11.49,2016-12-01,10000,0,330103,200000,25438,144,6,118,4,40,662,0.22820244156389516,0,0,1,0
12.44,95198121,3,11.49,2016-12-01,35000,0,308589,125000,23008,121,9,163,6,6,702,0.22541344615680733,0,0,1,0
17.22,93542236,0,14.99,2016-11-01,30000,0,285405,72000,14097,160,0,153,28,42,677,0.22820244156389516,0,0,0,0
19.15,91714127,2,21.49,2016-10-01,8500,1,235038,30400,5187,83,4,122,7,19,662,0.24178857354630912,0,0,1,0
25.18,91563136,4,11.49,2016-11-01,10000,0,179926,250000,42684,210,5,124,4,7,682,0.22820244156389516,1,0,1,0
26.94,91691112,0,21.49,2016-11-01,17175,1,113538,58000,8706,156,4,223,3,3,682,0.30642352237957415,0,1,1,0
24.22,92708225,3,22.74,2016-11-01,35000,0,49286,92000,19511,220,4,167,10,10,677,0.2398335190568419,0,1,0,1
25.92,91180059,1,12.79,2016-10-01,8000,0,50478,20000,8850,219,3,150,9,24,662,0.1305656166082932,1,0,0,0
3.79,95161679,0,11.44,2016-12-01,1300,0,572,25000,572,132,1,129,10,10,702,0.2258930782682992,0,1,0,1
13.72,94438101,9,13.49,2016-12-01,6000,1,101743,33840,3006,215,4,113,9,9,672,0.2962466441080822,0,0,0,1
7.45,95133102,1,6.99,2016-12-01,14000,0,175392,124000,65615,234,9,152,2,2,757,0.2258930782682992,1,0,0,0
20.18,92176048,1,13.99,2016-11-01,2000,0,41606,48000,10290,105,3,40,12,22,692,0.2586338582330572,0,1,1,0
26.24,95358687,0,12.74,2016-12-01,8000,0,35149,60331,7804,122,3,98,11,108,692,0.22391551552496644,0,1,0,1
26.94,93563946,1,26.99,2016-12-01,12150,0,24829,32000,11668,123,7,64,7,7,667,0.26936207385807537,0,1,0,1
19.91,95058719,0,22.74,2016-12-01,30000,0,48863,100000,23475,177,2,266,22,29,702,0.2398335190568419,0,0,0,0
12.82,91001344,0,13.49,2016-10-01,7000,0,70343,63000,1935,198,7,148,6,57,662,0.2586338582330572,0,1,1,0
31.26,95022891,0,11.39,2016-12-01,18000,0,292132,80000,33078,194,6,137,8,13,717,0.19155677855117656,0,0,0,0
22,92460248,3,12.74,2016-11-01,1500,0,62313,48000,3775,37,3,86,8,8,682,0.24178857354630912,0,1,1,0
26,91587322,0,5.32,2016-10-01,10000,0,58879,50000,9298,235,6,193,5,5,792,0.14194112958139316,0,1,0,0
8.25,91993961,0,13.49,2016-10-01,21500,0,421999,85000,14943,157,6,214,16,16,662,0.24178857354630912,0,0,1,0
18.35,95240376,3,17.99,2016-12-01,20000,0,26768,63500,9987,264,3,258,14,27,662,0.15873373683147546,0,0,0,0
18.42,92607376,2,5.32,2016-11-01,5000,0,45765,78000,5408,260,4,176,6,8,702,0.24102227492165665,0,1,1,0
18.27,91041182,2,14.49,2016-11-01,20000,0,124182,50000,4851,26,8,51,5,12,712,0.1935332077454842,0,0,0,1
1.53,93134975,0,15.99,2016-11-01,20000,0,15255,242000,15255,215,10,11,5,8,667,0.2398335190568419,0,1,1,0
26.49,93741073,4,10.49,2016-11-01,7000,0,38343,27000,5246,146,3,123,2,34,752,0.24772661201898094,1,0,0,0
10.19,94148139,1,17.99,2016-12-01,4000,0,3300,15192,3300,206,1,94,15,15,667,0.2262116396218806,0,1,0,0
24.32,94230483,1,17.99,2016-12-01,3000,0,21066,41755,3688,110,4,126,3,21,667,0.2398335190568419,0,1,1,0
3.87,91515276,0,7.99,2016-10-01,7000,0,43440,120000,3615,214,3,110,7,7,767,0.23846830760717275,1,0,1,0
15.06,92831895,8,11.49,2016-11-01,14000,1,25795,70000,1907,170,8,135,4,4,702,0.22541344615680733,0,0,1,0
25.66,92114183,1,10.49,2016-10-01,3000,0,184517,116000,15578,164,8,139,2,2,757,0.22820244156389516,0,1,0,0
18.2,90621175,1,9.49,2016-10-01,14000,0,147833,30000,14131,146,1,157,18,18,707,0.23093607081390768,0,1,1,0
16.25,92608490,1,12.74,2016-11-01,35000,0,31754,89016,17902,130,2,147,8,39,727,0.2258930782682992,0,1,1,0
22.21,95232350,1,13.49,2016-12-01,16000,0,222665,47000,14632,178,7,59,8,10,677,0.25400944474180537,0,0,0,1
11.45,95607337,4,15.99,2016-12-01,25000,0,36314,70000,36314,212,9,120,0,0,717,0.2398335190568419,1,0,0,0
19.25,91714458,3,7.49,2016-10-01,10000,0,270199,56000,9127,336,3,168,6,34,707,0.16180741466312665,1,0,1,0
8.85,91417924,0,10.49,2016-10-01,4000,0,9259,48000,5715,238,2,115,9,9,667,0.26936207385807537,0,1,0,0
29.48,91433718,0,11.49,2016-10-01,6000,0,65329,70000,29747,470,4,143,13,21,692,0.23846830760717275,0,1,0,0
26.63,95236801,0,15.99,2016-12-01,14700,1,79930,32000,31054,212,0,114,26,80,702,0.2367977506586332,0,0,0,1
33.23,93869659,4,14.99,2016-11-01,4000,0,122475,62000,9062,205,7,121,0,37,667,0.21658368254620217,0,0,0,1
4.73,94209427,3,13.49,2016-12-01,2600,1,5331,35000,5331,312,14,145,4,4,707,0.2398335190568419,0,1,1,0
5.52,92085147,4,13.49,2016-10-01,10000,0,12208,55000,7689,81,7,260,2,2,667,0.24038555719815624,0,0,1,0
26.57,95258625,2,12.74,2016-12-01,7500,0,283280,65000,1739,174,11,52,5,5,697,0.24038555719815624,0,0,0,0
12.34,94392711,5,17.99,2016-12-01,35000,0,313762,175000,45378,184,4,114,5,5,682,0.19155677855117656,0,0,1,0
14.95,91744251,1,18.99,2016-10-01,17000,0,16323,50000,12276,84,9,129,0,13,692,0.1935332077454842,1,0,0,1
16.39,94274088,0,11.49,2016-12-01,9000,0,298332,100000,10129,210,4,116,5,5,687,0.2367977506586332,0,0,0,0
14.77,94410197,3,13.99,2016-12-01,7000,0,483122,100000,29539,126,6,126,6,19,687,0.2258930782682992,0,0,1,0
32.82,93585708,7,15.99,2016-12-01,5000,0,39821,40000,4584,127,3,115,10,16,677,0.24772661201898094,0,1,1,0
18.01,95277783,1,7.99,2016-12-01,12000,0,429990,91000,13548,177,6,111,6,6,752,0.2258930782682992,0,0,0,0
8.96,92241178,0,21.49,2016-10-01,25000,0,21144,70700,11740,233,0,132,39,120,717,0.22391551552496644,0,1,0,0
18.64,94821279,6,7.49,2016-12-01,9950,0,58689,86000,15826,108,5,116,2,11,712,0.24772661201898094,0,0,0,0
14.08,94352185,0,14.99,2016-12-01,8000,0,16968,50199,11109,221,4,148,3,17,682,0.24038555719815624,0,1,1,0
15.92,93248241,0,7.24,2016-11-01,6000,0,238176,68617.56,105349.48000000001,312,0,159,33,33,712,0.24405029299643655,0,0,0,1
12.57,94118904,1,10.49,2016-11-01,3000,0,4327,21000,4327,368,3,131,5,38,727,0.21470648544797244,0,1,0,0
12.54,91444159,1,17.99,2016-10-01,26000,0,200923,185000,47833,315,5,127,3,3,692,0.22820244156389516,0,0,0,1
18.07,91413576,1,11.49,2016-10-01,15000,0,25514,50000,14589,148,5,91,6,15,702,0.2398335190568419,0,1,0,1
17.99,92232225,2,7.99,2016-11-01,9500,1,78533,51000,10667,67,7,157,4,4,692,0.2258930782682992,0,1,1,0
28.06,91189381,2,16.99,2016-10-01,20000,0,132486,55000,14407,230,4,151,13,13,672,0.2508940045575526,0,0,0,1
15.64,93959740,1,7.24,2016-11-01,25000,0,179433,187000,24347,189,3,128,8,8,747,0.2398335190568419,0,0,1,0
9.86,92668642,2,8.24,2016-12-01,30000,0,532246,150000,22720,470,1,172,16,148,692,0.22541344615680733,0,0,1,0
24.01,90986979,1,13.49,2016-10-01,5000,0,7358,16000,7358,199,6,132,1,11,702,0.2294121971136406,0,1,0,0
11.07,94149638,1,10.49,2016-12-01,12000,0,41567,100686,10191,52,5,31,9,9,737,0.24405029299643655,0,1,0,0
17.25,93108084,4,11.44,2016-11-01,7800,0,167377,75000,4682,73,6,110,3,3,767,0.2508940045575526,0,0,1,0
12.88,94078267,0,16.99,2016-12-01,4500,0,30891,96000,4386,263,6,135,5,123,662,0.2398335190568419,0,1,1,0
26.54,90388261,3,11.49,2016-10-01,16000,0,165249,80000,11296,167,5,134,2,11,717,0.22820244156389516,0,0,0,1
11.05,91824584,4,15.99,2016-10-01,4800,0,37722,95000,11193,89,4,111,3,3,677,0.1089257395525156,0,1,1,0
7.17,95313447,0,10.49,2016-12-01,10000,0,203731,110000,1012,172,2,127,4,51,752,0.2962466441080822,0,0,1,0
20.74,95120810,0,8.24,2016-12-01,12000,0,54870,55600,13326,98,2,174,4,4,712,0.24236974246031542,0,1,1,0
20.55,91436489,2,26.99,2016-11-01,32850,1,41047,73000,16579,108,5,101,2,2,667,0.1935332077454842,0,1,0,1
17.35,94129351,1,11.49,2016-12-01,10000,0,149669,35000,8519,127,3,95,15,15,722,0.16180741466312665,0,0,0,0
29.08,92309316,3,8.24,2016-11-01,20000,0,407486,150000,31165,293,2,159,8,44,667,0.30642352237957415,0,0,0,0
26.51,95001842,4,11.49,2016-12-01,12000,0,36389,51831,6748,153,9,141,1,42,667,0.22964600222399478,0,1,1,0
25.36,94157597,5,12.74,2016-12-01,10000,0,169537,81114,12022,206,6,134,1,4,732,0.2962466441080822,0,1,1,0
10.8,91634451,2,6.99,2016-10-01,6500,0,21237,65000,2768,114,3,211,17,26,787,0.23093607081390768,0,1,0,0
5.9,91684322,0,11.44,2016-10-01,20000,0,14395,85000,7553,103,1,50,18,18,772,0.2398335190568419,0,1,0,0
24.2,94007268,3,21.49,2016-11-01,12000,0,109271,45000,15278,134,1,171,3,30,687,0.1935332077454842,0,0,1,0
17.11,91300974,0,8.59,2016-10-01,1900,0,470260,55000,6998,207,4,18,1,1,777,0.22541344615680733,0,0,0,0
19.84,94280739,3,12.74,2016-12-01,15000,0,85668,69000,19894,219,4,153,6,8,697,0.22820244156389516,0,0,1,0
18.93,92279120,2,13.49,2016-11-01,10000,0,271286,70000,2732,67,6,33,4,28,742,0.21910964887857984,1,0,1,0
17.1,92480221,5,15.99,2016-11-01,20000,0,69290,60000,365,130,4,115,2,24,707,0.2258930782682992,0,0,0,1
29.99,90152294,1,11.49,2016-10-01,25000,0,377027,74000,9342,63,7,48,6,21,697,0.1935332077454842,0,0,0,1
10.61,91181560,0,15.59,2016-10-01,15000,0,108852,106000,13181,214,4,211,2,2,662,0.24236974246031542,0,0,1,0
6.92,92841132,0,12.74,2016-11-01,20000,0,240979,43000,5359,87,3,170,11,24,772,0.24405029299643655,0,0,0,1
8.78,93602637,0,17.99,2016-11-01,15000,1,23690,80000,11041,77,3,63,8,37,672,0.26936207385807537,0,1,1,0
26.45,92065518,4,24.74,2016-11-01,35000,1,422670,125000,35437,194,7,123,1,4,677,0.22820244156389516,0,0,0,1
29.45,92840261,1,13.99,2016-11-01,25000,0,230306,105000,14151,118,6,159,3,3,682,0.16197620383450775,1,0,1,0
24.24,92243138,1,12.74,2016-11-01,9000,0,50233,45000,6984,67,2,74,15,15,717,0.25400944474180537,0,0,1,0
8.86,93633453,0,15.99,2016-11-01,15000,0,73954,105000,7822,30,3,135,6,30,722,0.1764017439336834,0,1,1,0
16.1,94046472,1,13.99,2016-11-01,6400,1,47194,60000,3380,52,5,69,8,8,717,0.2367977506586332,0,1,1,0
20.08,91617671,4,15.99,2016-10-01,10000,0,266395,45000,7905,344,11,60,1,13,707,0.22964600222399478,0,0,0,1
16.46,92971682,2,11.39,2016-11-01,4200,0,22617,36500,3685,58,9,42,6,7,677,0.24178857354630912,0,0,0,0
30.31,91111412,1,12.74,2016-10-01,16000,0,346316,132000,27204,184,7,191,5,5,667,0.1935332077454842,0,0,0,0
10.24,94160743,2,11.39,2016-12-01,8000,0,237866,83000,4901,404,4,152,11,24,662,0.2258930782682992,0,0,0,0
25,92339442,0,11.44,2016-10-01,28000,0,45024,65000,15539,226,6,164,3,13,732,0.25400944474180537,1,0,0,0
16.71,94022959,7,13.49,2016-11-01,5000,0,17566,27000,1522,69,4,12,7,69,757,0.24236974246031542,0,1,0,1
19.38,91793154,2,8.24,2016-10-01,4800,0,90939,80000,10211,131,7,74,2,29,687,0.2398335190568419,0,0,1,0
26.47,91975307,1,11.49,2016-11-01,4725,0,317322,88000,12531,133,4,146,8,107,752,0.22541344615680733,0,0,0,1
29.47,93738483,2,14.99,2016-12-01,35000,0,283338,128000,32073,207,8,180,9,9,667,0.1764017439336834,0,1,0,1
7.71,91946569,2,21.49,2016-10-01,10000,0,104302,54000,8196,94,5,127,1,1,677,0.24038555719815624,1,0,1,0
20.6,93879474,0,13.49,2016-12-01,28400,0,153466,78000,13097,132,2,117,12,33,672,0.25400944474180537,1,0,0,0
17.92,90148862,4,15.59,2016-10-01,25000,0,32858,100000,14338,262,4,81,10,10,717,0.24236974246031542,0,0,1,0
21.84,95371122,0,6.99,2016-12-01,20000,0,167926,100000,42911,176,3,126,14,15,732,0.2398335190568419,0,0,1,0
14.54,92075643,3,7.99,2016-10-01,28000,0,65057,145500,8995,152,7,135,2,27,702,0.2367977506586332,0,0,0,1
7.43,91301274,2,10.49,2016-11-01,6400,0,5787,36000,0,155,1,125,21,12,762,0.25400944474180537,0,0,0,1
16.37,93997205,5,8.24,2016-12-01,10800,0,484004,122000,14921,217,3,254,9,35,667,0.1764017439336834,0,1,1,0
5.3,94363143,1,14.99,2016-12-01,30000,0,273475,210000,26437,362,3,111,12,17,667,0.2586338582330572,0,0,1,0
15.49,94149558,4,19.99,2016-12-01,24000,0,90057,80000,20632,126,4,137,8,16,682,0.22820244156389516,0,1,1,0
16.74,91685908,7,21.49,2016-11-01,6500,0,17379,40000,4947,186,16,24,1,1,672,0.3029734287056215,0,1,0,1
22.13,90611395,7,10.99,2016-10-01,10000,1,231169,64000,51122,145,5,147,1,31,702,0.24405029299643655,0,0,1,0
12.52,93685302,4,7.99,2016-12-01,6000,0,26227,98355,8110,126,8,120,4,4,737,0.22391551552496644,0,1,0,0
9.98,92842236,0,17.99,2016-12-01,14000,0,13561,35000,6843,120,3,140,3,22,672,0.2258930782682992,0,1,1,0
17.91,94138703,6,11.49,2016-11-01,7225,0,428953,90000,22245,201,9,136,7,7,662,0.23093607081390768,0,0,1,0
20.67,89829217,5,11.49,2016-10-01,10000,0,65106,40000,20621,201,5,161,1,1,677,0.2367977506586332,1,0,0,0
15.39,71088744,2,11.44,2016-12-01,6000,0,29702,70000,29702,266,4,129,5,17,677,0.16180741466312665,0,0,0,1
14.43,93662652,2,13.99,2016-11-01,7000,0,18571,44000,5894,31,4,94,1,1,662,0.2367977506586332,0,1,1,0
21.8,91304821,4,13.99,2016-10-01,5000,0,25311,36000,7306,115,7,134,10,12,672,0.25400944474180537,0,1,0,1
15.95,94188674,1,6.99,2016-12-01,12000,0,367968,73000,7219,263,3,128,8,13,702,0.3133839123580087,0,0,0,0
4.11,95876350,7,13.49,2016-12-01,5000,0,324088,90000,2240,163,5,136,3,139,682,0.22541344615680733,0,0,1,0
22.17,91207245,5,12.79,2016-10-01,5000,0,68978,120000,16528,215,5,124,4,5,692,0.2258930782682992,1,0,1,0
21.99,92243256,1,5.32,2016-10-01,15000,0,195867,110000,6767,222,3,192,12,59,752,0.24178857354630912,0,0,0,0
7.54,93494559,0,13.99,2016-11-01,16000,0,13758,60000,5408,79,3,61,7,7,677,0.2398335190568419,0,1,0,1
13.12,91047958,4,25.69,2016-10-01,35000,1,681618.6899999992,158000,77108,228,8,199,6,9,692,0.2586338582330572,0,0,0,1
17.44,93993702,2,10.49,2016-11-01,34000,0,111080,187200,12886,262,3,150,5,9,732,0.2398335190568419,0,1,0,0
7.58,90135333,3,14.49,2016-10-01,10000,0,33142,88000,4986,60,7,44,10,43,722,0.3029734287056215,0,1,1,0
15.06,95183483,2,13.99,2016-12-01,24000,1,295418,98153,6273,165,6,168,3,7,662,0.2586338582330572,0,0,0,1
23.4,93740931,1,11.39,2016-11-01,2100,0,302544,74000,9800,260,3,171,7,40,682,0.2586338582330572,0,0,1,0
22.74,94307196,0,13.49,2016-12-01,32000,0,144879,38000,11623,67,3,23,10,13,717,0.30642352237957415,0,0,0,1
29.24,90264461,0,7.59,2016-10-01,35000,0,681618.6899999992,135000,67307,313,1,150,4,4,722,0.23093607081390768,0,0,1,0
25.53,92589359,3,11.49,2016-11-01,30000,0,290826,98672,40947,330,9,141,6,7,672,0.2218279015751931,0,0,0,1
27.1,91864047,3,12.74,2016-10-01,16000,0,40538,75000,12042,188,5,136,11,11,672,0.26936207385807537,0,1,0,1
18.68,91407108,0,7.99,2016-10-01,5000,0,10574,32000,1553,175,5,55,2,13,702,0.2367977506586332,0,1,0,1
6.29,91904380,1,8.24,2016-10-01,10000,0,16176,70456,12710,234,3,41,6,53,672,0.24236974246031542,0,0,0,0
16.63,92767490,0,7.99,2016-11-01,35000,0,91236,150000,56430,218,4,31,3,3,712,0.23093607081390768,0,0,1,0
25.13,91150108,2,8.99,2016-10-01,12000,0,104098,62000,7368,54,3,143,8,26,672,0.2508940045575526,0,0,0,0
23.14,93672797,3,7.99,2016-11-01,27125,0,312782,131000,25799,253,3,167,3,89,762,0.22541344615680733,0,0,0,1
15.54,95577652,2,5.32,2016-12-01,18000,0,172896,125000,7172,161,5,138,5,17,777,0.3029734287056215,0,1,0,0
19.24,92225432,8,15.99,2016-10-01,12000,1,131508,35000,8058,262,13,2,1,1,692,0.2367977506586332,1,0,0,1
9.92,92698216,2,7.99,2016-11-01,10000,1,19819,79000,19819,237,1,129,1,1,717,0.2262116396218806,0,0,1,0
10.92,93652215,0,13.99,2016-11-01,10000,0,239166,104357,2286,333,4,144,13,12,677,0.23846830760717275,0,0,0,1
31.68,95021454,0,11.39,2016-12-01,24000,0,330842,48000,19532,159,6,148,3,4,717,0.22964600222399478,0,0,0,1
22.32,94443610,0,12.74,2016-12-01,6000,1,14817,17000,4055,96,2,154,9,96,702,0.2218279015751931,1,0,0,0
9.02,93998156,1,8.24,2016-11-01,8500,0,500848,175000,17288,151,8,131,1,5,762,0.16197620383450775,0,0,0,0
26.09,91010403,2,9.49,2016-10-01,25525,0,541045,160000,18351,256,5,136,6,15,727,0.1764017439336834,0,0,0,0
29.49,91467711,5,11.49,2016-10-01,32225,1,148744,180000,22768,170,10,121,2,6,722,0.2258930782682992,0,1,0,1
27.16,91723304,1,8.24,2016-10-01,9000,1,65525,60000,10184,184,5,152,7,7,717,0.24772661201898094,0,1,1,0
11.11,91654195,11,26.24,2016-10-01,28000,1,665749,200000,23307,121,10,125,2,2,672,0.21701380971305592,0,0,0,1
26.85,92054465,6,19.99,2016-10-01,10000,1,47491,65000,9678,109,2,105,2,77,667,0.3029734287056215,0,0,0,1
22.85,93890288,0,8.24,2016-11-01,10000,0,367806,45000,6963,245,4,130,13,16,767,0.22391551552496644,0,0,0,0
6.31,91404225,2,10.99,2016-10-01,23000,0,20082,110000,20082,61,4,42,10,16,697,0.2258930782682992,0,1,0,1
10.52,95885533,5,18.99,2016-12-01,13200,1,363399,102000,9347,98,6,105,3,23,677,0.2218279015751931,0,0,1,0
21.26,93584648,0,13.49,2016-11-01,35000,0,92857,156000,21646,91,6,99,10,10,677,0.2586338582330572,0,1,0,1
17.84,91564475,1,13.49,2016-10-01,10000,0,98204,68000,24531,173,8,126,5,16,667,0.1764017439336834,0,0,0,1
22.36,92533699,0,15.99,2016-11-01,21500,0,27521,43000,26388,212,0,130,39,64,682,0.2218279015751931,0,0,0,1
31.7,95148754,1,10.49,2016-12-01,10000,0,73498,58000,9633,74,1,146,19,19,692,0.23093607081390768,0,1,1,0
13.57,91142262,0,8.59,2016-10-01,30000,0,85879,260000,50735,387,1,142,5,29,712,0.2258930782682992,0,1,0,0
5.69,91629534,0,11.44,2016-10-01,6000,0,3534,35000,3002,92,3,61,18,18,762,0.2258930782682992,0,1,0,0
21.35,93604342,6,22.74,2016-12-01,3000,1,45265,23000,1348,115,3,111,3,16,667,0.2218279015751931,0,1,0,1
26.83,91142271,1,14.49,2016-10-01,33150,1,73233,98500,16031,66,3,62,12,13,697,0.22820244156389516,1,0,0,1
32.6,93763290,2,18.99,2016-12-01,6475,1,49918,18000,3986,39,3,124,3,8,692,0.22964600222399478,0,1,0,1
20.24,89785039,1,11.49,2016-10-01,10000,0,30876,68000,16287,241,7,276,9,10,682,0.2508940045575526,0,1,0,1
17.86,96124203,2,13.49,2016-12-01,30000,0,81552,180000,42084,312,9,131,4,11,677,0.1764017439336834,0,1,0,0
7.65,91294539,0,14.49,2016-10-01,15525,0,9006,37000,9006,156,0,132,39,73,737,0.2258930782682992,0,1,1,0
32.8,90698463,1,19.99,2016-10-01,31750,1,210257,125000,18175,338,2,139,4,4,687,0.22820244156389516,0,1,0,0
14.87,92247916,2,17.99,2016-11-01,24000,1,403630,130000,23508,183,9,142,4,5,712,0.2398335190568419,0,0,0,0
8.49,91367697,11,7.99,2016-11-01,21600,0,345843,260000,25651,470,8,138,3,7,702,0.24772661201898094,0,0,1,0
19.39,95836096,0,24.74,2016-12-01,23375,1,163049,75000,24360,73,2,176,17,22,672,0.22820244156389516,0,0,0,1
14.77,94009837,1,5.32,2016-11-01,12000,0,342128,85000,11239,199,6,136,10,12,722,0.2398335190568419,0,0,0,0
15.68,93622136,1,8.24,2016-11-01,5000,1,13134,48000,5464,82,2,74,19,39,667,0.2258930782682992,0,1,1,0
10.02,91182025,0,14.49,2016-10-01,11500,0,18998,68000,10641,134,1,148,15,75,692,0.1764017439336834,0,1,0,1
27.6,90471535,3,17.99,2016-10-01,24000,0,79776,96400,19717,193,7,120,1,1,677,0.2398335190568419,1,0,0,0
11.37,93749715,0,6.99,2016-11-01,9600,0,189861,80000,721,76,2,49,13,28,792,0.24405029299643655,0,0,0,0
5.98,94035156,0,13.99,2016-11-01,27000,0,577375,150000,16083,315,4,139,12,17,692,0.2258930782682992,0,0,0,0
10.11,95227035,0,15.99,2016-12-01,2000,0,9144,40000,1984,26,1,52,13,13,677,0.2367977506586332,0,1,1,0
16.1,95274441,2,11.49,2016-12-01,3000,0,368030,120000,9771,120,5,130,2,6,687,0.16180741466312665,0,0,1,0
11.65,94744438,2,12.74,2016-12-01,16000,0,452535,115000,7394,284,9,111,4,16,732,0.2258930782682992,1,0,1,0
13.48,92778124,0,13.49,2016-11-01,15000,0,34522,93000,11991,196,2,276,16,25,667,0.2367977506586332,0,0,0,0
28.84,91995460,4,16.99,2016-11-01,22000,1,303809,62000,8769,259,7,127,0,13,667,0.16197620383450775,0,0,0,0
12.76,91548027,2,14.99,2016-11-01,11000,1,15633,50400,11324,40,7,22,6,6,692,0.24236974246031542,0,1,0,0
31.04,94285117,5,14.99,2016-12-01,27250,0,103944,90000,27019,219,3,178,9,35,752,0.2258930782682992,0,0,0,1
19.96,91312344,3,16.99,2016-10-01,15000,1,342304,115000,28381,271,9,156,9,9,672,0.22820244156389516,0,0,0,0
21.02,93750582,0,13.49,2016-11-01,25400,0,31645,56450,21892,289,0,56,25,28,717,0.2398335190568419,0,1,0,1
25.3,93942911,1,11.39,2016-11-01,7200,0,208127,72000,13278,101,8,187,3,4,707,0.19155677855117656,0,0,1,0
16.15,91975341,1,10.49,2016-11-01,10000,0,133121,50000,6085,186,3,264,3,3,682,0.24236974246031542,0,0,1,0
28.59,93483734,3,15.99,2016-12-01,11700,1,44089,52000,7818,131,7,251,2,2,667,0.22820244156389516,0,1,1,0
33.41,94449753,3,22.74,2016-12-01,12250,0,219322,68677,13310,248,8,143,14,26,667,0.2367977506586332,0,0,0,1
22.45,94289153,0,8.24,2016-12-01,25000,0,294326,114000,23211,470,1,156,12,25,707,0.2367977506586332,0,0,0,1
22.73,93703613,2,17.99,2016-11-01,2400,0,53991,70000,22557,34,9,147,3,3,672,0.16180741466312665,0,1,1,0
22.36,95066624,3,25.49,2016-12-01,2825,0,25910,30000,1164,100,4,100,4,12,677,0.2218279015751931,0,0,1,0
30.19,95139122,1,10.49,2016-12-01,7200,0,210718,65000,42603,185,8,175,1,5,687,0.2258930782682992,0,0,0,0
16.74,94101947,5,15.99,2016-12-01,9000,0,125438,76000,11417,124,7,146,3,3,682,0.2398335190568419,0,0,0,1
23.51,91092298,0,12.79,2016-10-01,6000,0,56659,80000,39398,186,2,125,14,26,697,0.2218279015751931,1,0,0,0
28.08,93461334,2,11.49,2016-11-01,15000,0,354860,25000,4436,383,2,129,2,12,667,0.2508940045575526,0,0,1,0
7.2,93973295,2,14.99,2016-11-01,10000,0,240004,76500,5921,99,3,146,5,52,747,0.2508940045575526,0,0,1,0
26.9,92647199,4,10.49,2016-11-01,5000,1,50889,70000,37895,144,9,138,3,3,672,0.2586338582330572,1,0,0,0
27.36,94330572,1,8.24,2016-12-01,18000,1,208463,77000,12922,282,4,125,1,16,717,0.22541344615680733,0,0,0,0
19.8,93982209,2,8.24,2016-12-01,6000,0,28496,42000,6341,115,3,150,8,36,667,0.2218279015751931,0,1,1,0
5.11,93133302,6,26.99,2016-12-01,24000,1,8957,60384,8957,234,6,129,8,9,732,0.21658368254620217,0,1,1,0
16.47,92135111,6,12.74,2016-10-01,12000,0,40332,80000,7689,132,6,133,5,5,667,0.24038555719815624,0,1,0,0
16.62,91254901,0,10.99,2016-10-01,10000,0,113244,55000,9021,453,1,94,21,148,697,0.23093607081390768,0,0,0,0
13.22,94271262,4,11.44,2016-12-01,7000,1,145290,55000,7906,38,4,34,5,5,667,0.2218279015751931,1,0,1,0
19.81,93542671,1,17.99,2016-11-01,35000,1,385707,110000,16508,260,2,124,11,12,677,0.2586338582330572,0,0,0,1
9.05,91518980,4,15.99,2016-11-01,29400,0,58414,156000,8977,183,2,57,6,14,667,0.22541344615680733,0,0,1,0
24.94,95347751,3,18.99,2016-12-01,10925,1,56011,65000,26025,198,4,135,7,7,672,0.22541344615680733,0,1,1,0
13.65,92135135,2,13.99,2016-10-01,20000,0,49459,104000,7392,222,4,104,1,12,677,0.2508940045575526,0,1,1,0
22.79,91473995,0,8.99,2016-10-01,9750,0,48418,63456,17255,186,3,184,13,65,667,0.16180741466312665,0,1,0,0
16.11,95258932,3,14.99,2016-12-01,24000,0,57916,63000,57916,227,4,128,5,5,682,0.22391551552496644,0,0,0,0
21.28,92219403,0,7.99,2016-10-01,34200,0,100743,107000,29117,342,4,154,5,5,762,0.19155677855117656,0,0,0,0
22.75,93711676,0,12.74,2016-11-01,24000,0,48182,72000,24557,367,1,151,15,148,717,0.22820244156389516,0,1,0,0
20.5,92164974,4,13.99,2016-11-01,20350,0,86887,71000,5134,147,1,136,23,75,667,0.2218279015751931,0,0,0,0
28.44,91643657,1,19.99,2016-10-01,6650,0,252107,40000,15444,180,5,172,3,34,672,0.2258930782682992,0,0,0,1
8.44,91049082,2,13.99,2016-10-01,4000,0,16819,30000,7457,251,0,139,27,37,667,0.22820244156389516,0,1,0,1
34.14,93822988,0,7.24,2016-11-01,4800,0,232269,65000,22744,105,1,145,15,34,707,0.22820244156389516,0,0,0,0
10.09,92084042,1,16.99,2016-10-01,12000,0,19892,81000,8493,45,3,138,10,10,662,0.2258930782682992,0,1,0,1
12.12,95323616,4,15.99,2016-12-01,5600,0,18711,25000,6086,320,4,150,3,3,682,0.21910964887857984,0,1,1,0
19.31,95149363,3,26.99,2016-12-01,24700,1,28898,64000,3686,71,4,81,6,17,672,0.26936207385807537,0,1,0,1
23.04,95126679,0,7.99,2016-12-01,8000,0,173705,65000,8906,138,2,42,13,13,727,0.2962094049669217,0,0,1,0
29.31,95070548,4,13.49,2016-12-01,16000,0,145115,45000,10491,114,3,106,1,21,672,0.2258930782682992,0,1,0,1
1.73,91000541,1,10.99,2016-10-01,1500,0,49188,45000,2514,137,7,143,10,34,732,0.19155677855117656,1,0,0,0
16.83,93654019,2,15.99,2016-11-01,12000,0,28971,45000,7736,136,4,122,9,68,682,0.2258930782682992,0,1,0,1
25.42,93453756,2,5.32,2016-12-01,20000,1,126907,140000,9938,196,5,97,6,31,702,0.22820244156389516,0,0,0,1
15.5,93197957,4,11.39,2016-11-01,8000,1,33142,55000,5951,276,7,107,3,3,667,0.1935332077454842,0,1,1,0
17.01,94010024,0,8.24,2016-11-01,25000,0,164211,52000,3301,123,3,123,12,46,802,0.1935332077454842,0,0,0,0
7.42,92737416,6,16.99,2016-11-01,20000,1,20004,71500,14145,147,10,128,4,4,667,0.21658368254620217,0,1,1,0
26.44,91374838,3,13.49,2016-10-01,32525,1,474359,92500,24727,271,9,106,3,30,702,0.22820244156389516,0,0,0,1
23.98,94208734,0,11.44,2016-11-01,10000,1,81490,98000,15608,133,3,48,6,19,712,0.24038555719815624,1,0,0,0
18.08,93462553,6,18.99,2016-11-01,14000,0,161236,200000,28675,276,7,124,2,8,667,0.16180741466312665,0,1,1,0
24.57,92648482,1,11.49,2016-11-01,15000,0,61738,66000,10567,106,4,80,2,47,682,0.2218279015751931,1,0,0,1
21.5,94061956,3,7.99,2016-12-01,5000,0,31233,60000,13640,138,6,14,5,8,727,0.2398335190568419,0,1,0,0
4.73,95126364,6,8.24,2016-12-01,18000,0,473349,145000,21486,145,5,129,8,16,702,0.23846830760717275,0,0,0,0
11.51,92145716,5,26.24,2016-11-01,4750,1,11175,55675,5284,42,8,60,3,3,692,0.3029734287056215,1,0,1,0
21.64,95343808,1,22.74,2016-12-01,21650,1,117174,57000,10229,116,6,119,1,8,682,0.21470648544797244,0,0,1,0
22.9,91284631,6,8.99,2016-10-01,19900,0,198547,88000,12856,184,14,163,4,20,662,0.22820244156389516,0,0,1,0
18.88,92319262,7,11.49,2016-11-01,3000,1,42274,56000,5177,125,4,100,11,21,707,0.2398335190568419,0,0,1,0
9.46,93197844,0,11.49,2016-11-01,7000,0,221356,75000,15851,295,4,143,13,13,722,0.1935332077454842,0,0,1,0
14.95,91473770,2,9.49,2016-10-01,29000,1,87888,128000,14296,114,13,144,1,1,762,0.2218279015751931,0,1,1,0
12.65,93493583,1,7.24,2016-11-01,8000,0,180943,105000,9856,179,4,129,9,22,777,0.22820244156389516,0,0,1,0
28.17,93693594,6,13.99,2016-12-01,12000,0,51995,40000,16595,115,2,123,2,2,672,0.22964600222399478,0,1,0,1
16.75,90461762,0,8.59,2016-10-01,15000,1,452584,125000,18683,220,2,175,11,21,682,0.2262116396218806,0,0,1,0
13.52,95259367,3,22.74,2016-12-01,32000,1,43097,64000,17057,35,3,75,2,4,687,0.1764017439336834,0,1,1,0
2.6,93484497,2,8.24,2016-11-01,4000,0,175701,90000,4461,198,3,112,10,17,672,0.23093607081390768,0,0,1,0
12.96,92460675,6,26.24,2016-11-01,29000,0,150785,75000,28019,314,9,123,4,8,702,0.22820244156389516,0,0,1,0
27.83,90321671,0,13.49,2016-10-01,19200,0,351032,115600,88863,212,6,122,6,21,697,0.2435476551350135,0,0,1,0
25.34,94282604,3,17.99,2016-12-01,17100,1,91361,60000,12636,247,4,124,5,5,667,0.23846830760717275,0,1,0,0
28.82,94080300,3,15.99,2016-12-01,28725,1,334470,83000,38458,133,4,136,7,10,687,0.16180741466312665,0,0,0,0
9.44,91594116,0,5.32,2016-10-01,6400,0,216120,120000,5693,420,3,241,14,26,682,0.2586338582330572,0,0,1,0
12.89,92836378,1,7.99,2016-11-01,35000,0,265036,222033,18126,284,4,123,14,15,697,0.2586338582330572,0,0,0,1
16.8,95028869,2,19.99,2016-12-01,13425,1,22822,72000,6933,55,4,50,4,4,682,0.19155677855117656,0,0,0,1
7.93,91678759,4,12.74,2016-12-01,24000,0,512699,133000,15599,127,7,160,1,2,662,0.26936207385807537,0,0,0,0
31.64,94249412,2,19.99,2016-12-01,35000,1,222870,88000,38972,257,3,71,2,2,697,0.2218279015751931,0,0,0,1
23.81,95315322,5,18.99,2016-12-01,12000,0,366752,121000,23157,157,9,276,4,6,687,0.25400944474180537,0,0,0,0
15.88,95296811,4,16.99,2016-12-01,11625,1,15117,27827,15117,158,9,156,3,3,682,0.21658368254620217,0,0,0,1
21.66,93695598,3,13.99,2016-11-01,6100,1,484939,60000,18588,122,5,86,1,1,662,0.16337446126458402,0,0,0,0
19.23,90237426,2,12.79,2016-10-01,7150,1,25227,38875,5337,131,10,183,2,7,752,0.2586338582330572,0,1,0,1
15.91,91232982,8,17.99,2016-10-01,16125,0,189285,104000,11709,158,9,147,1,11,677,0.16337446126458402,0,0,0,1
34.21,91503553,0,12.79,2016-10-01,9000,1,42261,65000,9758,106,4,179,15,20,682,0.22820244156389516,0,0,0,0
15.36,92135298,3,8.24,2016-11-01,6000,0,46817,77000,22677,134,3,111,6,37,687,0.2218279015751931,0,1,1,0
4.41,94159730,0,7.49,2016-12-01,17000,0,318367,250000,13217,224,1,174,21,21,702,0.22820244156389516,0,0,1,0
16.42,92942212,3,11.39,2016-11-01,35000,0,208936,80000,76382,300,3,51,2,2,777,0.2586338582330572,0,0,1,0
23.22,93032508,1,8.24,2016-11-01,2500,0,135348,60000,14553,204,4,178,13,13,732,0.19155677855117656,0,0,1,0
17.77,91152238,5,8.24,2016-11-01,32000,1,310931,250000,26057,206,11,111,3,3,667,0.22820244156389516,0,0,0,1
4.62,91555820,2,8.24,2016-11-01,1200,0,3719,40000,3719,158,4,148,4,4,667,0.22541344615680733,0,1,1,0
9.81,93852139,4,7.99,2016-12-01,10000,1,237198,120000,4758,141,6,127,1,5,712,0.2508940045575526,0,0,0,0
11.6,93770604,1,25.49,2016-12-01,25200,1,18372,63000,1497,185,5,108,1,1,672,0.26936207385807537,0,1,0,1
26.63,91312256,2,16.99,2016-10-01,30000,1,57934,69926,36785,143,5,149,9,9,702,0.21910964887857984,1,0,0,1
33.71,94285825,0,7.24,2016-11-01,5000,0,264587,100000,26725,218,9,147,1,11,712,0.14194112958139316,0,0,1,0
28.85,91231963,4,14.49,2016-10-01,8000,0,100052,108720,42376,251,4,133,6,14,687,0.2258930782682992,0,1,1,0
16.65,92055000,0,7.99,2016-10-01,16000,0,25387,55200,7526,187,3,48,5,49,757,0.2258930782682992,0,1,0,0
16.06,95238327,4,13.99,2016-12-01,16650,0,466613,73000,16411,181,11,100,4,4,697,0.2586338582330572,1,0,0,0
18.49,93949742,6,11.49,2016-11-01,10000,0,30596,39000,10913,232,11,116,7,9,687,0.24236974246031542,1,0,1,0
22.96,91354589,1,8.99,2016-10-01,15000,0,223332,75000,15013,204,3,205,7,43,717,0.2258930782682992,0,1,1,0
14.38,93022305,2,11.49,2016-11-01,3000,0,32720,72000,3661,200,6,151,8,8,712,0.2398335190568419,1,0,1,0
11.52,91384240,3,10.49,2016-10-01,15000,0,141696,69000,6014,163,4,143,7,7,662,0.16337446126458402,0,1,1,0
10.25,91198160,0,10.99,2016-10-01,13200,0,33712,95000,18676,289,1,140,14,53,662,0.22820244156389516,0,1,1,0
19.23,95159524,1,17.99,2016-12-01,8000,1,83496,45000,7893,149,7,112,11,16,662,0.2508940045575526,0,0,0,1
12.24,95292811,4,5.32,2016-12-01,35000,1,321827,145000,34277,470,4,118,5,12,702,0.22820244156389516,0,0,0,1
6.42,91632518,2,12.74,2016-11-01,10000,0,334285,72000,10763,110,2,86,6,19,692,0.1764017439336834,0,0,0,0
20.06,91348056,5,11.44,2016-10-01,9600,0,27530,60000,5579,204,5,133,3,4,687,0.2258930782682992,0,0,0,0
9.48,91984857,2,6.99,2016-11-01,15000,0,148959,63000,1489,218,3,151,15,15,732,0.2367977506586332,0,0,0,0
15.2,92248872,1,17.99,2016-11-01,14400,0,143016,76500,11485,108,6,136,7,7,687,0.21910964887857984,0,0,1,0
15.73,91692536,4,10.49,2016-10-01,21000,0,159792,95000,5636,113,5,163,1,19,662,0.22820244156389516,0,0,1,0
16.2,90414381,1,11.49,2016-10-01,25000,0,92461,70800,15165,253,4,148,7,12,707,0.21658368254620217,0,0,0,0
18.81,90061067,0,10.49,2016-10-01,20150,1,269131,48600,25062,164,1,70,19,29,677,0.22541344615680733,0,0,0,1
20.37,93912083,4,15.99,2016-11-01,17625,0,681618.6899999992,100000,21922,211,6,144,1,24,667,0.23093607081390768,1,0,0,0
24.22,92460239,3,23.99,2016-11-01,20000,1,60434,55000,13982,100,8,84,7,10,672,0.2258930782682992,0,1,1,0
29.53,92134265,7,8.24,2016-10-01,32000,0,681618.6899999992,255900,105349.48000000001,339,9,113,5,47,662,0.22820244156389516,1,0,0,1
15.94,92113723,3,5.32,2016-10-01,2500,0,45122,61000,993,129,1,241,9,28,792,0.2398335190568419,0,0,1,0
25.82,95324913,5,10.49,2016-12-01,35000,1,298969,130000,12055,232,4,221,4,18,772,0.2218279015751931,0,0,0,1
21.32,93031579,6,13.99,2016-11-01,8000,0,65471,100000,1773,65,16,32,4,10,732,0.2258930782682992,0,1,1,0
19.94,93178025,6,17.99,2016-11-01,10000,0,97531,60000,12788,82,16,75,2,7,682,0.22820244156389516,0,1,1,0
15.47,91658197,2,11.44,2016-10-01,14400,0,227300,80000,23045,145,4,124,11,20,672,0.23093607081390768,0,0,1,0
27.52,91517873,1,8.24,2016-10-01,15000,0,160070,45000,10179,239,9,100,1,1,682,0.25400944474180537,0,0,0,0
20.11,92759341,4,7.49,2016-11-01,14000,0,147274,56867,9675,218,2,237,10,44,732,0.19155677855117656,0,0,0,0
30.86,95182454,1,15.99,2016-12-01,7200,0,370348,70000,12632,298,6,217,3,3,682,0.23846830760717275,0,1,1,0
12.78,92237246,0,13.49,2016-11-01,6000,0,60802,31000,7522,17,3,74,10,16,682,0.2398335190568419,0,1,0,1
12.38,94341977,2,14.99,2016-11-01,22500,0,12190,45000,11360,188,4,22,3,36,777,0.22820244156389516,0,0,0,0
9.89,92134342,1,11.39,2016-10-01,2500,1,39081,25000,4672,303,2,84,20,21,677,0.21701380971305592,0,1,1,0
20.89,95068245,0,11.44,2016-12-01,12000,0,140668,91000,12626,127,1,138,14,34,687,0.2586338582330572,0,0,0,1
3.1,95351903,0,11.49,2016-12-01,5000,0,3611,43600,3611,115,3,129,8,8,692,0.2586338582330572,0,0,1,0
20.49,95246144,4,14.99,2016-12-01,10000,1,14520,39000,14520,470,6,182,5,5,662,0.1764017439336834,0,0,0,1
13.83,91961856,3,11.39,2016-10-01,5800,0,78386,48000,5185,157,15,158,7,8,682,0.24772661201898094,0,0,1,0
19.91,91651091,0,8.24,2016-10-01,20000,0,210996,41000,8170,181,5,155,11,148,712,0.23846830760717275,0,0,0,1
27.68,94626213,0,14.99,2016-12-01,25000,0,68759,75000,24069,158,1,124,1,1,752,0.25450503330821056,0,1,0,0
5.52,94327895,5,6.99,2016-11-01,10000,0,190740,60000,5209,108,5,25,1,1,772,0.2367977506586332,0,0,1,0
24.74,94132935,8,8.24,2016-12-01,10000,1,261862,95000,20864,204,11,170,7,9,747,0.25400944474180537,0,0,0,0
11.33,92574885,0,11.44,2016-11-01,35000,0,227978,162000,19892,132,6,144,3,5,717,0.2367977506586332,0,0,1,0
26.3,95317516,1,15.99,2016-12-01,10000,0,55862,48000,13551,177,6,97,1,1,677,0.22820244156389516,0,1,1,0
23.93,92577329,1,11.39,2016-11-01,2100,0,104558,95000,5518,124,7,179,5,14,667,0.2258930782682992,0,1,1,0
24.68,92589250,8,21.49,2016-11-01,1000,0,46408,55000,10919,157,7,53,13,19,667,0.21910964887857984,0,1,1,0
30.61,93328352,1,19.99,2016-11-01,25650,0,95985,57000,20726,222,4,253,5,5,662,0.2398335190568419,0,0,0,1
33.52,93525094,4,26.24,2016-11-01,16000,1,260740,53574,9316,35,10,73,4,10,672,0.21658368254620217,0,0,0,1
18.82,95333116,0,21.49,2016-12-01,10000,1,11396,25000,11396,191,1,51,4,4,722,0.2258930782682992,0,1,1,0
23.83,92490547,2,21.49,2016-11-01,5325,1,8083,16716,8083,434,9,131,5,56,667,0.2218279015751931,0,1,0,1
9.66,90865416,0,26.99,2016-10-01,5000,0,5301,42000,0,273,7,161,3,5,662,0.24178857354630912,0,1,0,1
21.7,93872159,2,16.99,2016-12-01,13200,0,35878,60000,3005,65,7,65,6,6,667,0.22820244156389516,0,1,0,1
8.45,95296223,2,7.99,2016-12-01,9000,0,281465,90000,7635,215,6,133,3,24,692,0.3029734287056215,0,0,1,0
26.27,92981266,0,11.39,2016-11-01,11000,0,15064,35000,6551,239,1,133,23,29,677,0.21701380971305592,0,1,0,1
15.12,91278056,0,5.32,2016-10-01,15000,0,270590,150000,27844,391,6,55,7,7,792,0.24178857354630912,0,0,0,0
27.73,91814095,2,26.99,2016-10-01,15000,1,50986,45000,7032,145,6,126,12,12,672,0.22820244156389516,1,0,1,0
18.13,94237726,2,16.99,2016-11-01,1000,0,14625,27000,1007,20,2,93,18,20,682,0.24236974246031542,0,1,0,1
21.38,93843057,0,24.74,2016-12-01,23000,1,42129,48000,42129,312,0,107,39,69,707,0.16180741466312665,0,1,1,0
26.9,94750747,2,19.99,2016-12-01,16000,0,273630,77000,27512,231,7,173,4,4,662,0.22964600222399478,0,1,1,0
11.54,92749197,1,8.24,2016-11-01,10000,0,231373,75000,20647,289,11,150,2,4,692,0.2258930782682992,0,0,1,0
29.73,92260897,3,8.24,2016-11-01,28000,1,291053,185000,96277,200,0,218,26,28,722,0.2262116396218806,0,1,0,1
11.04,90895540,4,12.74,2016-10-01,12000,0,29629,66000,16688,74,6,60,9,56,687,0.22820244156389516,0,0,1,0
1.82,91685589,2,7.99,2016-11-01,8000,1,2094,50000,2094,75,3,120,5,5,697,0.3029734287056215,1,0,1,0
15.24,94382616,1,14.99,2016-12-01,3025,0,179527,56000,5589,44,1,131,10,10,677,0.21658368254620217,1,0,1,0
23.16,92084743,12,18.99,2016-11-01,15000,1,40700,50000,7801,154,8,151,1,1,682,0.2218279015751931,0,0,1,0
24.88,91803534,5,8.24,2016-10-01,28000,0,370846,100000,39559,147,10,139,0,10,707,0.2258930782682992,0,0,0,0
8.94,93811410,4,14.99,2016-12-01,22500,0,174097,260000,65698,221,5,106,3,3,702,0.2398335190568419,0,0,1,0
22.15,94457609,1,16.99,2016-12-01,5000,1,13964,23000,5149,40,2,20,8,8,677,0.22820244156389516,0,1,1,0
14.82,91960005,6,15.99,2016-10-01,10000,0,144868,52000,4569,265,8,143,6,14,682,0.2508940045575526,0,0,0,0
21,90392915,0,14.49,2016-10-01,24000,0,178168,60000,16564,166,4,158,3,94,662,0.24038555719815624,0,0,0,1
13.58,91356563,0,8.24,2016-10-01,5400,0,75427,92000,3301,133,4,154,6,20,787,0.24405029299643655,0,1,0,0
10.46,95148926,0,8.24,2016-12-01,15000,1,164692,100000,26540,231,5,124,7,7,677,0.2367977506586332,0,0,0,0
23.05,89989389,4,6.99,2016-10-01,4000,0,463714,83000,6347,177,5,264,3,12,707,0.2586338582330572,0,0,0,0
13.81,95080818,1,13.49,2016-12-01,30000,0,45802,125000,17841,128,7,114,3,16,747,0.24038555719815624,0,1,0,1
33.05,94100560,2,13.99,2016-12-01,12000,0,33536,50000,4680,64,7,75,2,3,707,0.2508940045575526,0,1,0,1
9.71,94206208,1,7.99,2016-11-01,20000,0,159728,86000,7552,123,1,66,3,49,692,0.2218279015751931,0,0,1,0
27.13,93831040,2,19.99,2016-12-01,12000,0,65552,68640,18692,113,7,276,8,14,667,0.2398335190568419,0,1,0,1
11.88,94360158,0,8.24,2016-12-01,10000,0,34766,80000,4806,110,4,115,9,9,717,0.26936207385807537,0,1,0,0
18.4,94139467,3,11.49,2016-12-01,5000,0,25253,60000,10248,181,5,181,2,12,662,0.2258930782682992,0,1,0,1
20.8,93831159,0,18.99,2016-11-01,19250,0,113505,130000,38329,436,2,155,10,33,662,0.22820244156389516,0,0,1,0
9.31,92246293,3,10.49,2016-11-01,10000,0,199989,78000,10462,305,7,120,3,3,672,0.21470648544797244,0,0,0,0
4.9,94152512,0,26.99,2016-12-01,12000,0,8380,60000,8380,131,4,103,7,11,667,0.19155677855117656,0,1,1,0
15.89,94414362,3,11.44,2016-12-01,12000,0,30053,76000,6528,240,11,161,2,4,707,0.2218279015751931,0,1,0,0
27.46,94103458,5,16.99,2016-12-01,5000,0,92354,58000,36061,211,16,156,2,2,687,0.21658368254620217,0,1,1,0
22.16,91291625,1,24.49,2016-10-01,16575,1,42894,45000,13787,208,1,46,19,27,742,0.3133839123580087,0,0,0,0
15.91,94293801,1,11.49,2016-12-01,3500,0,10792,56000,470,319,1,149,13,12,677,0.24405029299643655,0,1,1,0
21.75,90181902,2,12.79,2016-10-01,10700,1,9507,40000,3531,51,1,52,5,5,662,0.1764017439336834,0,1,1,0
20.25,91973224,3,13.99,2016-10-01,12000,0,111326,90000,8136,171,8,108,6,21,672,0.2218279015751931,0,0,1,0
26.47,91131628,1,15.59,2016-10-01,5000,0,22779,35000,6616,167,7,135,1,17,667,0.21658368254620217,0,1,0,1
18.46,94269067,1,18.99,2016-12-01,19150,0,311352,60000,24540,182,2,197,15,73,687,0.24772661201898094,0,0,0,1
24.44,91873335,2,13.49,2016-10-01,27950,0,321536,120000,7550,174,7,194,9,9,762,0.2398335190568419,0,0,1,0
10.53,93115648,5,26.99,2016-11-01,21375,1,9604,50400,5400,157,1,110,6,42,672,0.2367977506586332,0,1,0,0
12.18,92409492,3,7.49,2016-11-01,24000,0,632527,260000,18579,126,5,188,9,57,702,0.25400944474180537,0,0,0,1
23.41,91833549,1,24.74,2016-10-01,30000,0,217071,78800,29907,269,4,151,2,2,702,0.24038555719815624,0,0,1,0
28.52,94223084,4,10.49,2016-12-01,12000,1,190944,60000,16107,51,6,40,5,14,677,0.21658368254620217,0,0,1,0
15.69,92124538,5,11.44,2016-11-01,25000,0,39181,80000,39181,318,7,62,1,2,667,0.2258930782682992,0,0,1,0
10.96,95008796,8,11.49,2016-12-01,7500,0,29698,53000,2263,63,6,56,3,15,712,0.22820244156389516,0,1,0,1
7.52,95377207,0,8.24,2016-12-01,3500,0,1664,50000,278,180,3,156,6,6,677,0.22391551552496644,0,1,0,0
18.2,92849024,12,17.99,2016-11-01,16800,1,44205,86000,4073,47,5,81,2,2,677,0.23093607081390768,0,1,1,0
32.08,95018252,0,21.49,2016-12-01,22275,1,188780,61500,22592,111,2,106,21,21,697,0.25400944474180537,0,0,0,1
19.18,91417683,0,16.99,2016-10-01,3575,0,23168,52000,12027,196,9,139,1,1,682,0.2398335190568419,0,1,0,0
15.63,94135471,5,21.49,2016-12-01,30000,0,190224,125000,17204,167,9,139,9,12,682,0.22820244156389516,1,0,1,0
12.53,94237358,2,18.99,2016-12-01,8000,1,160081,25000,7770,36,7,135,2,2,667,0.24236974246031542,0,1,1,0
2,95183824,1,11.39,2016-12-01,4200,0,2538,45000,2139,37,4,59,4,4,737,0.2258930782682992,0,1,1,0
24.11,92023425,0,6.99,2016-11-01,10000,0,31625,75000,9490,131,4,91,11,11,722,0.3029734287056215,0,0,0,1
17.36,94045498,3,15.99,2016-12-01,20000,0,254134,75000,8397,118,3,96,3,3,697,0.2258930782682992,0,0,0,1
13.8,94666710,4,13.49,2016-12-01,11200,0,282365,90000,4505,445,1,160,2,134,667,0.24405029299643655,0,0,0,0
25.81,95206909,1,11.44,2016-12-01,10000,0,90888,44236,2316,247,3,115,4,19,677,0.22541344615680733,0,1,0,1
29.92,94013168,0,22.74,2016-11-01,17075,0,358291,69900,11688,233,11,160,3,3,702,0.24178857354630912,0,0,1,0
16.27,94438002,2,8.24,2016-12-01,11200,1,16224,50000,10970,189,7,129,5,18,662,0.22541344615680733,1,0,1,0
7.52,91286292,2,13.49,2016-10-01,35000,0,681618.6899999992,260000,9158,361,5,62,6,60,712,0.2258930782682992,0,0,1,0
29.25,92629127,1,22.74,2016-11-01,32000,0,295099,65000,41489,152,1,120,24,24,667,0.2258930782682992,0,0,0,1
20.96,94861423,2,14.99,2016-12-01,3550,0,6875,22152,3906,37,12,17,5,5,667,0.2258930782682992,0,1,0,1
30.94,92203305,4,14.99,2016-10-01,19000,1,245408,87000,16241,132,9,112,0,0,727,0.22820244156389516,0,0,0,0
19.19,91733805,0,8.24,2016-10-01,1200,0,68343,85000,14545,135,2,96,1,52,677,0.2398335190568419,0,1,1,0
11.95,91689419,0,13.99,2016-10-01,5000,0,12472,49000,11075,192,3,138,9,9,662,0.1089257395525156,0,1,1,0
14.32,95004486,4,18.99,2016-12-01,28000,1,68600,160000,4031,149,5,134,2,2,682,0.2258930782682992,0,0,0,1
16.9,95815653,1,7.24,2016-12-01,10800,0,210011,89000,51640,160,2,123,8,8,687,0.21658368254620217,0,0,1,0
24.03,91002514,7,24.99,2016-10-01,20000,0,60266,67728,11407,94,7,202,11,23,667,0.2586338582330572,0,0,0,1
21.87,93789418,3,21.49,2016-11-01,2375,0,14341,21465.6,964,15,3,38,10,11,662,0.2258930782682992,0,1,0,1
27.09,93462591,4,15.99,2016-11-01,10000,0,132672,58201,9630,254,5,255,4,12,732,0.24236974246031542,0,0,0,0
10.34,94029454,3,25.49,2016-11-01,10000,0,27287,62000,2944,122,3,169,0,4,687,0.2398335190568419,0,1,1,0
14.48,57296591,0,15.99,2016-12-01,5000,0,30457,89000,10291,84,5,32,2,11,662,0.2398335190568419,1,0,0,0
22.56,92852105,2,18.99,2016-11-01,24000,0,431837,150000,50946,197,10,180,5,12,672,0.2367977506586332,0,0,0,1
30.64,94009732,0,16.99,2016-11-01,6000,0,40818,30000,34771,454,3,18,4,23,662,0.2367977506586332,1,0,1,0
28.82,94375519,4,15.99,2016-12-01,10000,0,228910,60000,15284,263,6,149,2,63,662,0.24038555719815624,0,0,0,0
31.38,93412205,6,21.49,2016-11-01,15200,0,16437,40000,10502,287,7,127,5,5,687,0.2258930782682992,0,1,0,0
22.36,91373700,0,13.99,2016-10-01,10850,1,13202,30000,5016,68,2,143,18,19,722,0.25400944474180537,0,1,0,0
19.8,93665159,2,13.49,2016-12-01,24000,1,77262,86000,15770,306,3,125,3,3,662,0.24405029299643655,0,0,1,0
14.96,90736757,1,8.99,2016-10-01,7500,0,269547,73000,11167,356,4,138,3,3,707,0.26936207385807537,0,0,0,0
2.11,95060977,12,26.99,2016-12-01,11100,1,610,37000,610,138,3,114,4,4,777,0.2258930782682992,0,0,1,0
15.76,91545213,7,22.74,2016-10-01,30000,0,88024,130000,3515,146,2,60,4,40,677,0.2258930782682992,1,0,0,1
15.47,92537812,6,16.99,2016-11-01,10000,0,31279,62000,3245,269,9,140,3,5,672,0.2218279015751931,1,0,1,0
32.44,91455103,1,12.74,2016-10-01,17175,0,397220,83700,69342,441,1,109,2,29,672,0.16197620383450775,0,0,0,1
25.36,94222796,1,13.49,2016-12-01,5000,1,62061,60000,11052,331,5,178,10,10,672,0.1935332077454842,0,1,0,0
26.23,89805916,4,10.99,2016-10-01,6000,1,320352,106000,26561,101,16,67,2,4,717,0.2367977506586332,0,0,0,0
31.44,92005025,2,11.44,2016-11-01,21325,0,236400,75000,33145,166,3,148,5,23,692,0.22820244156389516,0,0,0,0
14.61,94461354,2,17.99,2016-12-01,19600,0,18815,40000,12965,53,5,140,5,5,682,0.24772661201898094,0,1,0,1
12.41,92728476,3,13.49,2016-11-01,7500,0,52069,100000,1012,168,1,153,4,45,687,0.2962094049669217,0,1,1,0
12.35,91182188,3,9.49,2016-10-01,18700,0,329165,92000,11700,189,2,134,4,26,772,0.26936207385807537,0,0,0,0
29.88,92571032,0,15.99,2016-11-01,4800,0,20892,30000,12206,120,3,86,7,7,672,0.25400944474180537,0,0,0,1
18.35,94291504,3,11.49,2016-12-01,5000,0,82191,41000,3993,143,4,148,2,53,747,0.24236974246031542,0,0,0,0
10.23,91042339,0,9.49,2016-10-01,10800,0,22508,90000,18476,375,4,17,2,2,762,0.2294121971136406,0,0,0,0
26.75,92262191,1,8.24,2016-11-01,3500,0,197066,42000,23550,130,2,134,2,2,687,0.2367977506586332,0,0,0,1
15,94108485,2,6.99,2016-12-01,20000,0,227482,116000,15181,312,9,141,6,6,687,0.1935332077454842,0,0,0,1
9.62,93675539,0,25.49,2016-11-01,22875,0,155056,65000,3040,140,2,72,11,11,672,0.2262116396218806,0,0,0,1
28.32,92025428,3,26.99,2016-11-01,24150,1,184566,79000,18972,262,8,125,5,5,702,0.21701380971305592,0,0,0,1
4.54,94181652,1,17.99,2016-12-01,12000,0,119126,50000,4922,470,2,129,6,27,682,0.25450503330821056,0,0,0,0
15.61,94468330,3,11.49,2016-12-01,10000,1,33889,55120,7749,242,3,100,5,34,662,0.24405029299643655,0,0,1,0
8.55,91733371,0,8.24,2016-12-01,5000,0,21167,25000,5044,101,0,63,29,29,662,0.22964600222399478,0,0,1,0
21.12,95002347,1,26.99,2016-12-01,18000,0,26821,62000,12188,150,7,43,1,17,692,0.23093607081390768,0,1,1,0
17.41,93177682,2,7.24,2016-11-01,29800,0,187550,240000,51469,227,5,113,15,28,722,0.24236974246031542,0,0,0,0
22.09,94287238,0,21.49,2016-11-01,12000,1,64506,35000,13555,149,3,137,5,5,772,0.21910964887857984,0,1,0,0
11.93,94556685,0,7.24,2016-12-01,10000,0,143577,90000,5098,112,5,133,5,5,727,0.3133839123580087,0,0,0,0
18.59,94103581,4,12.74,2016-12-01,3600,0,17367,43000,7622,212,8,117,2,3,667,0.24772661201898094,0,0,1,0
26.67,93279796,4,24.74,2016-12-01,13050,0,70717,80000,15402,295,8,145,1,8,662,0.2962466441080822,0,0,1,0
29.09,93545407,3,21.49,2016-12-01,24000,0,135040,109000,14050,106,7,213,4,73,677,0.3029734287056215,0,1,1,0
14.01,93701882,0,7.99,2016-11-01,6000,0,193180,88000,7369,239,2,37,18,43,707,0.3133839123580087,0,0,0,0
18.01,94354938,8,24.74,2016-12-01,21600,1,23030,95000,4014,123,12,143,3,10,677,0.2258930782682992,0,1,1,0
18.12,94283536,5,8.24,2016-12-01,6000,0,188134,57000,2322,165,5,126,11,16,747,0.2294121971136406,0,1,0,0
27.5,91486027,0,11.44,2016-10-01,8000,1,73797,96000,32097,326,1,175,17,122,712,0.2258930782682992,0,1,0,0
30.48,91613082,0,15.59,2016-11-01,20000,1,32222,56000,5294,82,5,140,7,31,682,0.2258930782682992,0,1,1,0
14.88,94433734,2,14.99,2016-12-01,9600,0,13247,43000,9099,37,8,12,7,7,672,0.2398335190568419,0,1,0,1
10.74,95334976,2,13.49,2016-12-01,14400,1,9302,60000,7297,236,3,140,4,10,672,0.21701380971305592,0,1,1,0
26.67,93769587,7,13.99,2016-11-01,15000,0,427105,155000,49319,362,9,142,8,15,677,0.21658368254620217,0,0,0,0
20.86,92739505,2,8.24,2016-11-01,20000,0,331889,89568,18521,174,9,127,2,5,727,0.2398335190568419,0,0,0,1
14.63,94463477,6,18.99,2016-12-01,20400,0,193212,58000,9776,88,5,97,3,8,677,0.2586338582330572,0,0,1,0
16.62,92564085,1,7.49,2016-11-01,12000,1,159970,65000,12471,106,2,102,1,1,692,0.23846830760717275,0,0,1,0
20.8,95151298,3,13.99,2016-12-01,5600,1,35812,75000,5091,262,6,149,1,1,662,0.25400944474180537,0,1,0,0
32.54,94249920,3,22.74,2016-12-01,15000,1,76776,85000,17316,33,7,38,2,12,687,0.23846830760717275,0,1,1,0
31.13,91278121,5,14.49,2016-10-01,8000,1,199034,50000,5855,142,4,143,5,23,682,0.2258930782682992,0,0,1,0
28.9,91041653,5,17.99,2016-10-01,35000,1,287344,170000,32251,63,16,162,3,3,662,0.22820244156389516,0,0,0,1
1.7,91385094,1,18.99,2016-10-01,6000,0,79535,24000,1221,33,1,85,17,17,712,0.22820244156389516,0,1,0,1
15.29,91092547,3,11.44,2016-11-01,5000,0,431480,112000,20335,161,4,52,6,6,687,0.2258930782682992,0,0,1,0
22.47,93207299,3,11.44,2016-11-01,20000,0,48529,80000,17339,134,7,126,2,3,662,0.2258930782682992,0,1,0,1
16.48,91306115,2,12.79,2016-10-01,12000,0,10665,47840,8848,134,5,44,11,11,667,0.2508940045575526,0,1,0,0
12.45,91434197,1,5.32,2016-10-01,25000,0,681618.6899999992,150000,105349.48000000001,254,3,135,11,32,787,0.19155677855117656,1,0,0,0
8.64,95885508,5,11.39,2016-12-01,8000,0,269634,55000,8913,171,7,243,5,5,662,0.2258930782682992,0,0,0,0
6.96,93378367,7,11.39,2016-11-01,6275,0,241947,85000,3766,196,1,110,6,51,677,0.21910964887857984,0,0,1,0
3.03,91483519,9,13.49,2016-10-01,4000,1,14597,46000,2257,106,1,118,14,32,672,0.2258930782682992,0,1,1,0
21,92174473,0,13.99,2016-11-01,16000,1,27836,50000,13160,61,0,31,29,47,662,0.14194112958139316,0,1,1,0
31.44,93674720,6,16.99,2016-11-01,10000,0,337236,81939,78762,151,5,125,4,36,672,0.23846830760717275,0,0,0,1
12.9,94120047,0,12.74,2016-12-01,30000,0,30561,60000,30561,165,1,125,16,16,712,0.2258930782682992,0,1,1,0
4.35,94410141,1,8.24,2016-12-01,28000,0,81883,105893,3868,323,2,99,4,41,827,0.22820244156389516,0,0,0,0
22.13,92125592,0,12.74,2016-11-01,12000,0,32294,32000,32294,385,5,173,11,17,717,0.2586338582330572,1,0,0,0
8.31,91251466,0,5.32,2016-10-01,12000,0,197230,120000,10846,189,3,184,6,49,787,0.25220620065309657,0,0,0,0
29.42,93839719,1,6.99,2016-11-01,1000,0,73168,80000,15534,193,2,147,10,10,737,0.22820244156389516,0,1,0,0
23.18,94394405,3,11.39,2016-12-01,10000,0,207428,48300,13387,118,3,123,3,34,727,0.14194112958139316,0,1,1,0
19.99,92214001,2,14.99,2016-10-01,4200,1,372321,82000,16913,134,9,147,2,14,687,0.24405029299643655,0,0,0,1
20.2,92238421,1,13.99,2016-10-01,8000,0,27624,47000,5621,84,6,102,1,1,672,0.22820244156389516,0,1,1,0
6.15,91523746,3,7.99,2016-10-01,10000,0,14923,98000,7989,175,1,131,14,61,697,0.1764017439336834,0,0,0,0
20.5,92828955,2,19.99,2016-11-01,22375,1,37019,50880,18619,161,3,22,5,15,687,0.19155677855117656,0,1,0,1
22.74,91158615,7,26.99,2016-10-01,35000,0,142432,110000,6303,159,16,168,2,3,712,0.2258930782682992,0,1,0,1
28.77,93811543,6,14.99,2016-12-01,18000,0,407402,80000,77687,241,6,127,4,25,717,0.16180741466312665,0,1,1,0
23.7,93749815,0,7.49,2016-11-01,14400,1,62679,92500,31433,124,9,28,0,0,687,0.22820244156389516,0,1,1,0
31.43,95267115,2,22.74,2016-12-01,13300,0,84055,43000,5594,56,11,92,6,10,677,0.24178857354630912,0,0,1,0
20.09,91456030,0,5.32,2016-10-01,6000,0,106437,50000,6674,222,1,68,17,100,787,0.24236974246031542,0,0,1,0
11.91,91289686,2,17.99,2016-10-01,33600,0,279764,80000,9892,223,2,138,8,13,727,0.1764017439336834,0,0,0,1
17.58,93575821,1,25.49,2016-11-01,10000,0,11575,31000,5205,121,11,13,1,1,702,0.2398335190568419,0,1,0,1
14.45,91171544,7,13.49,2016-10-01,7000,0,52214,101000,29600,197,3,133,6,6,667,0.2218279015751931,0,1,0,0
16.14,94337462,2,15.99,2016-11-01,25000,0,389757,80000,64150,126,7,202,1,42,712,0.24236974246031542,0,0,0,0
21.29,92667702,2,11.44,2016-11-01,5000,0,59426,34500,4921,232,10,134,2,12,677,0.3133839123580087,0,1,0,1
14.84,92728536,2,14.99,2016-11-01,19450,0,112525,54000,10268,178,3,150,5,24,677,0.21658368254620217,0,0,0,1
18.51,92573465,9,11.39,2016-11-01,35000,0,417147,145000,17761,162,4,149,9,9,777,0.2508940045575526,0,0,0,1
15.35,90726223,5,14.49,2016-10-01,28000,1,310594,140000,39535,313,16,161,2,2,712,0.2258930782682992,0,0,1,0
17.3,93552467,3,11.39,2016-11-01,10000,0,118900,75000,10172,147,6,133,1,69,672,0.1935332077454842,0,1,0,0
7.77,94397712,3,16.99,2016-12-01,6525,1,21027,70000,6066,268,2,131,1,1,692,0.2258930782682992,1,0,0,0
17.59,93616359,5,11.44,2016-11-01,5000,0,32929,65000,2423,183,7,125,4,6,662,0.24178857354630912,0,1,1,0
23.09,91089727,0,16.99,2016-10-01,15950,0,296837,62000,37392,242,3,106,21,23,722,0.26936207385807537,0,0,0,1
23.74,91232408,1,18.99,2016-10-01,2550,0,31788,42000,5697,222,4,57,7,7,682,0.24772661201898094,0,0,1,0
18.98,93655395,1,11.39,2016-11-01,35000,0,260953,92000,64260,311,1,87,8,59,697,0.24772661201898094,0,0,0,1
4.86,90438235,0,5.32,2016-10-01,28000,0,178154,140000,20150,158,1,179,9,9,732,0.2218279015751931,0,0,1,0
12.55,94075339,0,7.99,2016-11-01,3000,0,28449,33571,1357,94,3,87,10,13,712,0.16180741466312665,0,1,0,1
6.22,92115332,2,14.99,2016-10-01,20000,1,37092,100000,18601,88,3,129,17,24,667,0.22541344615680733,0,1,1,0
16.49,94011452,1,8.24,2016-12-01,5000,0,9214,20970,9214,141,1,115,9,106,662,0.22541344615680733,0,1,1,0
11.45,91681295,4,12.74,2016-10-01,6000,0,314125,90000,3789,308,5,13,3,25,702,0.2398335190568419,0,0,0,1
13.98,94112983,1,12.74,2016-12-01,6000,0,18006,60000,5814,58,5,58,5,5,717,0.2258930782682992,1,0,1,0
0.57,94139186,2,7.49,2016-12-01,25000,1,284860,225000,6081,400,7,136,6,6,697,0.21658368254620217,1,0,0,1
21.06,94226027,0,12.74,2016-11-01,13950,0,35995,55000,13078,74,2,74,13,67,682,0.2258930782682992,0,0,1,0
12.96,91424393,2,13.99,2016-10-01,12000,0,147455,124000,12600,163,1,148,10,10,662,0.3029734287056215,0,0,1,0
32.49,95933594,0,26.24,2016-12-01,27100,0,121942,117500,49189,255,2,91,14,25,702,0.24178857354630912,0,1,0,0
23.69,90806679,2,13.99,2016-10-01,20000,0,45913,58000,21622,94,8,119,4,4,682,0.22820244156389516,1,0,1,0
13.08,91413153,1,8.24,2016-11-01,4800,1,15373,50000,6169,192,2,212,4,4,677,0.24405029299643655,0,1,0,0
13.9,90177823,5,17.99,2016-10-01,12800,0,203026,146000,29161,158,4,61,5,47,682,0.2218279015751931,0,0,1,0
25.49,91121647,0,10.99,2016-10-01,12500,0,27095,42000,22192,142,3,131,8,23,687,0.21701380971305592,0,1,0,0
7.28,93983000,0,18.99,2016-11-01,12600,0,4930,30000,1475,68,2,45,18,52,727,0.24038555719815624,0,0,0,0
14.86,95289955,0,7.24,2016-12-01,12000,0,285169,135000,5117,36,6,40,12,17,802,0.22820244156389516,0,0,0,1
18.02,91112668,5,11.49,2016-10-01,12000,0,36189,52000,13504,101,3,5,5,24,697,0.2398335190568419,0,1,0,1
18.92,91254498,3,13.99,2016-10-01,20000,1,349216,90000,13769,146,6,177,3,3,667,0.2258930782682992,0,1,1,0
17.66,93980646,6,16.99,2016-11-01,7600,0,7140,22360,3463,145,5,125,5,14,677,0.21701380971305592,0,1,0,1
18.59,94136503,4,17.99,2016-12-01,9600,0,202096,130000,33000,293,15,91,2,11,672,0.25220620065309657,0,0,1,0
34.26,91053024,7,15.59,2016-10-01,14825,1,64260,44000,11581,120,2,120,8,69,752,0.24038555719815624,0,1,1,0
11.49,91367348,1,11.44,2016-10-01,3000,0,131016,64000,7714,151,4,246,6,35,682,0.22541344615680733,0,0,1,0
19.78,94185946,5,18.99,2016-12-01,18000,1,58144,45000,8511,108,15,152,6,11,702,0.24772661201898094,0,1,1,0
9.24,93107845,2,11.49,2016-12-01,10000,0,14087,60000,4256,83,3,3,3,15,722,0.2262116396218806,0,1,1,0
7.47,91368280,7,11.44,2016-10-01,6000,0,28691,45000,3680,137,2,145,12,32,677,0.24772661201898094,0,1,0,1
31.79,91129826,2,14.49,2016-10-01,7200,0,255597,28000,7671,91,5,82,9,9,732,0.24236974246031542,0,1,0,0
21.95,93989590,1,18.99,2016-12-01,12000,1,41859,65000,18908,132,5,108,4,7,697,0.2398335190568419,0,1,1,0
14.79,91514208,0,12.79,2016-10-01,20000,0,327231,90000,7108,396,0,177,26,46,807,0.23093607081390768,0,0,0,0
26.86,90721927,6,13.99,2016-10-01,7000,0,279270,60000,32476,470,4,127,10,19,732,0.24178857354630912,0,0,0,0
13.25,93909310,0,11.44,2016-11-01,22000,0,187962,87400,11726,225,1,39,11,48,697,0.2508940045575526,0,0,1,0
23.62,92638336,1,18.99,2016-11-01,18000,0,250847,78000,23964,468,10,16,4,4,692,0.23846830760717275,0,0,0,1
30.35,94437579,3,14.99,2016-12-01,5000,1,235697,55000,8941,80,6,118,8,11,697,0.2367977506586332,0,0,0,1
4.23,92262109,0,11.44,2016-11-01,6025,0,3433,38000,3433,102,1,131,12,12,687,0.23093607081390768,0,1,1,0
25.24,91677554,3,19.99,2016-11-01,26850,1,74839,86000,24358,470,6,142,4,12,692,0.22964600222399478,0,0,0,0
19.31,91958321,1,22.74,2016-10-01,15500,1,131814,57500,8089,60,8,119,1,9,672,0.24038555719815624,0,0,0,1
3.92,90985514,1,9.49,2016-10-01,35000,0,266783,125000,4929,143,2,106,11,59,732,0.24405029299643655,0,0,0,1
11.42,93902421,0,13.99,2016-11-01,35000,0,350882,172000,44518,175,3,119,6,6,667,0.24405029299643655,0,0,0,1
30.7,94901133,3,14.99,2016-12-01,20000,0,371076,75000,24039,191,8,129,6,6,702,0.24102227492165665,0,0,0,1
4.27,93780013,8,17.99,2016-11-01,22000,1,126921,98374,3788,35,12,88,3,15,667,0.22820244156389516,0,0,1,0
9.96,94026639,0,11.39,2016-12-01,10000,0,31396,84852,7184,210,4,72,7,7,727,0.24405029299643655,0,1,0,0
3.19,93108269,1,11.39,2016-11-01,35000,0,22679,150000,22679,216,6,171,15,21,772,0.21701380971305592,0,0,1,0
25.58,95929367,3,13.99,2016-12-01,24000,0,207440,91000,29068,141,12,160,6,6,692,0.24038555719815624,0,0,0,1
19.18,94066810,0,7.49,2016-12-01,2500,0,28665,50000,7336,111,3,98,3,3,747,0.2258930782682992,0,0,1,0
5.59,93751285,0,8.24,2016-11-01,2550,0,390256,190000,12258,117,1,126,17,49,672,0.24178857354630912,0,0,0,0
25.63,95248628,2,7.24,2016-12-01,8000,0,422038,95000,57699,161,5,155,4,4,792,0.2258930782682992,0,0,0,0
6.44,95158384,0,13.49,2016-12-01,22350,0,8016,46612,8016,146,0,145,25,37,692,0.22964600222399478,1,0,1,0
16.14,93851749,1,12.74,2016-11-01,16200,0,195256,65000,11746,305,6,139,9,9,667,0.22820244156389516,0,0,1,0
21.47,94726751,1,11.49,2016-12-01,25000,0,64208,85000,16456,115,1,119,13,67,707,0.14194112958139316,0,1,0,1
6.4,63498003,4,12.74,2016-12-01,5000,1,98996,30000,4971,194,8,138,4,4,712,0.2367977506586332,1,0,1,0
20.21,92309856,0,13.49,2016-11-01,25000,1,79846,55000,20312,243,1,136,8,58,717,0.22820244156389516,0,1,0,1
12.83,93452417,3,15.99,2016-11-01,3000,0,28929,89900,11494,97,4,34,3,3,667,0.24405029299643655,0,1,1,0
20.02,93492873,1,12.74,2016-12-01,8000,1,16994,28000,2821,156,7,91,4,4,667,0.24772661201898094,0,1,1,0
9.79,95324595,3,11.49,2016-12-01,1500,0,312341,122768,17098,213,8,50,2,13,677,0.2586338582330572,0,0,1,0
29.91,93690053,0,7.99,2016-11-01,30400,0,390742,90000,17044,170,4,168,19,102,807,0.2258930782682992,0,0,0,1
28.35,94771164,1,26.99,2016-12-01,16000,0,207302,135000,13654,283,16,162,4,5,672,0.2586338582330572,0,0,0,1
24.31,91398835,2,17.99,2016-10-01,8400,0,223483,46500,3616,135,4,224,9,55,687,0.2367977506586332,0,0,0,0
0.14,91444490,2,12.79,2016-10-01,1200,0,35350,260000,18600,139,3,108,16,17,687,0.2258930782682992,0,1,1,0
11.36,91577353,1,11.44,2016-10-01,12000,0,133730,60000,2010,219,5,138,2,2,677,0.24102227492165665,1,0,0,0
18.95,91110955,0,15.59,2016-10-01,9550,0,25489,29900,3414,31,2,164,6,30,667,0.22820244156389516,0,1,0,1
21.82,91473926,3,11.39,2016-11-01,4000,0,215758,50000,8483,190,2,155,12,124,687,0.22541344615680733,0,0,0,1
7.35,95233226,2,7.99,2016-12-01,26400,0,669746,260000,12605,112,15,93,1,1,712,0.25400944474180537,0,0,0,1
9.52,91333436,1,15.99,2016-10-01,30000,0,30857,145000,9281,255,5,159,5,5,662,0.24405029299643655,0,0,1,0
13.36,93829703,1,11.44,2016-12-01,12000,1,68536,60000,14745,191,3,163,10,10,702,0.3029734287056215,0,1,1,0
26.74,93860573,7,16.99,2016-11-01,2700,0,90105,67000,3622,126,12,190,2,5,677,0.21701380971305592,0,1,1,0
19.02,91962130,2,11.44,2016-10-01,20000,1,30611,90000,16410,340,2,142,1,1,722,0.2258930782682992,0,1,0,0
39.948699999999995,92628208,2,11.39,2016-11-01,20000,0,296990,5000,16691,315,6,166,4,10,742,0.2367977506586332,0,0,0,0
5.55,93779943,2,15.99,2016-12-01,20000,1,7363,48000,7363,272,1,144,6,6,702,0.2258930782682992,0,1,0,0
21.1,94203375,5,15.99,2016-12-01,18000,0,262341,100000,17895,298,12,171,4,4,662,0.25400944474180537,0,0,1,0
22.41,93403204,0,11.49,2016-12-01,30000,0,66966,109000,19208,185,8,160,4,35,662,0.2367977506586332,0,1,0,1
33.98,91873782,1,22.74,2016-11-01,16000,0,53449,60500,22664,152,8,158,4,4,687,0.24772661201898094,0,0,1,0
23.94,94059947,0,13.49,2016-12-01,25000,0,83402,100000,25732,135,2,203,11,63,717,0.22391551552496644,0,1,0,0
26.98,90826489,0,18.99,2016-10-01,24000,0,229121,65000,75972,140,1,122,21,42,682,0.26936207385807537,0,0,0,1
15.32,94443765,0,7.24,2016-12-01,6000,0,37486,65000,11523,122,2,71,11,11,702,0.22820244156389516,0,1,1,0
4.4,94164404,1,11.49,2016-12-01,4000,0,9653,108000,2171,121,4,15,9,18,757,0.22820244156389516,0,0,0,0
20.97,91277883,2,12.79,2016-10-01,2850,1,15363,32000,1620,52,9,7,4,4,752,0.2258930782682992,0,1,1,0
9.48,91485084,1,11.44,2016-10-01,18000,0,34967,115000,22628,286,2,85,11,11,692,0.2398335190568419,0,0,0,0
31.94,94032465,0,15.99,2016-12-01,14000,0,258793,85000,19739,337,0,145,28,45,702,0.24038555719815624,0,0,1,0
9.82,93972730,2,15.99,2016-12-01,1000,0,10499,28000,2422,37,10,62,3,3,677,0.25400944474180537,0,1,1,0
16.3,92223777,1,19.99,2016-11-01,35000,1,34457,100000,7748,210,3,65,1,40,667,0.2218279015751931,0,1,0,1
14.07,93872714,1,8.24,2016-12-01,15000,1,24633,55000,12324,470,3,73,2,2,677,0.25400944474180537,0,1,0,1
15.44,91121933,3,12.79,2016-10-01,20000,1,545421,200000,29886,128,6,170,10,18,702,0.2508940045575526,0,0,1,0
32.01,95655099,1,15.99,2016-12-01,15000,1,24131,35000,12758,95,2,90,23,24,707,0.25400944474180537,0,1,1,0
13.77,94011257,3,25.49,2016-11-01,35000,0,681618.6899999992,260000,105349.48000000001,352,7,163,7,12,672,0.2258930782682992,0,0,0,1
2.54,88819932,2,9.49,2016-10-01,6000,0,6567,76000,6567,138,2,119,11,21,682,0.2258930782682992,0,1,0,0
27.86,94411885,1,24.74,2016-12-01,9000,1,22981,34800,1084,108,6,128,1,1,677,0.22541344615680733,0,1,0,1
21.82,94556847,5,16.99,2016-12-01,11000,0,24124,47800,11569,60,5,68,12,24,662,0.2258930782682992,0,1,1,0
10.94,91544238,2,9.49,2016-11-01,11200,0,56005,60000,8430,135,1,131,14,26,662,0.1764017439336834,0,1,0,0
15.36,95933890,4,17.99,2016-12-01,28000,0,30651,95000,2174,211,6,158,1,1,782,0.2398335190568419,0,1,1,0
34.53,91669648,1,21.49,2016-11-01,33425,1,175640,45000,53987,146,5,142,4,7,757,0.22964600222399478,0,0,0,1
12.33,93555695,0,8.24,2016-11-01,4200,0,18376,54000,11121,154,1,133,16,16,662,0.1764017439336834,0,1,0,0
14.89,93287948,0,14.99,2016-11-01,30000,1,218899,205000,29886,115,10,113,4,6,667,0.22820244156389516,0,0,0,1
20.43,95933978,5,26.99,2016-12-01,18675,0,157076,42470,7789,127,9,129,7,7,697,0.16402453469631748,1,0,0,1
22.01,94182182,4,13.99,2016-12-01,6000,0,182581,75000,27903,264,8,196,6,6,672,0.24236974246031542,0,0,1,0
18.39,91668501,9,14.99,2016-10-01,6000,0,331380,135000,86659,202,4,36,4,4,707,0.3133839123580087,0,0,0,1
12.58,92523056,1,11.44,2016-11-01,6000,0,38628,120000,11453,244,2,140,16,107,687,0.25450503330821056,0,0,1,0
31.49,95352975,0,13.99,2016-12-01,6500,0,142250,46000,18027,246,7,106,10,17,682,0.2262116396218806,0,0,0,0
7.8,94107515,2,14.99,2016-12-01,35000,0,317394,100000,33186,253,3,161,7,7,662,0.2398335190568419,0,0,1,0
11.22,94140661,12,21.49,2016-12-01,16000,1,6769,55000,1262,127,11,119,2,2,717,0.2398335190568419,0,0,1,0
33.46,91077473,3,21.49,2016-10-01,5000,1,104725,100000,24412,124,7,139,2,27,692,0.2398335190568419,0,1,0,1
11.77,91010287,2,13.99,2016-10-01,8000,0,29869,68000,6030,149,3,136,7,7,667,0.14194112958139316,0,1,1,0
2.04,94748481,0,7.24,2016-12-01,3200,0,534,30000,534,67,1,65,24,47,747,0.2258930782682992,0,1,0,1
15.61,91676939,2,11.49,2016-10-01,8000,0,49804,102000,3305,72,4,110,2,44,682,0.22820244156389516,0,1,1,0
24.57,91609554,1,19.99,2016-10-01,30000,0,261617,83700,15581,321,9,161,2,86,692,0.22541344615680733,0,0,1,0
5.42,92514130,2,13.99,2016-11-01,25000,0,532260,130000,7536,224,4,165,6,126,672,0.2398335190568419,0,0,1,0
31.52,92399797,2,16.99,2016-11-01,11200,0,424081,117000,54348,321,2,143,9,40,672,0.22541344615680733,0,0,0,1
5.22,94007277,1,12.74,2016-12-01,31150,0,482,82000,27,293,4,276,5,12,762,0.23093607081390768,0,1,1,0
9.08,94057308,2,11.49,2016-12-01,12000,0,12845,50000,12320,57,1,44,17,26,672,0.2398335190568419,0,1,1,0
4.79,92833513,2,13.99,2016-11-01,10000,1,6098,41600,6098,67,9,131,2,8,712,0.2258930782682992,0,1,0,0
22.35,92738953,0,11.44,2016-11-01,6600,0,354767,65000,45739,388,5,131,3,5,722,0.2398335190568419,0,0,0,1
16.82,95188030,5,8.24,2016-12-01,24000,0,60697,96000,9294,152,2,132,2,29,702,0.22820244156389516,0,1,1,0
12.53,91099346,2,7.99,2016-10-01,5000,0,179346,80000,3316,235,9,142,1,10,717,0.21910964887857984,0,0,0,0
20.69,90056192,1,14.49,2016-10-01,35000,1,428895,110000,12227,163,4,115,4,30,697,0.24405029299643655,0,0,0,1
14.9,91685823,0,13.99,2016-10-01,19000,0,17193,55000,9070,104,1,213,4,73,712,0.24236974246031542,1,0,0,0
28.6,92033369,2,11.44,2016-11-01,9600,0,5559,12000,4743,101,3,13,11,11,702,0.21701380971305592,1,0,0,0
29,92470890,4,13.49,2016-11-01,4000,0,163422,42000,7646,188,8,97,2,11,662,0.2262116396218806,0,0,0,1
5.35,92237657,1,11.44,2016-10-01,7500,0,5920,74000,5920,124,7,132,3,3,717,0.2398335190568419,0,1,0,0
12.79,91973688,0,11.39,2016-10-01,5000,0,191782,97000,9055,241,2,182,10,65,682,0.16337446126458402,0,0,1,0
29.26,93483474,3,12.74,2016-11-01,6000,0,102373,42000,70459,137,7,195,5,6,712,0.24772661201898094,0,0,0,1
9.96,92217912,2,11.49,2016-10-01,24000,0,8949,50000,2744,53,1,18,18,36,752,0.2398335190568419,0,1,0,1
16.8,94252217,1,8.24,2016-12-01,5000,0,466665,181500,44926,458,1,127,7,128,687,0.26936207385807537,0,0,1,0
18.96,92861718,2,13.49,2016-11-01,25000,0,490414,140000,88679,162,6,93,3,16,672,0.24405029299643655,0,0,0,0
11.88,93553546,1,11.44,2016-11-01,22000,1,28657,110000,3994,134,2,163,7,25,677,0.1935332077454842,0,0,1,0
4.61,91635911,2,18.99,2016-10-01,20000,0,9191,70000,9191,48,2,35,9,21,682,0.24405029299643655,0,1,1,0
30.8,90724155,2,21.49,2016-10-01,32000,1,390479,80000,62179,95,4,95,4,36,697,0.2218279015751931,0,0,0,1
21.85,95666160,3,13.99,2016-12-01,7000,0,39459,64000,3819,45,3,57,5,19,662,0.2367977506586332,0,1,1,0
7.17,91179930,3,14.99,2016-10-01,6000,0,5164,36000,5164,388,4,132,1,1,667,0.2508940045575526,0,1,1,0
32.51,95318689,1,12.74,2016-12-01,3000,0,80794,43000,14010,225,4,137,6,13,682,0.24236974246031542,0,0,0,0
16.27,93922362,0,11.39,2016-11-01,10000,0,39044,75000,13546,94,3,89,13,17,697,0.2258930782682992,0,1,0,0
7.93,93981364,6,7.24,2016-11-01,6000,0,12516,95000,7333,228,7,77,4,4,722,0.2398335190568419,0,1,0,0
15.12,93674768,0,13.49,2016-11-01,30400,0,89404,100000,15965,327,3,126,12,12,757,0.22964600222399478,0,0,0,1
11.99,94136931,0,7.24,2016-11-01,32000,0,70563,120000,28266,185,2,189,2,52,727,0.24772661201898094,0,0,1,0
23.26,90186015,1,7.99,2016-10-01,16000,1,5822,36600,2544,394,1,216,11,11,752,0.2218279015751931,1,0,0,0
26.29,91659188,0,7.49,2016-11-01,12000,1,53514,60000,15384,107,8,118,16,18,697,0.22541344615680733,0,1,0,0
17.68,92818052,0,14.99,2016-11-01,35000,0,53937,104000,31076,117,4,44,2,5,687,0.2258930782682992,0,1,0,1
19.2,95168331,1,7.99,2016-12-01,16000,0,277558,86000,64395,379,3,136,4,26,712,0.14194112958139316,0,0,0,0
3.03,94348167,5,7.24,2016-12-01,15000,0,8754,95000,8754,158,0,124,39,61,717,0.2218279015751931,0,1,0,0
15.45,94092487,5,13.49,2016-12-01,5000,0,137073,62000,4219,22,6,162,10,16,662,0.2367977506586332,0,1,1,0
11.55,91641580,4,24.74,2016-10-01,16000,1,15442,86000,7697,330,6,122,4,4,672,0.22541344615680733,0,1,0,1
19.16,95002063,0,11.44,2016-12-01,20000,0,147495,155000,16110,265,4,174,4,49,717,0.2258930782682992,0,0,1,0
23.66,94060515,5,19.99,2016-12-01,4500,1,35695,42000,11677,59,10,155,4,4,662,0.24405029299643655,0,1,0,1
15,93041328,3,11.39,2016-11-01,6000,0,36790,30000,6194,117,3,85,4,4,692,0.1935332077454842,0,0,1,0
10.63,94268146,1,8.24,2016-12-01,35000,1,437509,185000,45627,207,6,132,6,18,687,0.22820244156389516,0,0,1,0
16.36,90501847,10,14.49,2016-10-01,30000,1,122770,190000,12647,165,12,176,3,5,707,0.25400944474180537,0,1,0,1
11.18,91029006,3,8.99,2016-10-01,35000,0,681618.6899999992,260000,0,144,2,110,7,31,807,0.2258930782682992,1,0,0,1
16.34,93995018,2,13.99,2016-11-01,12000,0,199357,100000,26582,108,10,160,3,10,677,0.22820244156389516,0,0,1,0
11.09,93890769,2,11.39,2016-11-01,6000,0,167100,82800,5762,231,3,128,5,6,672,0.2258930782682992,0,0,0,0
26.98,93704747,0,5.32,2016-11-01,5000,0,48664,75000,10842,384,2,144,11,27,747,0.2398335190568419,0,1,0,0
14.68,91367043,6,25.49,2016-10-01,10000,0,19038,77000,12038,242,3,115,4,4,662,0.30642352237957415,0,0,0,1
29.54,94381276,1,25.49,2016-12-01,21850,1,129421,65000,5974,366,2,131,14,63,697,0.2962466441080822,0,0,0,0
24.35,95359457,0,13.99,2016-12-01,15000,0,42768,90101.92,9412,65,7,119,7,8,722,0.2258930782682992,0,1,0,0
6.08,91427001,0,11.49,2016-10-01,6650,0,88086,47000,2535,115,3,138,4,4,687,0.1305656166082932,0,1,1,0
9.17,91507111,3,13.49,2016-10-01,18000,1,17696,90000,12375,190,8,124,7,7,677,0.1764017439336834,0,1,0,1
31.11,93721509,4,13.99,2016-12-01,3500,0,39916,50000,4545,113,6,85,5,12,677,0.2258930782682992,0,1,0,1
7.14,93708572,1,11.44,2016-11-01,30000,0,551708,120000,35050,276,1,165,21,118,752,0.2258930782682992,1,0,1,0
14.73,90290311,12,14.49,2016-10-01,10000,0,131162,58000,10239,251,7,155,5,6,662,0.24236974246031542,0,0,1,0
28.58,93860448,4,18.99,2016-11-01,2500,0,232975,85000,7799,144,11,137,1,2,662,0.22820244156389516,1,0,0,1
19.82,93722247,6,21.49,2016-12-01,13000,0,119560,70000,13471,144,8,167,3,7,677,0.2398335190568419,0,0,1,0
3.76,92578436,1,13.49,2016-11-01,10000,0,110464,60000,5231,47,5,125,6,6,677,0.24178857354630912,0,1,1,0
14.74,92441349,1,24.74,2016-11-01,30000,1,258753,82000,5692,197,3,167,15,25,662,0.2586338582330572,0,0,1,0
7.49,95278158,0,6.99,2016-12-01,10000,0,106735,75000,8084,132,5,127,15,23,742,0.24038555719815624,0,0,1,0
14.72,91301178,0,7.99,2016-10-01,9000,0,89757,75000,9335,302,4,151,5,5,712,0.22820244156389516,0,0,0,0
22.58,92064815,5,13.49,2016-10-01,4200,0,78753,65000,3529,50,7,150,3,45,662,0.24405029299643655,0,0,0,1
29.95,93811934,1,19.99,2016-11-01,9200,0,254415,52000,15694,118,6,110,12,12,682,0.2258930782682992,0,0,0,1
10.45,93970047,0,17.99,2016-11-01,10000,1,18376,47040,4260,27,5,52,12,12,662,0.2258930782682992,1,0,0,0
3.92,95138529,0,6.99,2016-12-01,26000,0,156724,178000,7286,111,2,79,11,11,757,0.2218279015751931,0,0,1,0
21.12,91148737,2,21.49,2016-10-01,10800,0,36894,60000,9364,213,9,58,3,3,667,0.14194112958139316,0,1,1,0
26.43,92971844,3,11.44,2016-11-01,1200,0,42896,49000,8373,443,8,129,4,10,677,0.2398335190568419,1,0,1,0
7.64,94143074,1,11.44,2016-12-01,30000,0,19635,120000,6748,216,3,114,9,42,707,0.24038555719815624,0,0,0,1
29.64,94380875,1,26.99,2016-12-01,35000,0,89401,108000,25354,303,3,167,4,4,677,0.1764017439336834,0,1,0,1
20.59,93930562,3,26.99,2016-12-01,16000,0,27743,60000,21543,209,13,120,7,7,667,0.1764017439336834,0,1,1,0
16.26,95915417,3,5.32,2016-12-01,1200,0,31317,55000,1380,157,3,120,3,11,772,0.22964600222399478,0,1,0,0
22.53,92270706,0,11.39,2016-11-01,20000,0,50065,85500,20400,434,3,122,5,36,667,0.2508940045575526,0,0,0,1
24.8,92261115,2,14.99,2016-11-01,18300,0,137943,50000,10271,66,2,92,16,31,712,0.1935332077454842,0,0,0,1
23.36,92737986,0,14.99,2016-11-01,24200,0,37024,58000,14996,280,3,82,2,2,672,0.3133839123580087,0,1,0,1
16.71,93922464,3,21.49,2016-11-01,30000,0,25134,89623,17651,76,4,80,6,9,667,0.23093607081390768,0,1,1,0
6.18,90896999,3,13.99,2016-10-01,12000,0,18987,135000,4075,172,5,97,7,7,677,0.2508940045575526,0,0,1,0
27.81,91338549,1,15.59,2016-10-01,12000,0,125845,41000,14197,192,4,160,1,27,717,0.21658368254620217,0,0,0,0
18.66,91153299,0,12.79,2016-10-01,12000,1,18903,55000,7521,98,4,74,6,6,672,0.2258930782682992,0,1,0,0
29.63,93881952,4,23.99,2016-11-01,15000,1,119705,41000,10924,123,8,182,3,3,682,0.2962094049669217,1,0,1,0
28.02,90986495,2,24.99,2016-10-01,21200,0,86912,81000,20801,144,6,124,1,43,697,0.26936207385807537,0,1,1,0
24.28,93701806,0,16.99,2016-11-01,32200,1,68242,52000,7531,229,4,172,1,31,662,0.23093607081390768,0,1,0,1
31.64,93032529,2,15.99,2016-12-01,10000,1,22190,60000,5695,193,3,38,3,8,692,0.24178857354630912,0,1,0,1
27.35,90906343,6,16.99,2016-10-01,10000,0,41982,39000,2337,209,7,251,2,2,697,0.24772661201898094,0,1,1,0
10.98,94467793,0,8.24,2016-12-01,20000,0,469986,190000,35097,241,3,167,7,29,717,0.2398335190568419,1,0,0,0
10.17,91984018,3,13.49,2016-11-01,4000,0,30146,80000,1156,67,1,85,23,40,722,0.2367977506586332,0,0,0,1
16.48,91132359,2,10.49,2016-10-01,10000,0,95136,105000,11829,268,5,136,3,36,662,0.2218279015751931,0,0,0,0
20.29,92525818,0,11.49,2016-11-01,10000,0,12675,38276,9700,295,6,146,2,2,682,0.26220086013005467,0,1,0,0
26,94000775,3,8.24,2016-12-01,12000,0,222561,78000,4953,199,4,207,4,40,742,0.24772661201898094,0,0,0,0
19.59,92013202,5,11.39,2016-11-01,13000,0,340468,105000,16189,468,7,168,1,1,702,0.24236974246031542,0,0,1,0
20.22,92831497,2,15.99,2016-11-01,24950,1,10781,60000,444,253,12,136,11,17,667,0.24178857354630912,0,1,0,1
25.62,91615686,1,8.59,2016-10-01,35000,0,292361,169300,8578,262,1,163,22,148,842,0.2218279015751931,0,0,0,1
14.8,90816767,2,16.99,2016-10-01,15000,0,402606,200000,31694,249,7,152,2,26,697,0.24405029299643655,1,0,0,1
25.13,95102309,0,13.49,2016-12-01,22000,0,241399,115000,45963,255,4,92,7,7,672,0.24038555719815624,0,0,0,0
19.24,95665532,2,11.49,2016-12-01,4000,0,58316,61000,8187,73,4,112,10,31,672,0.16180741466312665,0,1,1,0
11.36,92400040,2,11.44,2016-11-01,7000,0,26285,118000,8227,261,6,135,2,39,697,0.24405029299643655,1,0,1,0
16.92,91197959,6,19.99,2016-10-01,2000,1,16680,30000,3714,93,9,27,2,2,692,0.2398335190568419,1,0,1,0
24.32,94185244,0,12.74,2016-11-01,10000,1,28223,37000,7057,118,4,106,11,114,687,0.24178857354630912,0,1,0,0
39.948699999999995,93434734,0,8.24,2016-11-01,28000,0,229493,36000,18341,340,1,159,8,148,697,0.278503507164471,0,0,0,1
10.31,92560173,1,12.74,2016-11-01,10000,0,169750,64000,2875,184,1,193,8,8,702,0.24405029299643655,0,0,1,0
29.42,91413567,0,14.49,2016-10-01,8500,0,31184,53000,9016,130,3,113,13,119,672,0.2398335190568419,0,1,0,0
5.49,93307912,3,11.49,2016-11-01,10000,0,17243,130000,15658,202,8,60,9,9,667,0.24038555719815624,0,0,1,0
26.25,95203313,0,17.99,2016-12-01,24725,0,361609,78000,16886,156,3,159,8,8,672,0.16180741466312665,0,0,1,0
15.67,91281309,5,10.99,2016-10-01,11000,0,171117,74000,15272,138,4,147,10,11,672,0.30642352237957415,0,0,1,0
5.39,93158094,0,7.99,2016-11-01,4500,0,6951,75000,4840,184,0,41,39,73,707,0.24178857354630912,0,1,0,0
23.83,91416761,1,7.24,2016-10-01,6000,0,35193,100000,8416,181,9,170,1,3,722,0.2367977506586332,1,0,1,0
19.85,92442080,1,5.32,2016-11-01,6000,0,244732,105000,22933,151,3,99,11,11,697,0.2398335190568419,0,1,0,1
15.29,94131340,4,11.39,2016-12-01,10000,0,145224,92000,11118,198,10,147,9,9,677,0.3133839123580087,0,0,1,0
16.36,93137501,0,24.74,2016-11-01,32000,0,51631,112000,21249,188,2,193,13,23,662,0.21910964887857984,0,0,0,1
23.3,93830335,3,19.99,2016-11-01,35000,0,399612,145000,86426,289,7,155,4,28,687,0.22820244156389516,1,0,0,1
10.86,93714403,2,5.32,2016-11-01,15000,0,141590,65000,45090,257,8,131,5,8,767,0.2398335190568419,0,0,0,0
23.4,91404087,0,24.74,2016-10-01,28500,1,101831,62000,12173,122,4,121,15,15,677,0.24772661201898094,0,1,0,1
26.15,93979521,7,24.74,2016-11-01,24000,1,132799,170000,34695,206,16,152,3,4,662,0.2258930782682992,0,1,0,1
28.44,95241991,1,12.74,2016-12-01,5000,1,35066,53000,17477,177,2,138,11,28,672,0.16180741466312665,0,1,1,0
8,94296105,0,11.39,2016-11-01,27200,0,48419,175000,40698,139,4,142,19,20,682,0.2367977506586332,1,0,1,0
12.94,94066520,0,7.49,2016-11-01,3500,0,47713,60000,5638,194,1,215,7,29,712,0.2586338582330572,0,0,0,0
25.08,91141573,1,14.49,2016-10-01,11500,0,247606,125000,18071,128,3,145,10,49,682,0.3133839123580087,0,1,0,1
20.51,91517167,1,10.49,2016-10-01,20000,0,461420,120000,29807,299,5,208,1,104,672,0.24405029299643655,0,0,1,0
26.49,92014041,2,22.74,2016-10-01,35000,0,163025,92200,48030,222,7,161,2,2,727,0.24772661201898094,0,1,0,1
22.62,95374214,1,15.99,2016-12-01,35000,1,28249,60000,7111,231,1,118,17,37,697,0.2258930782682992,0,1,0,1
3.62,90269620,4,7.99,2016-10-01,28000,1,7877,76000,7877,224,3,169,11,11,707,0.2398335190568419,1,0,1,0
15.96,93101730,4,17.99,2016-11-01,20000,0,63908,88500,41500,81,11,90,4,13,682,0.2508940045575526,0,0,0,0
13.87,91948924,0,10.49,2016-10-01,10000,0,33397,120000,7109,342,2,147,9,33,677,0.2258930782682992,0,0,1,0
31.04,91689866,0,7.49,2016-10-01,18000,0,33233,59000,4861,334,3,111,6,6,802,0.2258930782682992,1,0,0,0
3,92543961,1,19.99,2016-11-01,5000,0,1803,28000,1803,318,3,131,2,8,802,0.3029734287056215,0,1,0,0
18.1,93485086,1,18.99,2016-11-01,30000,0,35569,60000,27223,119,6,41,4,4,697,0.22820244156389516,0,1,1,0
25.74,91584398,1,15.59,2016-10-01,8000,0,21021,38000,7474,134,4,38,3,6,667,0.22391551552496644,0,1,0,1
8.37,92349432,3,17.99,2016-11-01,26225,1,400574,199000,16932,71,10,132,0,5,662,0.22820244156389516,0,0,1,0
25.1,90230621,0,13.49,2016-10-01,30000,0,167881,100000,37756,210,1,136,24,24,687,0.16197620383450775,0,0,0,1
8.26,95905469,0,26.99,2016-12-01,25000,0,8736,60000,4917,197,1,146,10,59,707,0.21910964887857984,0,1,1,0
7.96,94272344,0,12.74,2016-12-01,4000,1,12558,55000,2447,112,4,4,4,6,712,0.2398335190568419,0,1,1,0
21.57,93696682,2,24.74,2016-12-01,11000,0,49516,55000,10222,29,5,49,2,2,682,0.2258930782682992,0,1,1,0
11.27,90207544,1,5.32,2016-10-01,25000,0,485879,200000,16112,257,1,163,17,92,777,0.25400944474180537,1,0,0,1
10.33,96173545,2,8.24,2016-12-01,11300,0,421115,110000,17091,418,5,10,1,1,692,0.24178857354630912,0,0,0,0
20.63,90385641,2,12.79,2016-10-01,7500,1,17433,54463,2086,83,4,155,5,27,677,0.19155677855117656,1,0,0,1
4.73,95358336,5,11.39,2016-12-01,15000,0,467052,100000,8739,183,8,90,4,5,722,0.2398335190568419,0,0,0,0
13.7,93653140,2,11.49,2016-11-01,5000,0,69389,33888,1297,132,4,105,2,2,692,0.22964600222399478,0,0,1,0
11.92,93664940,2,10.49,2016-11-01,7000,0,35868,62000,7235,123,0,117,25,109,742,0.1935332077454842,1,0,0,0
6.93,91406506,12,26.99,2016-10-01,20000,0,554333,260000,17971,68,9,33,4,18,687,0.2262116396218806,1,0,1,0
19.96,94381749,0,7.99,2016-12-01,20400,0,119570,77500,26271,137,3,146,15,15,727,0.2508940045575526,0,0,0,0
20.08,93524190,4,24.74,2016-11-01,25000,1,159148,85000,4715,23,7,144,5,5,672,0.21658368254620217,0,0,0,1
17.14,93564842,0,11.44,2016-11-01,10000,0,522181,105000,29311,231,2,132,5,5,672,0.2367977506586332,0,0,1,0
28.31,94445420,4,13.99,2016-12-01,12000,0,368847,80000,9496,145,7,135,5,34,667,0.1764017439336834,0,0,0,0
17.81,91463127,1,8.59,2016-10-01,15000,0,151211,70000,38198,128,2,166,12,12,747,0.24038555719815624,0,0,0,0
24.11,91547276,1,18.99,2016-11-01,25000,0,490244,105000,82852,355,10,122,1,7,762,0.24772661201898094,1,0,0,0
15.29,93247733,3,13.99,2016-11-01,18000,0,183370,65000,15420,116,2,73,10,19,667,0.24405029299643655,0,0,0,0
28.54,91523696,0,13.49,2016-10-01,12000,1,141865,46000,15456,179,6,119,12,12,677,0.2398335190568419,0,0,0,0
22.47,91121292,8,16.99,2016-10-01,3600,0,146888,32000,4857,124,11,140,1,1,672,0.3133839123580087,1,0,1,0
13.85,91363528,2,8.99,2016-10-01,6500,0,309214,63000,5606,272,5,142,2,2,672,0.2367977506586332,1,0,0,0
16.72,91465388,1,11.39,2016-10-01,20000,0,307047,100000,15684,159,4,119,2,38,767,0.1764017439336834,0,0,0,0
16.58,93710414,0,5.32,2016-11-01,22000,0,318657,90000,19750,317,3,177,6,72,797,0.24772661201898094,0,0,0,0
21.94,94447817,4,15.99,2016-12-01,2675,0,6549,7938,5463,43,6,27,6,8,677,0.2398335190568419,0,1,0,1
4.51,92678737,0,11.49,2016-11-01,14000,0,13866,142000,6623,208,2,134,13,14,672,0.2258930782682992,0,1,0,0
13.11,91142127,0,5.32,2016-11-01,24000,0,35740,125000,19734,143,4,135,14,14,712,0.2258930782682992,1,0,0,0
27.31,92153252,4,17.99,2016-11-01,5000,1,37602,58000,13563,156,10,159,1,9,682,0.2398335190568419,0,0,0,1
12.33,92844559,3,8.24,2016-11-01,1000,0,123766,30077,796,342,5,144,5,12,702,0.16402453469631748,0,0,1,0
9.62,92758446,3,10.49,2016-11-01,20000,0,422474,140000,30905,289,5,131,5,15,677,0.2258930782682992,0,0,1,0
11.61,95062581,0,12.74,2016-12-01,16000,0,12872,55000,6567,126,2,159,3,3,682,0.2962094049669217,1,0,0,0
17.47,95845314,1,21.49,2016-12-01,5000,1,3157,13400,3157,159,9,13,0,3,707,0.22820244156389516,1,0,0,1
11.41,94168326,8,14.99,2016-11-01,15000,1,294864,130000,12170,26,8,24,4,16,662,0.3133839123580087,1,0,0,1
16.45,91191673,0,6.99,2016-10-01,4600,0,447378,130000,19717,222,2,201,16,36,777,0.24178857354630912,0,0,1,0
7.05,92564058,1,6.99,2016-11-01,7700,0,39596,200000,7897,259,10,125,4,6,787,0.2398335190568419,0,1,1,0
33.74,92135684,0,15.99,2016-11-01,17000,0,45828,44383,17453,194,5,112,1,1,702,0.14194112958139316,0,1,1,0
30.66,92574091,11,21.49,2016-11-01,30000,0,364970,125000,38089,139,9,148,1,17,667,0.16402453469631748,0,0,0,1
33.65,93106161,0,12.74,2016-11-01,16800,0,143203,55000,10042,171,5,135,6,6,662,0.22820244156389516,0,0,0,1
13.04,92718272,1,8.24,2016-11-01,10000,0,33184,60000,8879,148,4,99,7,16,667,0.22541344615680733,0,1,1,0
31.39,91388181,0,11.44,2016-10-01,20000,1,80320,59000,28236,375,2,246,20,20,682,0.22820244156389516,1,0,0,1
34.92,94436047,3,25.49,2016-12-01,13200,0,37906,30000,10582,99,3,50,2,2,697,0.2367977506586332,1,0,0,0
14.11,91535560,0,15.99,2016-10-01,30000,0,387876,155000,22280,83,6,124,14,16,702,0.30642352237957415,0,0,1,0
21.46,94461121,1,17.99,2016-12-01,10000,0,98099,50000,16006,132,8,112,11,11,662,0.23846830760717275,0,0,1,0
21.4,91127534,6,12.79,2016-10-01,10500,1,40286,61000,10041,171,8,132,2,5,692,0.2962466441080822,1,0,0,1
23.83,93879175,3,11.44,2016-11-01,10000,0,264080,76000,18757,315,4,153,3,12,697,0.2508940045575526,0,0,0,0
20.61,93523261,0,12.74,2016-11-01,33600,1,33285,70000,13836,268,2,101,1,1,692,0.22820244156389516,1,0,0,1
17.48,90816465,0,18.99,2016-10-01,8000,0,13746,32000,4741,97,1,28,4,97,662,0.2258930782682992,0,1,0,1
31.06,91011684,5,26.99,2016-10-01,19675,0,170431,65000,10820,159,6,265,11,41,722,0.25450503330821056,0,0,1,0
8.35,92525713,11,21.49,2016-11-01,8925,0,17688,65000,1403,57,4,8,1,1,672,0.2398335190568419,0,1,1,0
29.08,93368798,2,7.49,2016-11-01,29650,1,391281,165000,50442,342,5,154,6,107,762,0.26936207385807537,0,0,0,0
19.66,91733790,1,14.99,2016-10-01,14400,1,31219,76000,17476,202,6,129,2,2,672,0.2258930782682992,1,0,0,0
16.8,91062101,0,17.99,2016-10-01,14400,0,68255,45867,9948,96,5,227,9,51,692,0.2586338582330572,0,0,0,1
18.52,90267391,0,8.59,2016-10-01,10000,1,142834,67000,10631,230,1,162,18,55,682,0.1935332077454842,1,0,0,1
26.53,93157284,0,11.44,2016-11-01,4000,0,25190,36000,7201,223,5,44,14,16,697,0.23846830760717275,0,1,0,1
12.84,91443699,0,5.32,2016-11-01,14000,0,198900,71500,11241,139,5,139,7,7,787,0.22964600222399478,0,0,0,0
24.84,91138117,3,7.99,2016-11-01,6000,0,40646,40000,5092,119,3,7,7,76,757,0.2398335190568419,0,1,0,0
16.56,90707173,3,14.49,2016-10-01,32475,1,67681,130000,9423,240,7,136,4,4,677,0.25400944474180537,0,1,1,0
28.62,90721269,4,16.99,2016-10-01,6000,1,78851,67874,5615,96,9,125,1,23,682,0.2367977506586332,0,0,0,1
34.43,91173204,0,13.49,2016-10-01,4000,0,36168,35000,13514,246,3,162,13,14,747,0.2262116396218806,0,1,1,0
29.65,95151626,1,13.49,2016-12-01,6000,0,189383,66000,9593,332,2,127,4,4,662,0.2258930782682992,0,1,0,0
17.95,91251649,1,11.49,2016-10-01,3500,0,30857,92000,9373,160,2,206,11,11,687,0.21658368254620217,0,1,1,0
11.31,91593305,0,9.49,2016-10-01,14325,0,243393,88000,5278,168,1,55,18,18,662,0.2258930782682992,0,0,1,0
19.42,90988453,0,8.59,2016-10-01,6000,0,17781,50000,15731,203,1,117,12,12,772,0.2398335190568419,0,1,0,0
15.67,94118308,5,11.44,2016-12-01,8500,1,445500,130000,20114,243,8,123,3,20,667,0.21658368254620217,0,0,1,0
15.02,90925946,11,13.49,2016-10-01,6700,0,94665,64000,6757,164,4,166,5,6,682,0.24102227492165665,0,0,1,0
15.3,91304588,0,7.59,2016-10-01,7000,0,41525,52800,11875,395,1,109,17,38,727,0.2262116396218806,0,1,1,0
30.77,91404095,3,10.99,2016-10-01,9500,1,33141,42000,13870,157,3,104,11,11,687,0.22820244156389516,0,0,0,1
6.96,95149107,2,14.99,2016-12-01,13000,0,477291,56766,12699,67,4,159,7,12,687,0.23093607081390768,0,0,0,1
18.97,95002482,4,16.99,2016-12-01,1850,0,174377,42000,89411,68,5,43,2,8,687,0.2218279015751931,0,0,0,0
12.8,91241877,2,9.49,2016-10-01,12000,0,232469,103000,7752,122,5,55,10,36,677,0.24038555719815624,0,0,1,0
27.13,94083344,2,16.99,2016-12-01,9950,1,21999,24910,21999,470,2,128,6,6,702,0.19155677855117656,1,0,0,1
28.06,91985025,0,13.99,2016-11-01,4800,0,34377,42000,12825,248,3,60,16,46,662,0.25450503330821056,1,0,0,1
33.41,91354081,2,13.99,2016-10-01,25000,0,58315,78975,19535,157,9,125,5,8,692,0.2367977506586332,0,0,0,1
28.96,93535339,1,11.49,2016-11-01,7200,0,25390,39276,4061,38,6,37,7,23,682,0.24178857354630912,0,1,0,1
20.6,91946878,2,19.99,2016-10-01,9000,1,13209,25000,8309,129,1,144,24,24,662,0.2258930782682992,0,1,0,1
30.01,91923971,10,13.49,2016-10-01,8000,0,27920,35000,12279,225,8,37,8,21,667,0.24405029299643655,0,1,0,1
9,92236029,1,10.49,2016-10-01,13000,0,362735,175000,20729,155,3,115,12,101,767,0.2367977506586332,1,0,0,0
8.2,94418262,1,6.99,2016-12-01,20000,0,302273,110000,17633,105,6,92,4,4,747,0.22541344615680733,0,0,1,0
1.46,94139728,0,15.99,2016-12-01,16000,1,21265,70000,1680,175,2,136,1,5,767,0.2398335190568419,0,1,1,0
22.88,92331403,1,11.49,2016-11-01,12000,0,81456,58000,15170,100,8,194,2,3,677,0.1764017439336834,0,1,1,0
19.31,91427131,2,11.44,2016-10-01,5500,1,12527,35000,3677,200,4,161,9,26,662,0.22820244156389516,1,0,1,0
29.64,91640793,0,18.99,2016-10-01,13800,0,81624,50000,12385,74,1,86,16,25,682,0.2586338582330572,0,1,1,0
6.24,92991894,1,11.49,2016-11-01,3000,0,21473,120000,13070,198,3,125,2,8,662,0.2367977506586332,0,1,1,0
15.69,93929419,4,18.99,2016-11-01,24200,1,260797,55000,11135,47,5,16,9,23,677,0.2367977506586332,0,0,1,0
27.76,95725140,1,11.49,2016-12-01,6025,0,46957,47000,9042,91,7,38,12,12,742,0.23093607081390768,0,1,1,0
26.01,91353796,0,10.99,2016-10-01,15000,1,511816,82000,30641,260,4,134,9,109,717,0.2258930782682992,0,0,0,0
22.25,91161568,3,10.99,2016-10-01,21000,0,347670,131500,40993,453,4,127,5,148,752,0.22820244156389516,0,0,1,0
25.44,93700973,3,12.74,2016-11-01,35000,1,462414,121000,4637,159,7,155,1,1,682,0.2258930782682992,0,0,0,0
10.82,91190392,2,22.39,2016-10-01,16000,1,127154,60000,757,107,12,98,4,6,692,0.22820244156389516,0,1,0,1
14.37,91298592,0,16.99,2016-10-01,16000,0,191715,110000,24004,107,5,165,2,2,687,0.23846830760717275,0,0,1,0
21.44,91427815,2,13.49,2016-11-01,8400,1,328717,45000,2656,136,9,104,2,33,737,0.2962094049669217,1,0,0,0
13.79,95329386,0,11.49,2016-12-01,35000,0,448748,112511,7233,185,3,132,8,71,762,0.2586338582330572,1,0,0,1
28.47,90265158,1,17.99,2016-10-01,19200,1,27952,55000,12698,172,5,90,5,5,672,0.2367977506586332,0,1,0,0
6.94,91678001,1,7.99,2016-10-01,20000,0,62226,88000,23419,177,1,124,7,7,717,0.2398335190568419,0,1,0,0
25.99,92144062,2,16.99,2016-10-01,1000,1,61970,29000,25873,333,4,175,2,2,687,0.22541344615680733,0,1,1,0
28.9,95179213,2,13.99,2016-12-01,7200,0,26895,25000,5628,65,1,32,6,6,677,0.2367977506586332,0,1,0,0
4.29,94145335,1,19.99,2016-12-01,5000,0,681,17352,681,56,6,129,11,20,722,0.22391551552496644,0,1,0,1
22.97,93981929,0,25.49,2016-11-01,16800,0,21477,40000,8027,97,3,89,13,15,707,0.24772661201898094,0,1,0,0
10.24,93889627,0,13.99,2016-11-01,35000,0,171745,225000,27415,320,9,117,6,19,677,0.22820244156389516,0,1,0,1
23.19,94286480,3,26.99,2016-11-01,10475,1,33335,46000,8131,161,8,84,3,6,667,0.2508940045575526,0,1,0,1
31.73,91555517,1,13.49,2016-10-01,10000,1,66638,52120,8519,200,4,65,7,12,677,0.25400944474180537,0,1,0,1
22.48,91228855,7,14.49,2016-10-01,12575,0,209483,39382,12527,75,5,84,5,13,677,0.24236974246031542,0,0,0,1
10,95010507,1,5.32,2016-12-01,7200,0,32139,132000,6359,224,2,115,1,1,727,0.2508940045575526,0,0,0,0
0.32,94019817,1,24.74,2016-11-01,4025,0,55325,93000,330,123,5,111,2,23,707,0.24178857354630912,0,1,0,1
13.11,94177030,0,6.99,2016-11-01,12000,0,37090,68000,12318,186,0,124,39,52,757,0.21658368254620217,0,1,0,0
14.85,92524919,0,13.49,2016-12-01,25000,0,174933,62000,31028,180,0,114,26,83,712,0.278503507164471,0,0,0,0
19.03,91495363,2,8.24,2016-10-01,7775,1,51646,110000,26132,124,12,120,2,2,662,0.2398335190568419,0,1,1,0
24.58,92492132,0,11.44,2016-11-01,34000,0,251367,110000,34037,58,3,64,18,47,667,0.26936207385807537,0,0,0,1
32.68,94616701,5,11.44,2016-12-01,12000,0,242827,77000,13950,152,10,76,2,6,662,0.2258930782682992,0,0,0,1
17.28,94444902,1,15.99,2016-12-01,16000,0,39381,46597,8965,131,2,176,21,47,687,0.2586338582330572,0,1,0,1
2.99,95320803,2,11.44,2016-12-01,3600,0,443732,225000,13427,299,3,136,3,68,677,0.24178857354630912,0,0,1,0
9.58,92492114,0,7.49,2016-11-01,35000,0,314846,130000,1621,151,1,139,9,9,732,0.23093607081390768,0,1,0,1
21.47,93413064,0,14.99,2016-11-01,23200,0,81099,45000,4982,40,4,45,8,33,667,0.24772661201898094,0,0,0,1
20.36,90995278,3,13.49,2016-10-01,1200,0,12230,25000,7125,143,4,168,5,13,667,0.2508940045575526,1,0,1,0
10.23,95557571,1,7.49,2016-12-01,35000,0,402659,150000,20155,147,6,139,4,14,732,0.2398335190568419,1,0,1,0
4.43,93525945,3,11.44,2016-11-01,12000,0,91349,260000,17572,241,4,137,6,20,677,0.24236974246031542,0,0,1,0
27.81,91354239,0,15.99,2016-10-01,14400,0,55731,45000,4537,152,3,132,12,25,667,0.14194112958139316,0,1,0,0
27.83,92174069,0,8.24,2016-12-01,24000,1,75199,100000,18730,177,4,276,11,11,692,0.2367977506586332,0,1,1,0
13.56,91118030,4,11.49,2016-10-01,8400,0,14533,44000,6666,63,3,63,2,3,667,0.26936207385807537,0,1,1,0
11.87,95330030,3,10.49,2016-12-01,7000,0,18931,35000,6040,260,9,122,3,3,662,0.2367977506586332,0,1,1,0
23.93,95138153,4,5.32,2016-12-01,12000,0,208552,65095,7808,470,7,276,5,11,782,0.24178857354630912,0,0,0,0
29.45,94364870,1,11.39,2016-12-01,9900,1,279099,59000,92347,341,2,229,3,21,757,0.2398335190568419,1,0,1,0
1.93,93791870,2,12.74,2016-11-01,7075,0,57377,56000,2441,127,3,252,7,27,662,0.22820244156389516,0,0,1,0
25.2,92577442,0,11.44,2016-11-01,24000,0,78274,90000,18577,49,2,129,14,32,672,0.19155677855117656,0,1,0,1
24.06,95090485,1,19.99,2016-12-01,15000,0,89501,37000,12550,196,1,142,2,2,662,0.24236974246031542,0,0,1,0
23.02,93602981,3,17.99,2016-11-01,20000,0,78393,55000,31199,186,6,156,3,6,677,0.2508940045575526,0,1,1,0
8.08,91575683,1,10.49,2016-10-01,25200,0,323234,72000,8374,274,1,156,24,124,677,0.16337446126458402,0,0,0,0
12.45,92223872,3,11.44,2016-10-01,19200,0,38350,70000,13712,72,5,122,10,10,682,0.2367977506586332,0,1,1,0
13.8,93546608,0,13.99,2016-11-01,1000,0,17617,32000,0,188,0,158,31,31,672,0.2962094049669217,0,1,1,0
33.06,95417326,3,26.99,2016-12-01,24000,1,129114,75000,28393,234,9,181,6,6,662,0.22820244156389516,0,0,0,1
16.8,95157175,1,11.39,2016-12-01,5000,0,9654,36000,4395,128,1,82,9,9,677,0.26936207385807537,0,1,1,0
26.43,95049798,1,7.99,2016-12-01,5000,0,19845,48500,1258,164,2,124,11,11,682,0.2218279015751931,0,1,1,0
20.41,93655296,7,7.49,2016-11-01,35000,0,325643,106316,32375,167,9,140,1,10,737,0.2218279015751931,0,0,1,0
26.41,91041338,0,14.49,2016-10-01,3500,0,51604,82000,20326,190,6,134,11,18,662,0.2258930782682992,0,0,0,1
23.07,92054139,1,18.99,2016-11-01,5400,1,11645,18000,11645,42,1,131,18,18,692,0.2398335190568419,0,1,0,0
18.37,95173198,0,7.49,2016-12-01,5000,0,186492,57500,1323,137,1,164,5,44,682,0.16402453469631748,0,0,1,0
33.23,92971868,3,11.49,2016-11-01,15000,0,219211,107500,21735,194,11,129,6,9,712,0.16180741466312665,0,0,0,0
6.54,95375540,2,15.99,2016-12-01,20000,0,141972,120000,14840,164,3,176,9,9,687,0.2258930782682992,0,1,0,1
22.97,92707910,3,11.44,2016-11-01,16000,0,35111,70000,10816,136,8,178,10,10,662,0.21910964887857984,0,1,0,1
19.9,94303239,1,5.32,2016-12-01,6100,0,30192,39500,690,122,3,160,6,6,782,0.25450503330821056,0,1,0,0
26.99,92225689,2,22.74,2016-10-01,35000,1,103969,98000,22798,129,10,107,2,2,752,0.21701380971305592,0,0,0,1
3.95,94083474,2,8.24,2016-12-01,7200,0,256732,90000,10837,108,3,103,4,4,677,0.2258930782682992,0,1,1,0
6.66,93197286,0,11.39,2016-11-01,12000,0,6289,35880,6289,133,3,131,5,5,692,0.2367977506586332,0,0,0,0
32.38,94145552,0,11.39,2016-12-01,16000,0,48565,43000,11660,78,3,93,9,59,662,0.16337446126458402,0,1,0,1
34.4,95108561,0,7.24,2016-12-01,16000,0,324812,81000,35394,198,3,122,9,66,712,0.24178857354630912,0,0,0,1
19.63,96143773,1,11.39,2016-12-01,2000,0,20261,48000,2151,243,5,163,7,148,812,0.24178857354630912,1,0,1,0
17.38,95651628,4,13.49,2016-12-01,10000,0,244683,100000,5075,118,4,190,6,39,687,0.22541344615680733,0,0,1,0
7.68,93703466,5,17.99,2016-11-01,6000,0,5217,48000,5217,229,14,125,1,1,667,0.16197620383450775,0,0,1,0
20.44,93280864,1,16.99,2016-11-01,15000,1,220207,60000,28318,19,10,82,1,5,667,0.22541344615680733,0,0,1,0
2.64,95113565,1,5.32,2016-12-01,12000,0,416831,150000,10067,224,7,144,3,5,777,0.22820244156389516,0,0,1,0
6.55,95181674,1,11.49,2016-12-01,13000,0,15751,85000,15751,293,2,129,2,2,717,0.2258930782682992,0,1,1,0
3.09,90511813,3,21.49,2016-10-01,12000,1,1603,33000,1603,55,4,123,6,34,687,0.24772661201898094,0,1,0,0
8.59,94381060,3,12.74,2016-12-01,6000,1,9116,25000,5992,52,2,9,4,51,742,0.2398335190568419,0,1,1,0
28.94,91168638,1,8.99,2016-10-01,14000,0,201292,44000,17586,122,5,198,5,33,702,0.22964600222399478,0,0,0,0
9.78,91305680,2,15.59,2016-10-01,10000,1,29226,61000,14,114,6,117,6,46,677,0.22820244156389516,0,0,1,0
16.2,92807456,4,11.39,2016-11-01,6025,0,220096,60000,1862,121,6,123,1,36,667,0.23093607081390768,0,0,1,0
2.15,93704552,1,12.74,2016-11-01,2400,0,126298,80000,4759,140,6,130,7,7,707,0.2258930782682992,0,1,0,1
4.86,91377860,6,24.74,2016-10-01,30000,0,512833,150000,143,205,5,130,9,13,677,0.23093607081390768,0,0,1,0
10.24,95083616,1,11.44,2016-12-01,35000,0,681618.6899999992,260000,105349.48000000001,240,4,172,11,51,727,0.24178857354630912,0,0,0,1
21,94391110,3,14.99,2016-12-01,10000,0,21547,40000,9501,124,2,276,13,37,677,0.2367977506586332,0,0,1,0
6.93,94336458,1,18.99,2016-12-01,18000,1,292795,55780,0,166,3,123,2,2,692,0.2398335190568419,0,0,0,1
18.91,94142586,3,8.24,2016-12-01,9800,0,70851,119073,21478,170,10,144,1,3,682,0.2258930782682992,0,1,0,0
23.29,93187424,2,16.99,2016-11-01,35000,0,151980,196000,80718,467,4,110,2,5,687,0.2258930782682992,1,0,0,1
10.76,94262898,2,8.24,2016-12-01,6000,0,10644,50000,5439,232,7,13,9,9,722,0.25400944474180537,0,1,0,0
9.55,94007255,2,18.99,2016-11-01,5000,0,5752,24000,4190,26,2,45,4,4,702,0.1764017439336834,0,1,0,1
25.01,93809667,0,11.44,2016-12-01,13050,0,33236,50000,10031,236,3,159,12,12,697,0.22820244156389516,0,1,1,0
20.09,92599134,3,26.99,2016-11-01,16875,0,95422,51200,7266,257,11,109,1,10,717,0.2962466441080822,0,0,0,1
10.67,91949380,0,13.99,2016-10-01,16000,0,19662,82000,11174,106,1,115,19,48,672,0.19155677855117656,1,0,0,1
33.97,93951274,1,13.49,2016-11-01,30650,0,75764,68151,15401,126,4,108,17,20,702,0.21658368254620217,1,0,0,1
18.31,91843866,3,11.39,2016-10-01,15000,0,217247,1,3470,126,13,129,2,18,682,0.22820244156389516,0,0,0,0
33.01,91671394,0,18.99,2016-11-01,25000,0,45645,65000,30054,386,3,159,4,26,677,0.2398335190568419,0,1,0,1
15.97,91446622,6,12.74,2016-11-01,28800,0,681618.6899999992,225000,37054,416,6,135,3,87,712,0.21910964887857984,0,0,0,1
16.25,94038167,2,15.99,2016-12-01,6025,1,9623,27840,5262,62,1,15,15,29,667,0.23093607081390768,1,0,1,0
20.36,95162583,0,11.39,2016-12-01,7500,0,12899,31000,6568,141,2,142,7,7,752,0.24178857354630912,1,0,0,0
3.88,92512943,1,11.44,2016-11-01,16000,0,14542,83000,14542,223,0,131,39,112,687,0.2258930782682992,0,1,0,0
27.69,95193223,0,26.99,2016-12-01,11875,0,37728,55000,13576,358,2,137,9,12,722,0.2586338582330572,0,1,0,1
24.93,91160787,1,13.49,2016-10-01,23250,0,375182,65000,15104,322,5,106,16,27,672,0.22541344615680733,1,0,0,1
12.1,92534854,0,14.99,2016-11-01,21000,0,681618.6899999992,260000,30811,151,6,147,2,68,682,0.22820244156389516,0,0,0,1
17.6,93494123,0,11.49,2016-11-01,20000,0,10010,54000,10010,120,0,148,39,58,677,0.22820244156389516,0,0,1,0
20.2,92832748,0,19.99,2016-11-01,30000,1,262927,85000,44691,161,3,134,11,13,697,0.14194112958139316,0,0,0,1
4.91,92248901,0,10.49,2016-11-01,20000,0,517751,230000,13551,201,0,115,39,111,742,0.2398335190568419,0,0,1,0
14.2,94480508,0,11.44,2016-12-01,30000,0,499475,118000,38112,168,1,98,15,58,677,0.22820244156389516,0,0,0,1
17.17,91242115,0,9.49,2016-10-01,5000,1,170585,105000,7200,97,3,139,8,25,662,0.22820244156389516,0,0,1,0
29.15,94023040,2,10.49,2016-11-01,7000,0,88865,68500,4095,167,4,118,1,49,687,0.2586338582330572,0,1,1,0
10.08,94480238,2,10.49,2016-12-01,10000,0,176434,55000,4800,52,6,48,10,14,677,0.2367977506586332,0,0,1,0
22.11,95142083,0,11.44,2016-12-01,16000,0,172035,57000,23309,132,0,123,30,30,687,0.25400944474180537,0,0,1,0
24.54,92451879,4,7.49,2016-11-01,12000,0,395406,82000,105349.48000000001,328,3,79,6,9,707,0.24236974246031542,0,0,1,0
8.85,92248247,1,7.49,2016-11-01,16000,0,217005,190000,31357,118,3,134,5,5,737,0.2258930782682992,0,0,0,1
30.93,93831700,2,15.99,2016-11-01,7200,1,78277,80000,29354,215,5,218,3,25,702,0.21701380971305592,1,0,1,0
31.94,92245758,1,12.74,2016-11-01,9000,0,89346,70000,6477,94,4,157,16,16,722,0.26936207385807537,0,0,1,0
21.58,91276207,0,13.49,2016-10-01,30125,0,38080,64604.76,13654,402,0,116,25,65,762,0.2258930782682992,1,0,1,0
20.95,93911323,1,11.49,2016-11-01,7200,0,187807,48000,6641,48,8,109,3,12,667,0.2262116396218806,0,0,0,1
11.18,91328347,0,12.79,2016-10-01,21000,0,33922,125000,16710,130,1,112,14,24,662,0.2398335190568419,0,1,0,1
0.88,91027508,3,19.99,2016-10-01,8000,1,99072,34000,441,59,0,132,26,55,697,0.21658368254620217,0,0,0,1
7.03,93841641,0,11.49,2016-11-01,5000,0,134010,27166,2839,114,1,129,5,5,667,0.2367977506586332,0,0,1,0
9.3,92085196,3,21.49,2016-11-01,34450,0,100296,97000,2049,292,2,145,13,59,707,0.21701380971305592,1,0,0,1
10.36,93800430,3,10.49,2016-11-01,12000,0,87393,135000,18558,205,14,134,2,8,687,0.3133839123580087,0,1,1,0
15.17,94336898,0,7.49,2016-12-01,7000,0,59044,70000,12800,193,4,192,17,19,737,0.23846830760717275,0,1,0,1
16.85,94287475,1,5.32,2016-12-01,4000,0,192546,43680,4936,422,4,145,18,18,732,0.14194112958139316,0,0,0,0
23.04,94344254,0,11.49,2016-12-01,3600,0,61872,40000,6709,71,6,158,8,24,707,0.21701380971305592,0,0,1,0
25.82,91948064,3,13.49,2016-11-01,28800,0,308592,60000,14762,136,7,145,5,11,697,0.24772661201898094,0,0,0,1
33.63,91437705,2,11.49,2016-10-01,16500,0,180862,52000,31516,152,6,150,7,7,707,0.1935332077454842,0,0,0,0
24.59,91524079,10,10.99,2016-10-01,17000,0,110950,140000,15160,351,5,181,5,39,682,0.1764017439336834,0,0,1,0
17.72,92657841,0,12.74,2016-11-01,6500,0,10885,30000,10885,203,5,132,14,18,662,0.24178857354630912,1,0,1,0
19.37,95128312,1,14.99,2016-12-01,28000,0,191296,80049.47,36342,173,0,164,29,48,712,0.2398335190568419,0,0,0,0
26.5,91503427,5,13.99,2016-10-01,12000,0,442702,90500,18126,194,11,248,2,11,682,0.22541344615680733,0,0,0,1
18.38,94365060,3,15.99,2016-12-01,4200,0,7629,32000,2321,198,4,198,0,32,712,0.2508940045575526,1,0,1,0
12.36,91628579,5,11.39,2016-10-01,35000,0,681618.6899999992,260000,23113,122,11,137,7,63,702,0.26936207385807537,0,0,0,1
22.62,92569277,0,11.44,2016-11-01,27675,0,416691,93000,41056,280,2,189,13,95,712,0.1764017439336834,0,1,0,0
15.54,93337273,3,12.74,2016-11-01,9600,0,31954,58000,9553,141,5,145,2,10,682,0.25450503330821056,0,0,1,0
11.49,91610169,3,8.99,2016-10-01,3000,0,13593,47000,1387,157,3,49,11,59,772,0.26936207385807537,0,1,0,0
15.74,93109035,1,8.24,2016-11-01,25000,0,36168,98000,14886,186,5,143,13,17,752,0.30642352237957415,1,0,0,0
8.44,94395201,2,17.99,2016-12-01,20000,1,180653,64000,4203,119,6,74,8,19,707,0.25400944474180537,0,0,1,0
15.93,91396443,2,26.99,2016-10-01,12325,0,34369,76000,11711,207,9,121,4,22,667,0.24772661201898094,0,1,0,1
18.63,92901562,1,8.24,2016-11-01,15000,0,417497,90000,2114,123,9,136,3,3,662,0.2258930782682992,0,0,0,0
9.84,92829119,1,12.74,2016-12-01,15000,0,26359,80000,6214,219,2,135,19,20,662,0.24405029299643655,0,1,0,1
6.71,94095980,2,11.49,2016-11-01,7000,0,325394,125000,7433,195,5,219,6,13,682,0.2258930782682992,0,0,1,0
24.82,91844467,2,17.99,2016-10-01,12000,1,44302,60000,15429,450,4,128,5,21,702,0.2258930782682992,0,1,1,0
13.07,92226765,3,23.99,2016-10-01,15000,0,284357,60000,44237,171,7,67,0,0,692,0.21470648544797244,0,0,0,0
27.06,91173097,3,13.49,2016-10-01,8500,0,40062,55000,24336,116,12,117,2,5,702,0.24405029299643655,0,0,0,1
17.56,91573633,0,13.49,2016-10-01,16150,1,21250,52000,3541,119,1,121,6,36,662,0.16180741466312665,0,1,1,0
21,95057560,2,13.49,2016-12-01,35000,0,58073,80000,29528,169,2,163,3,52,692,0.2111913767566574,0,1,0,1
11.48,93972312,1,13.49,2016-11-01,2600,0,476536,112000,9988,146,3,164,3,31,717,0.2258930782682992,0,0,0,1
17.5,93724213,0,19.99,2016-12-01,24000,0,28136,74000,22211,127,2,213,14,14,722,0.15873373683147546,0,1,1,0
22.2,93109941,3,8.24,2016-12-01,3200,0,336934,135000,18743,112,2,129,10,26,717,0.2367977506586332,0,0,1,0
0.75,94461472,7,15.99,2016-12-01,35000,0,574796,161000,2887,130,2,86,6,65,782,0.2218279015751931,0,0,1,0
18.29,91704545,2,11.44,2016-10-01,18000,0,125474,66355.9,17372,162,4,139,0,0,677,0.2367977506586332,0,0,1,0
32.48,94327814,0,16.99,2016-11-01,12000,0,31108,35000,13289,106,2,123,14,66,712,0.16180741466312665,0,1,1,0
26.3,91864640,0,5.32,2016-11-01,15000,0,159153,150000,73822,252,4,143,3,3,707,0.2218279015751931,0,0,0,1
10.97,95334739,0,11.44,2016-12-01,2000,0,195604,130000,6348,117,2,119,2,57,692,0.2508940045575526,0,0,1,0
6.59,93573704,2,7.49,2016-11-01,13700,0,422719,45000,6294,214,3,160,2,2,742,0.2258930782682992,0,0,0,0
20.85,91646888,5,8.24,2016-10-01,7200,0,144953,40000,5536,146,5,157,3,26,677,0.24038555719815624,0,0,1,0
9.52,91960156,3,14.99,2016-10-01,20000,0,267453,78000,18885,207,12,110,2,2,732,0.2367977506586332,0,1,0,0
22.42,93562588,2,11.44,2016-11-01,5000,0,12248,25000,4409,185,4,159,2,7,662,0.24236974246031542,1,0,0,1
12.26,94117358,0,11.39,2016-11-01,17000,0,28623,56000,16201,171,1,208,24,24,702,0.23093607081390768,0,1,0,0
6.77,93505315,3,19.99,2016-11-01,5000,1,64921,25000,4977,115,4,169,6,6,662,0.24038555719815624,0,1,1,0
16.15,91753763,2,24.74,2016-11-01,14775,0,19726,50000,9205,373,8,120,4,5,672,0.2367977506586332,1,0,1,0
5.36,91289504,1,26.99,2016-10-01,16000,1,7865,56000,7865,260,3,113,8,8,682,0.22820244156389516,0,0,0,1
28.38,91416490,1,8.24,2016-10-01,2000,0,119299,60000,13877,442,5,127,2,2,677,0.25400944474180537,0,0,0,0
3.59,92023725,2,12.74,2016-11-01,25000,0,15455,120000,3808,169,1,118,13,148,782,0.2258930782682992,0,1,1,0
22.96,94189493,0,8.24,2016-12-01,10800,1,11670,30000,9177,72,3,139,9,9,722,0.1935332077454842,0,0,0,0
17.66,93931910,5,14.99,2016-12-01,14000,0,183281,42000,7894,138,5,148,10,40,672,0.2262116396218806,0,0,0,0
16.1,94072737,3,11.44,2016-12-01,3500,0,153191,77000,4404,219,7,147,2,8,752,0.25220620065309657,0,0,0,0
22.24,91456666,3,11.44,2016-10-01,4000,0,234218,100000,105349.48000000001,158,3,148,9,31,662,0.1935332077454842,0,0,1,0
8.22,93851187,0,8.24,2016-11-01,5500,0,197841,60000,5915,330,3,162,2,36,712,0.21658368254620217,0,0,0,0
14,91247299,1,13.49,2016-10-01,16000,0,181072,55000,13585,127,2,122,14,16,682,0.22820244156389516,0,0,1,0
17.62,91304552,3,17.99,2016-11-01,24000,1,113529,107500,17111,139,5,137,11,15,672,0.2258930782682992,0,0,0,1
9.66,94781572,3,15.99,2016-12-01,7775,1,19962,117956,2704,113,4,118,3,7,662,0.3133839123580087,0,1,0,1
4.56,95322241,1,21.49,2016-12-01,15000,0,3591,30000,3591,145,2,129,20,20,722,0.2398335190568419,1,0,1,0
16.09,95715589,2,14.99,2016-12-01,2100,0,8340,33000,2375,171,15,5,2,2,702,0.22820244156389516,1,0,1,0
14.64,94716742,0,13.49,2016-12-01,6000,0,306618,125000,16164,129,2,122,8,56,697,0.22820244156389516,0,0,0,0
19.44,91833528,2,12.74,2016-11-01,15000,0,254371,120000,14384,310,11,152,2,6,742,0.2398335190568419,0,0,1,0
19.89,91329089,1,13.99,2016-10-01,4000,1,15664,24859,5167,54,4,63,11,28,692,0.24236974246031542,0,1,1,0
19,94496185,0,13.99,2016-12-01,3000,0,12114,29000,1434,58,2,28,2,2,667,0.21910964887857984,0,1,1,0
24.21,94417232,0,7.49,2016-12-01,8000,0,290133,60000,541,152,1,142,24,64,832,0.22820244156389516,0,0,1,0
21.97,91457349,0,6.99,2016-10-01,4200,0,153501,42500,3527,233,1,168,15,15,737,0.16337446126458402,0,0,0,0
31.42,91052131,4,11.44,2016-10-01,30675,0,503378,125000,24961,69,4,69,7,20,692,0.22541344615680733,0,0,0,0
19.41,95143914,1,11.44,2016-12-01,4800,0,184111,83200,27301,268,3,150,6,100,697,0.2508940045575526,0,0,1,0
12.37,95147491,0,18.99,2016-12-01,35000,0,26659,85000,26659,252,3,138,7,7,662,0.25400944474180537,0,0,0,1
23.5,93983040,4,12.74,2016-12-01,9000,0,266211,36300,4089,179,3,122,5,5,677,0.24772661201898094,0,0,1,0
20.5,91956711,0,11.49,2016-10-01,4050,0,36745,24000,1563,86,1,73,17,35,802,0.22820244156389516,0,1,1,0
27.38,92360198,0,11.44,2016-11-01,24000,1,181078,55000,34407,180,3,145,3,3,707,0.278503507164471,1,0,0,0
26.7,95929569,0,14.99,2016-12-01,20400,0,25413,63000,13524,253,6,54,1,14,752,0.25450503330821056,0,1,0,0
20.4,94412120,1,15.99,2016-12-01,28000,0,568298,120000,67058,308,4,138,3,3,692,0.25400944474180537,0,0,0,1
7.98,93709962,1,13.99,2016-12-01,7825,0,22087,130000,10873,111,0,74,25,26,667,0.3133839123580087,0,1,1,0
16.42,90875214,4,8.99,2016-10-01,15000,0,188213,87000,17108,182,3,180,10,28,732,0.2508940045575526,0,0,0,0
19,93962083,0,5.32,2016-11-01,9600,0,153151,55000,5846,138,6,143,3,6,782,0.2508940045575526,0,0,0,0
23.39,95020484,1,12.74,2016-12-01,8400,0,57096,110000,4073,20,7,161,7,20,667,0.21658368254620217,0,1,0,0
11.15,91305994,2,8.99,2016-10-01,10000,0,173083,65000,4429,213,6,163,6,7,677,0.22541344615680733,0,0,0,0
17.23,92370629,1,12.74,2016-11-01,7500,1,91282,39000,9469,149,3,138,3,3,667,0.24236974246031542,0,0,1,0
21.49,94141862,1,13.49,2016-12-01,2000,1,155074,45000,6121,100,9,122,5,5,682,0.2367977506586332,0,0,1,0
3.74,96043319,0,13.49,2016-12-01,3000,0,207953,80000,9682,90,3,150,4,4,672,0.21470648544797244,0,0,1,0
27.32,94193665,3,8.24,2016-12-01,6000,0,359080,133900,29331,202,13,205,6,6,692,0.25400944474180537,0,0,1,0
25.59,91637595,1,7.99,2016-10-01,25150,0,110773,83500,6003,321,2,199,9,9,807,0.24038555719815624,0,0,0,0
29.78,95349576,6,25.49,2016-12-01,18150,1,128595,90000,12554,54,16,64,0,7,667,0.16180741466312665,0,1,1,0
28.81,91162121,8,13.99,2016-10-01,16000,0,364000,120000,8902,277,10,241,2,45,667,0.2367977506586332,0,0,0,0
28.83,93544084,0,10.49,2016-12-01,20000,1,381688,137000,29263,184,6,173,3,17,747,0.2398335190568419,0,0,0,1
15.19,94096378,0,11.44,2016-11-01,7000,0,41697,55000,5051,183,2,135,20,22,682,0.16402453469631748,1,0,1,0
20.09,91396974,0,18.99,2016-10-01,10000,0,154885,48500,5078,156,6,205,10,24,692,0.21701380971305592,0,0,0,0
23.33,94122976,2,10.49,2016-12-01,2800,1,47971,72000,14305,108,4,106,2,60,727,0.21910964887857984,0,1,0,0
17.28,92024481,3,17.99,2016-11-01,13400,0,283275,80000,509,143,5,148,3,3,692,0.2367977506586332,0,0,1,0
30.35,94931404,0,26.99,2016-12-01,11225,1,29873,52000,4961,83,1,86,14,75,702,0.2258930782682992,0,1,1,0
26.2,92228820,2,22.74,2016-11-01,19800,1,22881,45000,13585,274,8,103,6,6,667,0.2367977506586332,0,1,0,0
27.12,91516713,1,11.49,2016-11-01,7200,0,46480,52000,9610,379,6,96,6,6,687,0.25450503330821056,0,1,1,0
29.76,93451516,4,11.49,2016-11-01,10000,0,69704,50000,12247,140,4,150,2,6,672,0.2398335190568419,0,1,0,1
13.64,92500923,1,11.44,2016-11-01,18000,1,47968,85000,7249,236,8,148,6,6,697,0.2258930782682992,1,0,0,0
12.18,93812621,0,12.74,2016-11-01,10000,0,12097,39000,4641,119,3,115,5,12,667,0.22820244156389516,0,1,0,1
14.06,94215467,3,6.99,2016-12-01,13000,0,176897,95000,7960,172,11,112,5,5,752,0.1935332077454842,0,1,0,0
17.53,91443518,3,17.99,2016-10-01,25600,0,430433,132000,25426,249,8,49,1,5,687,0.2586338582330572,0,0,0,1
20.97,95375087,0,11.44,2016-12-01,35000,0,665474,152000,86358,359,1,180,17,17,727,0.2367977506586332,0,0,0,1
11.25,92845614,8,5.32,2016-11-01,10000,0,368201,82000,1832,85,4,68,4,6,692,0.2258930782682992,1,0,0,1
22.93,91101438,1,8.99,2016-10-01,10000,0,51110,100000,11378,358,5,236,7,7,732,0.2508940045575526,1,0,0,0
22.05,95119516,5,18.99,2016-12-01,15000,1,61533,93000,16402,36,3,61,6,7,672,0.25450503330821056,0,1,1,0
13.23,95437365,4,15.99,2016-12-01,4800,1,168976,139360,23257,181,6,122,4,7,667,0.21658368254620217,0,0,1,0
8.92,93494165,3,15.99,2016-12-01,16800,0,42781,90000,14556,142,8,112,1,7,667,0.1764017439336834,0,0,1,0
15.51,91904318,1,10.49,2016-10-01,10000,0,101644,43000,8351,271,2,82,4,4,662,0.2398335190568419,0,0,0,1
15.88,91198132,0,7.59,2016-10-01,12500,0,340379,130000,6110,158,9,104,6,6,712,0.25220620065309657,0,0,0,0
5.91,92185368,6,15.99,2016-10-01,13000,0,203329,52000,7261,126,8,136,1,25,667,0.22541344615680733,0,0,0,0
18.41,93427032,3,7.99,2016-11-01,17400,0,151305,65000,23091,164,4,266,3,64,707,0.30642352237957415,0,0,0,1
15.76,89052159,1,10.99,2016-10-01,35000,0,205151,51000,31404,231,3,154,4,4,697,0.2398335190568419,0,0,0,1
17.46,91158208,0,15.59,2016-10-01,10075,0,19703,40000,6786,137,2,119,10,10,662,0.2367977506586332,0,1,1,0
26.19,92064060,0,7.99,2016-10-01,10000,1,50602,80000,20359,336,4,43,8,8,687,0.2262116396218806,0,1,0,0
4.67,94229761,5,16.99,2016-12-01,5000,0,26601,16722,1503,204,9,8,0,0,727,0.2508940045575526,1,0,0,0
15.26,93473000,1,13.99,2016-11-01,8400,0,66961,150000,52990,183,1,5,5,60,662,0.2258930782682992,0,1,0,1
11.38,92719343,7,13.99,2016-11-01,15000,1,296369,60000,2958,101,7,3,2,2,697,0.2367977506586332,0,0,0,0
28.02,94095957,1,8.24,2016-12-01,10000,0,34499,60000,14196,256,1,150,3,76,667,0.14194112958139316,0,1,1,0
17.48,90106790,4,15.59,2016-10-01,6025,0,165208,74000,34241,226,6,144,2,24,722,0.23093607081390768,0,1,0,0
20.08,92399927,2,11.44,2016-11-01,15000,1,72089,70000,12325,64,6,75,5,5,677,0.22820244156389516,0,0,1,0
14.96,94235855,6,12.74,2016-12-01,15350,0,311098,97000,0,160,6,124,1,12,682,0.22820244156389516,0,0,1,0
15.79,95259717,3,13.99,2016-12-01,12000,0,11553,52000,11553,166,4,28,3,8,692,0.2398335190568419,0,1,0,0
28.74,95219502,1,17.99,2016-12-01,32000,1,170108,94000,24582,124,6,148,0,18,662,0.21658368254620217,0,0,1,0
35.45,95875715,1,13.49,2016-12-01,20300,0,22536,39000,14371,422,6,125,2,4,702,0.24772661201898094,0,1,0,0
9.3,92241593,1,11.44,2016-11-01,18000,1,231346,100000,17469,162,3,142,7,15,767,0.22820244156389516,0,0,0,0
12.42,92697742,0,11.39,2016-11-01,20000,0,275673,80000,18490,196,1,100,21,21,732,0.23093607081390768,0,0,0,1
26.62,91961169,1,10.49,2016-10-01,9000,0,158060,59244,5597,199,2,206,10,10,682,0.21658368254620217,0,0,0,0
28.25,94229361,2,13.99,2016-12-01,10000,0,99015,70000,16706,341,6,139,11,16,667,0.23093607081390768,0,0,0,1
24.12,90071528,3,25.69,2016-10-01,35000,0,164227,100500,19750,345,9,134,4,8,707,0.21658368254620217,0,1,0,1
18.6,91680748,2,11.44,2016-10-01,5000,1,16048,30000,6661,135,7,7,5,21,662,0.21658368254620217,1,0,1,0
25.59,94470000,8,17.99,2016-12-01,15000,1,107230,60000,5943,376,5,113,6,76,687,0.2367977506586332,0,0,0,1
10.56,92459119,4,7.99,2016-11-01,30000,0,58147,175000,8317,327,6,174,7,30,717,0.24772661201898094,0,1,1,0
26.14,91072692,7,25.69,2016-10-01,11200,1,144541,43008,18256,218,13,126,3,5,667,0.22820244156389516,0,0,0,0
9.45,91943639,0,10.49,2016-11-01,6000,0,5521,80000,3398,96,4,13,2,2,782,0.24405029299643655,0,1,0,0
12.99,95059705,0,8.24,2016-12-01,12000,0,125555,145000,6780,60,6,170,0,11,702,0.21658368254620217,1,0,1,0
2.34,94165768,2,13.99,2016-12-01,10800,0,2246,100000,1639,141,3,116,2,2,692,0.3133839123580087,0,1,1,0
21.71,95928919,1,13.99,2016-12-01,35000,0,260358,77000,25181,149,5,129,1,1,687,0.22820244156389516,0,0,0,1
26.38,91517034,6,5.32,2016-10-01,28000,0,681618.6899999992,260000,38800,352,15,157,7,7,717,0.22820244156389516,0,0,0,1
9.35,95070007,3,17.99,2016-12-01,12000,0,13567,50000,13567,148,8,127,2,2,752,0.2258930782682992,0,0,1,0
13.08,91394698,1,12.74,2016-10-01,11000,0,409564,60000,5064,149,3,120,5,5,717,0.2258930782682992,1,0,0,0
28.98,90101488,4,16.99,2016-10-01,8000,0,52113,35000,4922,256,3,115,2,2,662,0.2398335190568419,1,0,1,0
13.06,95310415,1,7.24,2016-12-01,10800,0,193406,52000,7977,185,8,102,7,11,717,0.24236974246031542,0,0,0,0
17.19,92524038,2,13.49,2016-11-01,25000,1,137063,56400,9922,198,5,276,8,8,682,0.2218279015751931,1,0,0,1
10.57,91650104,6,12.74,2016-10-01,35000,0,681618.6899999992,200000,54611,205,4,238,8,24,677,0.2258930782682992,0,0,1,0
13.61,95083539,5,6.99,2016-12-01,19000,0,272980,125000,36131,195,4,166,11,11,697,0.1764017439336834,0,0,1,0
12.33,93791591,6,11.44,2016-11-01,10000,0,44065,95000,8069,354,7,109,8,10,722,0.23093607081390768,0,0,0,0
24.22,91525368,2,12.74,2016-10-01,5625,1,12501,27000,4230,172,6,153,9,12,677,0.22541344615680733,0,1,0,0
11.13,92629240,8,15.99,2016-11-01,7225,0,34150,74000,6093,115,13,94,3,3,667,0.23093607081390768,0,1,1,0
12.42,92911961,2,8.24,2016-11-01,16500,0,184393,104000,21284,251,2,157,4,47,717,0.2508940045575526,0,0,0,1
26.15,91309178,0,15.59,2016-10-01,7200,0,243418,39000,11013,63,3,95,6,31,692,0.2367977506586332,0,0,1,0
23.85,95038188,1,13.49,2016-12-01,33500,0,68206,112000,31051,191,4,150,4,5,722,0.22820244156389516,0,0,0,1
23.96,93584412,0,16.99,2016-11-01,19075,1,132633,53000,55839,290,1,130,22,22,717,0.2262116396218806,0,0,0,1
20.88,91280217,5,15.59,2016-10-01,7800,0,19715,45000,4956,113,10,106,6,8,702,0.2367977506586332,0,1,0,1
9.72,90171276,4,15.59,2016-10-01,30000,0,213448,144000,16752,136,9,136,6,13,697,0.22820244156389516,0,0,1,0
27.23,64098742,6,11.49,2016-12-01,5000,0,32365,42981,4955,193,1,33,22,31,662,0.2398335190568419,0,1,1,0
29.43,91657760,2,26.99,2016-11-01,14000,0,50370,40000,15306,77,6,40,5,9,662,0.16180741466312665,0,1,0,0
11.55,92421693,3,14.99,2016-11-01,7000,1,169002,40000,3446,118,7,133,2,2,697,0.21470648544797244,1,0,0,1
24.6,94676944,6,25.49,2016-12-01,16000,1,47078,50000,11598,160,5,150,2,2,667,0.22541344615680733,0,1,0,1
21.42,91656338,0,13.99,2016-10-01,8000,0,35084,65000,19772,153,8,145,7,7,692,0.22541344615680733,0,1,1,0
31.11,92419700,2,17.99,2016-11-01,10000,1,57598,76000,22835,232,9,118,1,1,662,0.21658368254620217,0,0,0,1
8.12,94355972,0,14.99,2016-11-01,25000,0,139891,100000,6763,184,2,157,8,95,717,0.2262116396218806,0,0,1,0
9.57,93962944,0,7.99,2016-11-01,6000,1,5570,37000,3711,106,3,130,14,74,697,0.22820244156389516,0,0,1,0
17.98,92205749,4,11.44,2016-11-01,10000,1,68856,83000,3060,174,5,155,1,4,667,0.30642352237957415,0,0,1,0
21.22,95183044,0,12.74,2016-12-01,5000,0,33716,56000,8283,146,7,112,2,2,672,0.24236974246031542,0,1,0,1
21.39,93031149,0,11.49,2016-11-01,16800,0,30924,50000,14925,132,1,124,20,26,717,0.22541344615680733,0,1,0,1
17.99,95028125,0,12.74,2016-12-01,20000,1,42218,110000,22417,413,7,17,9,11,682,0.23093607081390768,0,1,0,0
27.56,95219312,1,7.24,2016-12-01,4000,0,313495,90000,105349.48000000001,239,9,153,4,22,767,0.24772661201898094,0,0,1,0
0.98,94397019,2,25.49,2016-12-01,35000,1,509,104000,509,143,8,129,1,1,782,0.24405029299643655,0,1,0,1
24.68,92718949,5,16.99,2016-11-01,15000,0,34484,46000,11164,147,10,115,1,1,662,0.26936207385807537,0,0,0,1
8.9,94991520,1,11.49,2016-12-01,10000,0,298533,80000,9817,248,4,124,4,127,677,0.21910964887857984,0,0,0,1
20.22,93707532,2,7.49,2016-11-01,7000,0,521941,80000,8509,258,7,146,2,2,777,0.2258930782682992,0,0,0,0
16.65,94334886,2,6.99,2016-12-01,6350,0,16759,55000,2516,287,3,32,4,56,777,0.24405029299643655,0,1,0,0
13.11,94362483,1,13.99,2016-12-01,19000,1,17561,53000,5615,161,3,263,12,17,772,0.2258930782682992,0,1,1,0
24.15,91983575,10,13.99,2016-11-01,14400,0,274279,95000,85006,213,10,165,1,5,697,0.24772661201898094,0,0,0,1
20.22,94122926,5,19.99,2016-12-01,8000,0,16569,33000,6227,124,7,105,3,7,667,0.24038555719815624,1,0,1,0
17.3,94442612,0,11.39,2016-12-01,3500,0,48999,48000,15511,242,5,64,7,7,752,0.24102227492165665,0,0,1,0
7.29,94062245,1,11.49,2016-12-01,8000,0,237795,112000,18599,216,4,148,6,6,692,0.23846830760717275,0,0,1,0
9.14,94105965,0,12.74,2016-12-01,5400,0,21571,60000,547,130,4,110,2,25,717,0.16197620383450775,0,1,1,0
14.25,92777865,0,11.49,2016-11-01,14000,1,21595,48000,10024,86,2,86,13,13,692,0.24038555719815624,0,1,1,0
10.21,95517347,2,14.99,2016-12-01,17300,0,20705,110000,16083,112,2,110,2,2,672,0.2258930782682992,0,1,1,0
6.12,94421027,3,13.49,2016-12-01,5000,0,180168,50000,1580,90,4,111,4,17,732,0.3133839123580087,0,0,1,0
14.67,94163111,3,12.74,2016-12-01,4800,0,114091,189000,39051,262,3,138,4,101,672,0.26936207385807537,0,1,0,1
31.54,92578084,3,7.49,2016-11-01,25000,0,227380,85000,6229,276,4,128,3,3,742,0.19155677855117656,0,0,0,1
30.34,94748826,5,10.49,2016-12-01,6000,0,263785,70000,8394,165,6,129,4,18,712,0.22820244156389516,0,0,0,0
29.37,93933020,0,14.99,2016-11-01,16000,1,54028,59000,11352,117,2,114,12,44,697,0.25450503330821056,0,1,0,0
12.72,95007812,1,24.74,2016-12-01,12500,0,6538,25000,6538,231,0,32,32,49,707,0.3133839123580087,0,0,1,0
3.93,95027736,5,13.49,2016-12-01,35000,0,652855,220000,35568,266,1,217,7,69,682,0.2367977506586332,0,0,1,0
13.83,92524176,3,8.24,2016-11-01,20000,1,25852,71000,19607,191,2,123,3,3,677,0.24405029299643655,0,1,0,1
22.04,92758886,0,11.49,2016-11-01,5000,0,44807,55000,2994,56,11,137,2,3,677,0.2367977506586332,0,0,1,0
5.51,92808159,1,10.49,2016-11-01,3000,0,268237,103000,1680,152,1,53,5,5,662,0.2586338582330572,1,0,0,0
12.97,94460392,1,15.99,2016-12-01,10200,0,350606,135000,23263,162,14,117,7,9,667,0.2258930782682992,0,0,0,1
22.98,94132333,2,7.49,2016-12-01,5600,0,588558,98000,20384,233,5,204,4,4,742,0.2586338582330572,0,0,0,0
0.45,95354959,1,14.99,2016-12-01,8000,0,1902,75000,1902,233,2,61,12,45,752,0.1935332077454842,0,1,0,0
25.12,91834666,9,19.99,2016-11-01,28000,0,131496,130000,59099,198,6,134,7,9,672,0.23093607081390768,0,0,0,0
20.35,91693841,0,17.99,2016-10-01,18750,0,17237,40800,2090,39,10,18,2,2,702,0.2367977506586332,0,1,0,1
11.09,96186960,3,7.99,2016-12-01,8475,0,189646,80000,7026,372,4,156,1,14,767,0.22820244156389516,0,0,0,0
12.91,91636722,5,6.99,2016-11-01,15000,0,207566,96250,8744,120,4,164,3,7,682,0.22964600222399478,1,0,1,0
6.3,95227453,2,8.24,2016-12-01,10000,0,221168,60000,12058,223,2,133,6,148,672,0.24405029299643655,0,0,0,0
10.02,93999036,0,22.74,2016-11-01,12000,0,7672,35589,2988,241,2,8,8,72,742,0.2962466441080822,0,0,1,0
0,92819175,1,13.49,2016-11-01,2000,0,53869,21000,0,234,2,131,18,18,827,0.2367977506586332,0,0,0,0
15.99,91182521,0,8.99,2016-10-01,9600,0,121638,50000,8647,132,3,266,15,32,672,0.3133839123580087,0,0,0,0
23.24,93431273,5,7.49,2016-11-01,5000,1,400694,80000,12843,139,6,155,1,15,692,0.22964600222399478,0,1,1,0
18.38,94378432,2,13.49,2016-12-01,5000,0,32941,70000,25332,251,3,151,1,15,667,0.3133839123580087,0,1,0,1
10.81,95259157,2,10.49,2016-12-01,10000,0,67822,60000,5516,140,5,166,1,67,782,0.23846830760717275,0,0,0,0
17.77,91635810,0,8.24,2016-10-01,20000,0,245626,105000,13227,196,2,136,17,26,722,0.21658368254620217,0,0,0,1
33.01,95136783,9,16.99,2016-12-01,7000,1,26762,38000,2714,152,8,144,6,6,672,0.22820244156389516,0,0,0,0
14.04,91589331,3,14.99,2016-10-01,1200,0,498794,90000,19703,133,6,105,12,12,672,0.2398335190568419,0,0,1,0
18.83,95181067,5,8.24,2016-12-01,6350,0,29422,65000,18810,117,6,163,6,13,697,0.1764017439336834,0,1,1,0
34.57,94191236,0,15.99,2016-12-01,1000,0,44175,20000,4931,196,2,122,24,148,662,0.3133839123580087,0,0,1,0
17.98,94340993,3,17.99,2016-12-01,30000,1,56278,115000,19239,83,7,63,3,3,682,0.23846830760717275,0,1,1,0
11.15,92185718,2,7.24,2016-11-01,7500,1,16563,49736,9389,234,3,162,15,23,717,0.2258930782682992,0,0,1,0
19.19,91047264,0,11.49,2016-10-01,21000,0,32675,46500,11045,171,4,148,3,3,702,0.2258930782682992,0,1,0,1
17.11,92556722,1,13.99,2016-11-01,10000,1,28495,50000,3898,119,5,69,2,2,692,0.2367977506586332,0,1,0,1
6.77,92619188,2,13.99,2016-11-01,3500,0,114739,70000,1091,212,3,54,4,53,672,0.22541344615680733,1,0,1,0
33.96,92512565,1,12.74,2016-11-01,5000,0,13269,25332,7571,407,3,48,12,12,662,0.22820244156389516,0,1,0,1
10.48,91974413,1,11.44,2016-11-01,15000,0,18694,72000,8757,72,4,97,6,6,747,0.23093607081390768,0,1,1,0
27.06,91032949,9,13.49,2016-10-01,26650,1,219103,260000,24310,323,13,123,5,7,717,0.2258930782682992,0,1,1,0
20.29,91307704,11,12.79,2016-10-01,14000,0,281591,100000,10126,126,5,110,4,49,677,0.2367977506586332,0,0,0,1
19,93535646,0,16.99,2016-12-01,30000,0,23788,72000,23164,148,1,172,13,38,707,0.2294121971136406,0,1,0,1
17.15,95340167,0,10.49,2016-12-01,9600,0,313674,120000,10090,168,2,255,13,60,772,0.1089257395525156,0,0,0,0
13.69,92165128,0,11.39,2016-11-01,10000,0,12653,42328,12653,143,4,91,18,42,662,0.2367977506586332,0,1,1,0
15.73,95167810,6,11.39,2016-12-01,9000,0,57838,100000,9479,162,3,148,2,58,712,0.1935332077454842,0,1,0,0
2.07,91774022,3,8.24,2016-10-01,14000,0,553893,90400,7608,114,4,164,5,18,662,0.2258930782682992,0,0,0,0
30.3,94225535,4,13.49,2016-11-01,4500,0,287045,60000,13357,212,5,139,10,10,672,0.1935332077454842,0,0,1,0
11.16,92339768,1,24.74,2016-11-01,27600,1,16765,60000,10829,312,6,134,3,3,677,0.2258930782682992,0,1,0,0
14.1,94030198,1,13.49,2016-11-01,12950,0,115197,36000,6728,61,6,57,4,23,677,0.2218279015751931,0,0,1,0
13.86,92560845,0,15.99,2016-11-01,2000,1,23424,60000,5103,103,2,174,3,46,747,0.2258930782682992,0,1,0,1
24.84,94077313,2,13.49,2016-12-01,20000,1,154367,56000,14687,321,4,144,7,16,692,0.24236974246031542,0,1,1,0
27.68,91039679,2,11.44,2016-11-01,35000,0,275911,102000,46623,470,2,156,8,30,737,0.14194112958139316,0,1,0,1
13.22,91276772,2,9.49,2016-10-01,20000,0,220323,112000,4906,216,7,159,3,5,742,0.22820244156389516,0,0,1,0
16.38,92233475,0,11.44,2016-10-01,7200,1,220553,48000,2404,191,8,134,2,51,672,0.22820244156389516,0,1,1,0
11.08,91854640,1,14.99,2016-10-01,5000,0,236596,39000,7268,238,2,98,0,107,667,0.2367977506586332,0,0,0,1
14.11,94273789,5,7.24,2016-12-01,8000,0,137256,50000,10131,67,3,88,6,29,712,0.22820244156389516,0,0,0,0
11.16,94077986,5,13.49,2016-11-01,8000,0,462773,115000,3737,186,6,155,4,7,667,0.2398335190568419,0,0,1,0
20.46,94666806,1,24.74,2016-12-01,25000,0,365185,96000,34986,181,3,196,11,21,697,0.2258930782682992,1,0,0,1
19.34,94392608,0,8.24,2016-12-01,3625,0,87385,60000,3214,130,2,109,20,20,662,0.21658368254620217,0,1,1,0
28.79,94261955,0,11.39,2016-12-01,12800,0,58701,85000,25661,322,3,73,6,6,707,0.3029734287056215,0,0,0,0
32.46,94390640,0,18.99,2016-12-01,8900,0,161584,40000,37858,265,2,145,5,16,752,0.24178857354630912,0,0,1,0
11.97,91000640,3,8.99,2016-10-01,15000,0,288338,108000,19122,183,11,200,2,11,662,0.21658368254620217,1,0,0,0
12.38,91647588,3,10.49,2016-11-01,4800,1,31570,125000,16339,107,10,136,6,11,697,0.24038555719815624,0,1,1,0
7.44,91112574,1,18.99,2016-10-01,3575,1,170647,20000,3755,110,3,155,3,30,702,0.24772661201898094,0,0,0,1
39.948699999999995,93831300,2,6.99,2016-12-01,10000,0,19215,25000,10384,305,6,123,4,13,692,0.24236974246031542,0,1,1,0
18.45,90641163,2,11.49,2016-10-01,15000,1,24593,62000,16857,133,6,77,2,2,677,0.2398335190568419,0,1,1,0
21.37,93524304,5,16.99,2016-12-01,18000,0,45290,42000,7834,156,6,175,2,2,732,0.2258930782682992,0,1,1,0
26.21,92657285,0,12.74,2016-11-01,15000,0,38466,49000,10515,154,3,128,17,64,682,0.24102227492165665,0,0,1,0
22.65,91557473,5,11.39,2016-11-01,19200,0,37115,80000,9019,133,5,50,4,4,677,0.23846830760717275,0,1,0,0
19.83,93713913,4,24.74,2016-11-01,35000,1,42965,99492,100,97,8,118,5,13,707,0.2262116396218806,0,1,0,1
24.81,95172090,3,11.49,2016-12-01,2500,0,17811,55000,8176,54,4,154,12,17,717,0.2367977506586332,0,1,0,1
20.55,95272127,4,23.99,2016-12-01,8000,0,13609,31000,3501,338,7,119,0,0,687,0.22541344615680733,0,1,1,0
4.46,91951626,2,14.99,2016-11-01,7550,0,3304,21000,3304,136,6,131,1,7,707,0.16180741466312665,0,0,0,0
28.32,94303557,0,15.99,2016-12-01,18000,0,205918,100000,49120,215,3,152,5,5,702,0.2508940045575526,0,0,0,1
11.83,93132918,0,21.49,2016-11-01,34775,0,108537,82848,15091,195,4,143,15,22,682,0.19155677855117656,0,0,0,1
18.46,94446159,3,14.99,2016-12-01,29400,0,50142,90127,24343,181,3,23,10,46,707,0.2258930782682992,0,1,0,1
18.23,91087800,0,12.79,2016-10-01,2100,0,44885,52000,10412,259,1,236,17,38,677,0.2367977506586332,0,1,1,0
12.54,94113128,2,11.39,2016-12-01,9200,0,368654,75000,14381,175,4,164,8,11,682,0.24772661201898094,0,0,1,0
20.75,93674614,8,12.74,2016-11-01,14000,0,68206,80000,6592,75,7,74,2,7,677,0.26936207385807537,0,0,0,0
21.85,91039004,1,11.49,2016-10-01,2000,0,48701,33000,6361,166,2,134,7,7,677,0.2508940045575526,0,1,0,1
9.94,95338552,0,12.74,2016-12-01,14000,0,18727,75000,15878,129,3,176,4,4,662,0.2258930782682992,0,1,1,0
21.42,94566834,7,13.99,2016-12-01,30000,1,176855,75000,11247,75,14,111,14,14,677,0.19155677855117656,0,0,0,1
12.94,95345219,4,8.24,2016-12-01,21000,0,63599,100000,5363,128,5,133,1,18,677,0.2218279015751931,0,1,1,0
22.08,92830581,0,12.74,2016-11-01,4800,0,217154,58000,20460,115,2,98,7,7,722,0.21910964887857984,0,0,0,0
15.27,94118788,0,10.49,2016-11-01,11000,0,183191,95000,5108,269,1,139,15,75,832,0.22820244156389516,0,0,1,0
17.6,92599214,1,12.74,2016-11-01,6000,0,43713,50000,6846,70,4,83,7,7,677,0.2262116396218806,0,1,0,1
16.37,95876868,2,14.99,2016-12-01,25000,0,66780,115000,39069,210,6,149,11,21,667,0.24178857354630912,0,1,0,1
18.17,94413991,5,11.49,2016-12-01,30000,1,681618.6899999992,260000,24996,172,5,171,3,12,737,0.24772661201898094,0,0,0,1
5.46,90241939,2,19.99,2016-10-01,35000,0,18264,108000,7244,46,7,31,4,4,732,0.22820244156389516,0,1,0,1
15.16,92064805,0,15.99,2016-10-01,5600,0,122472,165000,65969,191,7,157,7,7,692,0.2586338582330572,1,0,1,0
19.1,91523617,6,7.99,2016-10-01,3500,0,272561,50000,2785,65,7,140,1,1,727,0.25400944474180537,0,0,1,0
18.69,91061576,2,11.49,2016-10-01,6000,0,529840,80000,13715,142,7,93,11,16,667,0.26936207385807537,0,0,0,0
14.01,90936424,1,19.99,2016-10-01,28000,1,56425,110000,27774,129,4,113,2,2,677,0.2258930782682992,1,0,1,0
14.49,92576379,2,16.99,2016-11-01,7000,1,319312,123000,10704,309,5,47,2,2,662,0.2398335190568419,0,0,1,0
15.17,94477078,1,7.99,2016-12-01,4000,0,6184,25000,5139,470,12,134,3,14,692,0.16180741466312665,0,1,1,0
6.81,95111523,3,7.49,2016-12-01,30000,0,681618.6899999992,260000,30004,259,8,141,3,17,707,0.2294121971136406,0,0,1,0
14.59,93484577,2,15.99,2016-11-01,10000,0,57019,65000,4055,71,5,89,14,17,662,0.2258930782682992,0,1,1,0
25.51,93790202,2,8.24,2016-11-01,11050,1,224894,42000,16315,162,6,171,3,3,702,0.1305656166082932,1,0,0,0
25.46,92360823,5,13.49,2016-11-01,10000,0,134017,46000,7374,48,8,88,5,12,682,0.21470648544797244,0,0,1,0
25.96,93686508,4,26.99,2016-11-01,12800,0,30985,35500,14612,127,11,147,3,3,667,0.22541344615680733,0,1,1,0
22.68,90413386,0,8.59,2016-10-01,35000,0,589027,140000,52849,320,6,157,13,13,727,0.24236974246031542,0,0,0,1
30.65,91650185,1,14.99,2016-10-01,6000,0,196248,125000,27450,198,5,151,11,26,662,0.2398335190568419,0,1,0,1
2.9,90735605,3,13.99,2016-10-01,5000,0,265818,110000,180,38,4,23,4,12,757,0.2435476551350135,0,0,0,0
24.24,91950527,1,13.99,2016-10-01,15000,0,257807,60000,7819,90,10,49,2,22,697,0.2367977506586332,0,0,0,0
21.74,91163102,0,13.99,2016-10-01,21000,0,80521,53000,17119,162,1,133,24,24,707,0.22964600222399478,0,1,0,1
19.84,92839978,0,13.99,2016-11-01,3000,0,184540,105000,59884,156,1,153,15,111,687,0.24772661201898094,0,0,1,0
10.36,93553621,0,11.44,2016-11-01,5500,1,7443,30000,7443,84,0,131,34,74,692,0.25450503330821056,1,0,1,0
4.48,91127827,1,11.49,2016-11-01,7000,0,70565,71000,8973,161,5,144,3,3,682,0.1305656166082932,1,0,0,0
19.26,91638938,1,17.99,2016-11-01,10800,0,11216,36000,1565,151,6,107,7,7,772,0.22964600222399478,0,1,1,0
11.84,94841496,6,17.99,2016-12-01,11725,1,334961,122000,10531,166,2,175,6,6,677,0.21658368254620217,0,1,1,0
8.8,93738247,6,8.24,2016-11-01,7800,0,151917,50892,6572,96,6,101,9,9,677,0.2262116396218806,0,0,0,1
18.92,94477187,3,11.44,2016-12-01,5000,0,91825,52000,15439,136,2,155,3,6,687,0.2262116396218806,1,0,0,0
10.19,94375168,2,14.99,2016-12-01,7200,0,10486,75000,4699,204,12,154,1,5,672,0.2367977506586332,1,0,1,0
17.05,94616952,1,24.74,2016-12-01,14000,0,215207,140000,18481,78,7,117,5,17,662,0.21658368254620217,0,0,1,0
33.27,91238036,3,16.99,2016-10-01,18000,1,39575,44580,10385,225,15,126,6,6,662,0.26936207385807537,0,0,0,1
27.41,94123781,4,17.99,2016-12-01,8350,0,184206,88300,23133,122,4,137,6,8,712,0.22820244156389516,0,0,1,0
8.2,95147171,3,13.49,2016-12-01,6000,0,22464,108200,5787,256,10,47,6,9,672,0.2398335190568419,0,1,1,0
27.04,91222141,1,13.49,2016-10-01,5000,0,94946,58000,16141,98,6,154,8,8,667,0.24236974246031542,0,1,0,1
31.11,94142929,1,8.24,2016-12-01,8000,0,128652,52000,12975,223,8,131,4,4,672,0.22820244156389516,0,1,1,0
13.14,65353772,3,11.39,2016-11-01,4800,0,43266,37000,414,47,4,74,4,4,732,0.2258930782682992,0,1,1,0
4.67,94480115,3,13.99,2016-12-01,12000,0,401046,85000,18705,212,4,129,6,6,687,0.22541344615680733,0,0,1,0
30.76,91535900,12,8.24,2016-10-01,5000,1,111506,81000,4741,257,13,92,2,13,727,0.22820244156389516,1,0,0,0
25.49,93574334,2,11.39,2016-11-01,20000,1,34363,56731,5459,156,4,167,1,5,677,0.2962094049669217,0,0,0,1
14.63,93951781,0,12.74,2016-11-01,10000,0,49790,100000,37858,108,2,245,16,43,702,0.2258930782682992,0,1,1,0
25.93,93542350,0,8.24,2016-11-01,18000,0,287331,145000,8412,179,2,142,20,67,662,0.2258930782682992,0,0,0,0
20.68,91306602,2,9.49,2016-10-01,10000,0,63148,50131.92,24998,277,4,163,10,38,687,0.2258930782682992,1,0,0,0
8.77,94294050,3,13.99,2016-12-01,4700,0,14562,59100,6023,110,3,11,1,8,672,0.1764017439336834,0,1,1,0
15.57,95038160,0,8.24,2016-12-01,7000,0,62911,40000,10001,171,6,124,6,6,752,0.2218279015751931,1,0,1,0
10.52,91070492,1,18.99,2016-10-01,14950,1,12051,34000,12051,186,1,131,7,7,672,0.24405029299643655,0,1,0,0
25.86,92095005,6,11.44,2016-10-01,12000,0,46453,85000,13962,138,7,146,2,9,662,0.23846830760717275,1,0,1,0
16.87,91296977,1,8.59,2016-10-01,4800,0,86840,48950,1868,380,4,159,7,7,722,0.25450503330821056,0,0,0,0
10.15,94078809,2,15.99,2016-12-01,24000,0,64898,155000,14457,212,7,142,4,6,682,0.2962466441080822,0,0,1,0
23.73,95138937,0,10.49,2016-12-01,4300,1,400757,120000,9384,150,1,127,21,54,662,0.16180741466312665,1,0,0,0
23.55,40350353,2,11.44,2016-11-01,8000,0,150088,106000,6902,127,14,176,2,13,682,0.21910964887857984,0,1,0,0
21.4,91312067,1,5.32,2016-10-01,10000,0,243652,84000,4635,174,0,156,25,25,827,0.16197620383450775,0,0,0,0
8.59,93949424,2,10.49,2016-11-01,9000,0,192724,62000,18194,140,3,133,5,13,667,0.2262116396218806,0,0,1,0
24.31,93390626,0,12.74,2016-11-01,15000,0,85107,150000,27044,251,2,118,15,15,662,0.2367977506586332,0,0,1,0
22.8,93809706,2,12.74,2016-11-01,8000,0,176483,50000,4935,121,3,121,5,62,687,0.2508940045575526,0,0,1,0
0,91279541,9,26.49,2016-10-01,12000,0,253497,38000,25000,221,4,142,2,17,702,0.2508940045575526,0,0,1,0
34.99,92270747,0,13.49,2016-11-01,1000,0,51869,48000,6301,137,3,132,2,28,677,0.16180741466312665,0,1,0,1
20.94,92840949,0,13.99,2016-11-01,7200,0,60896,100000,4427,147,7,192,2,19,752,0.22391551552496644,0,1,1,0
22.52,94392484,2,26.99,2016-12-01,13675,1,20692,30000,2760,50,7,190,1,24,717,0.2262116396218806,0,1,1,0
9.16,91568457,5,11.39,2016-10-01,24000,1,187812,65000,4946,146,7,61,4,5,742,0.21658368254620217,1,0,1,0
11.73,91298695,4,10.49,2016-10-01,10000,0,9581,62000,7572,233,3,129,5,6,762,0.2398335190568419,0,1,0,0
8.88,94750842,2,11.44,2016-12-01,3000,0,27920,55000,5771,73,5,63,4,4,732,0.2218279015751931,0,1,0,0
13.34,95041433,0,13.99,2016-12-01,10000,1,70147,62000,4381,330,2,121,4,51,667,0.22820244156389516,0,1,0,1
5.3,90395094,1,9.49,2016-10-01,15000,0,35680,47000,5381,157,0,117,30,30,752,0.24236974246031542,0,1,0,0
5.57,94424230,1,21.49,2016-12-01,16000,1,15,87000,15,64,1,134,14,14,692,0.2367977506586332,1,0,0,0
17.52,94446489,1,11.49,2016-12-01,8400,0,63222,41720,11628,133,5,162,2,3,702,0.2962466441080822,0,1,1,0
19.63,91465210,0,6.99,2016-10-01,28300,0,411645,158000,24449,301,6,113,4,108,742,0.2586338582330572,0,0,0,1
25.52,95825372,3,14.99,2016-12-01,7000,0,52686,30000,7929,135,11,134,6,15,702,0.16180741466312665,1,0,1,0
17.8,93762143,3,13.49,2016-11-01,15000,0,141645,73440,13390,217,5,254,3,3,697,0.2367977506586332,0,1,0,0
12.32,91170367,1,7.99,2016-10-01,30000,0,436122,89000,27625,256,12,147,3,9,762,0.1764017439336834,0,0,1,0
10.72,96063764,11,21.49,2016-12-01,6025,0,39098,83000,1107,129,11,133,1,1,692,0.23093607081390768,0,1,1,0
12.78,93106441,11,15.99,2016-11-01,10000,1,16771,52000,6224,256,16,127,1,1,777,0.2367977506586332,0,1,0,1
30.49,91687896,2,13.99,2016-10-01,15000,1,61182,45000,17173,60,3,56,2,2,707,0.24405029299643655,0,1,1,0
20.38,90392150,0,10.99,2016-10-01,15000,0,154290,55000,8624,296,8,133,4,4,712,0.22820244156389516,0,0,0,0
31.25,91644434,7,24.74,2016-12-01,12000,0,44357,32000,3773,75,4,76,10,35,687,0.25220620065309657,0,1,1,0
33.72,95587139,1,18.99,2016-12-01,10000,1,106222,44000,13395,189,8,103,1,21,692,0.24178857354630912,0,0,1,0
21.96,92369179,0,11.44,2016-10-01,5000,0,115644,92666,10858,136,4,186,4,113,727,0.2258930782682992,0,1,0,0
15.24,92193829,1,11.49,2016-10-01,8000,0,598439,260000,104326,268,7,149,3,3,667,0.2367977506586332,0,0,1,0
33.43,95091427,1,26.24,2016-12-01,11500,1,21824,32760,3971,121,8,175,3,3,722,0.24038555719815624,0,1,0,0
12.43,94173921,0,7.49,2016-12-01,35000,0,84050,172000,38824,206,5,145,4,36,702,0.2398335190568419,0,1,0,1
19.07,93297640,3,14.99,2016-11-01,28000,0,124435,100000,6450,297,4,101,10,30,662,0.25400944474180537,0,0,1,0
29.02,90946808,7,13.49,2016-10-01,4600,0,343403,50000,13485,99,7,60,4,4,687,0.2258930782682992,0,0,0,0
22.75,91486606,3,12.74,2016-10-01,20000,0,390176,94000,16006,143,6,168,2,2,672,0.2367977506586332,0,0,0,0
25.8,91152875,0,12.79,2016-10-01,8000,1,49885,70000,26775,137,5,142,12,12,702,0.2258930782682992,0,1,1,0
21.4,94454394,0,17.99,2016-12-01,35000,1,43167,85000,1415,60,1,83,13,60,682,0.22391551552496644,0,1,0,1
3.04,91330449,1,13.49,2016-10-01,3000,0,2307,34000,2307,103,0,132,39,50,722,0.16180741466312665,0,1,1,0
8.64,91950622,1,13.99,2016-11-01,6000,0,21304,100000,4156,134,3,114,9,20,662,0.2398335190568419,0,1,1,0
24.32,92183229,0,7.99,2016-10-01,11200,0,213054,65000,8017,97,4,158,3,3,742,0.19155677855117656,0,0,0,0
25.21,94391343,2,11.39,2016-12-01,15000,0,301865,85000,5722,62,4,138,2,2,707,0.2367977506586332,0,0,0,0
19.34,92183319,4,15.99,2016-10-01,10000,0,200252,62000,3931,149,4,135,2,15,722,0.21910964887857984,0,0,0,0
19.3,92371049,6,14.99,2016-11-01,29800,0,436386,140000,26667,228,6,83,2,2,697,0.2258930782682992,0,0,0,1
15.6,91945614,0,7.49,2016-11-01,35000,0,319257,83000,95996,262,4,150,14,16,757,0.2258930782682992,0,0,1,0
6.32,95666463,1,13.99,2016-12-01,25000,0,155765,60000,3345,298,3,161,1,1,692,0.2367977506586332,0,0,0,0
8.29,95336298,0,11.39,2016-12-01,4800,0,9629,52000,1986,150,5,105,3,3,717,0.2258930782682992,0,1,0,0
18.57,91814228,2,10.49,2016-10-01,20000,0,141267,60000,19297,136,3,108,2,27,707,0.2218279015751931,0,0,0,0
17.09,91172294,1,7.99,2016-10-01,15000,0,280786,116200,16835,51,4,34,13,21,707,0.2258930782682992,0,0,0,0
25.41,94121923,1,11.49,2016-12-01,10000,1,397652,80000,5140,176,4,110,3,8,682,0.23846830760717275,0,0,1,0
23.23,91303213,0,15.59,2016-10-01,16000,1,67045,90000,44035,405,3,49,4,4,667,0.2258930782682992,0,0,1,0
13.36,94223344,2,7.24,2016-12-01,8500,0,39599,84000,1984,172,4,125,4,24,762,0.2398335190568419,0,1,1,0
0.2,91017699,2,6.99,2016-10-01,30000,0,1405,150000,1405,172,4,49,10,148,807,0.2258930782682992,0,0,0,1
29.62,94496846,3,13.99,2016-12-01,35000,0,279835,150000,31725,366,5,124,3,16,727,0.3133839123580087,0,0,0,1
13.4,94105536,7,13.49,2016-12-01,12000,1,58404,124000,7379,98,7,138,4,10,697,0.2367977506586332,0,0,1,0
19.35,91407800,11,26.24,2016-10-01,35000,1,360705,160000,15502,219,16,148,5,15,677,0.2258930782682992,0,0,1,0
22.93,94395973,5,11.49,2016-12-01,20000,0,279171,103856,16114,157,7,162,2,18,727,0.24772661201898094,0,0,1,0
30.03,93434448,5,26.99,2016-12-01,19000,1,65558,50000,11543,24,7,51,6,7,672,0.2262116396218806,0,1,0,1
25.15,94423644,2,15.99,2016-12-01,12000,1,29167,62000,10810,112,5,110,1,10,727,0.2398335190568419,0,1,0,0
16.62,91554675,3,11.39,2016-11-01,12000,1,14605,43824,6148,470,4,137,5,12,662,0.22964600222399478,0,0,0,1
25.25,92289724,1,13.99,2016-11-01,35000,0,362700,119289,18253,207,2,130,4,76,687,0.2218279015751931,0,0,0,1
18.62,90551529,1,24.99,2016-10-01,12000,0,122195,64000,26244,155,5,99,3,7,687,0.21910964887857984,0,0,1,0
33.88,94239607,1,7.99,2016-12-01,8000,0,317145,78000,28046,322,3,83,6,14,732,0.2367977506586332,0,0,0,1
33.9,95096173,2,8.24,2016-12-01,2700,0,158854,39405.48,2788,222,6,141,6,9,702,0.2262116396218806,0,1,1,0
13.13,91434655,1,24.74,2016-10-01,5400,0,1584,18000,407,79,1,118,14,14,672,0.2258930782682992,0,1,0,1
21.34,90210511,0,25.49,2016-10-01,35000,1,372971,92000,31548,141,3,223,12,37,667,0.2398335190568419,0,0,1,0
12.68,93278952,2,14.99,2016-11-01,8275,0,72187,23000,5824,64,5,131,2,2,717,0.21658368254620217,0,0,1,0
10.97,93851983,0,17.99,2016-11-01,8000,1,12043,35000,5125,130,5,2,2,17,667,0.2258930782682992,0,1,1,0
5.11,91965863,0,13.49,2016-10-01,5700,0,437254,220800,12068,244,2,113,17,17,672,0.2586338582330572,1,0,1,0
32.09,91554654,2,13.49,2016-10-01,24000,0,97017,100000,34282,216,1,130,7,148,777,0.2367977506586332,0,1,1,0
10.82,91477171,0,13.99,2016-10-01,16000,0,348811,93000,3211,265,2,148,4,5,672,0.2398335190568419,1,0,1,0
17.63,91443413,3,12.79,2016-10-01,20000,0,484390,120000,15402,307,3,158,8,8,672,0.2398335190568419,0,0,0,0
20.47,93859639,0,11.44,2016-11-01,10000,0,142524,38000,12185,86,3,79,13,13,712,0.25400944474180537,0,0,1,0
27.61,94243187,0,11.49,2016-12-01,9625,1,46057,53765.02,7657,154,1,181,13,102,687,0.23093607081390768,0,1,1,0
21.44,94424499,4,18.99,2016-12-01,8400,1,376195,168000,32132,99,12,222,2,7,677,0.2586338582330572,0,0,1,0
11.01,95188568,1,7.99,2016-12-01,3000,0,199633,75000,4031,96,3,138,7,7,702,0.26936207385807537,0,0,1,0
13.19,92575260,0,8.24,2016-11-01,10000,0,218008,103008,3230,163,1,177,22,109,717,0.2262116396218806,0,0,0,0
28.14,93872514,3,17.99,2016-11-01,18000,1,115883,96000,12828,71,5,130,2,2,662,0.24772661201898094,1,0,0,0
15.95,94253950,4,7.99,2016-12-01,10800,0,178815,55000,9703,112,5,72,4,16,717,0.19155677855117656,0,0,1,0
8.71,94343582,0,14.99,2016-12-01,15000,0,93036,68640,9834,238,6,21,6,6,672,0.19155677855117656,0,0,0,1
5.31,92369726,2,8.24,2016-11-01,20000,0,34112,140000,20222,207,2,276,1,8,667,0.24772661201898094,0,1,1,0
9.42,92852400,2,15.99,2016-11-01,1500,0,28283,105000,10224,160,4,128,5,19,677,0.24772661201898094,0,1,1,0
12.61,95928517,4,11.39,2016-12-01,10000,0,35862,112000,11383,196,4,133,7,7,667,0.21658368254620217,0,0,0,0
11.22,92480199,8,18.99,2016-11-01,12800,1,124335,75000,3697,184,6,134,4,7,672,0.2218279015751931,0,0,0,1
5.15,92114785,0,17.99,2016-10-01,30000,1,19198,150000,6294,186,1,16,16,38,667,0.24405029299643655,0,1,1,0
23.74,93451128,0,19.99,2016-11-01,15450,1,43684,100000,2487,39,8,157,7,10,677,0.2258930782682992,0,1,0,1
12.9,94123783,1,14.99,2016-12-01,14000,0,17343,48000,11512,97,2,16,7,56,677,0.26936207385807537,0,1,0,1
28.58,91027616,8,26.24,2016-11-01,14000,0,681618.6899999992,225000,105349.48000000001,215,10,141,2,103,682,0.2262116396218806,0,0,0,1
1.38,95296846,1,15.99,2016-12-01,1500,0,40371,25920,90,70,4,63,4,4,692,0.2218279015751931,0,1,0,1
25.42,92440083,1,11.39,2016-11-01,1800,0,152367,50000,7326,137,5,136,4,35,722,0.2962094049669217,0,0,1,0
24.49,92559858,4,11.49,2016-11-01,16000,0,80834,96000,9906,218,11,137,2,2,677,0.14194112958139316,0,1,1,0
12.19,89816305,0,8.99,2016-10-01,29000,0,73786,145000,17511,360,5,139,6,12,727,0.2258930782682992,0,1,0,0
27.46,95127035,4,13.49,2016-12-01,7300,1,33447,50000,978,39,11,57,4,10,667,0.22820244156389516,0,1,1,0
11.19,91308074,3,7.59,2016-10-01,3000,0,12414,115000,1037,201,2,191,13,41,722,0.2258930782682992,0,1,0,0
29.96,91041832,4,18.99,2016-10-01,12000,1,184665,66096,11276,191,7,156,10,19,662,0.3029734287056215,1,0,0,0
13.28,96190418,0,7.99,2016-12-01,15000,0,27769,90000,21076,58,2,46,9,22,732,0.22820244156389516,0,1,1,0
10.83,91684334,0,11.49,2016-11-01,12000,0,82077,45000,11530,214,2,143,20,22,687,0.22964600222399478,0,0,1,0
11.63,91169048,5,11.49,2016-10-01,5000,0,3918,42000,3918,355,6,159,2,6,667,0.22541344615680733,1,0,0,1
3.21,91373682,2,17.99,2016-10-01,2000,0,251682,60000,4735,443,2,125,17,17,692,0.2258930782682992,0,0,0,0
18.13,94297745,2,21.49,2016-12-01,21000,0,25914,46000,5752,223,11,120,0,16,667,0.2258930782682992,0,1,1,0
20.79,92320707,1,11.49,2016-11-01,12000,0,49666,53000,11770,355,4,144,2,2,687,0.2258930782682992,0,1,1,0
23.35,91642420,0,13.99,2016-10-01,12000,0,99204,31000,9136,101,1,51,13,27,732,0.3029734287056215,0,0,0,0
24.1,94296803,2,16.99,2016-12-01,5200,0,33133,38000,6316,218,6,147,1,1,727,0.2367977506586332,0,1,1,0
39.948699999999995,91516193,1,21.49,2016-10-01,35000,1,132491,25000,28428,128,3,157,11,15,687,0.24772661201898094,0,0,0,1
25.04,93870616,5,17.99,2016-11-01,30000,0,159011,150000,39061,409,10,160,3,3,662,0.22820244156389516,0,0,1,0
13.49,94172501,0,16.99,2016-12-01,22000,0,163956,50000,15166,112,5,9,9,14,702,0.1764017439336834,1,0,1,0
24.5,94361084,6,11.49,2016-12-01,6000,1,321268,66560,10022,174,11,143,3,4,727,0.2258930782682992,0,0,1,0
27.09,91630349,3,12.79,2016-10-01,4000,0,137819,56000,17871,320,4,190,3,4,697,0.2218279015751931,0,0,1,0
20.85,93051732,1,7.99,2016-11-01,7000,1,61957,65000,5712,157,7,152,5,14,737,0.22820244156389516,0,1,1,0
36.05,95654559,6,14.99,2016-12-01,31650,0,427229,58326.68,11379,263,7,184,5,5,722,0.3029734287056215,0,0,0,1
19.61,93526066,0,12.74,2016-11-01,18900,1,19790,45000,17077,199,2,130,3,59,672,0.2258930782682992,0,1,1,0
21.7,95176351,5,16.99,2016-12-01,30000,1,405910,85000,43460,156,8,139,1,5,687,0.23093607081390768,0,0,1,0
12.81,94436987,5,25.49,2016-12-01,11500,0,206521,50400,13220,136,9,141,2,2,672,0.21658368254620217,0,0,0,1
22.52,91347755,2,26.99,2016-11-01,11000,1,24284,38000,4421,40,4,50,0,40,707,0.21701380971305592,0,1,1,0
12.2,91227357,1,16.99,2016-10-01,2000,0,56991,30000,6997,183,2,130,8,8,692,0.2586338582330572,0,1,1,0
20.63,92911228,0,13.49,2016-11-01,8000,0,36396,42000,6049,113,5,161,5,24,667,0.2398335190568419,0,1,0,1
20.48,94246504,0,8.24,2016-11-01,2100,0,35783,75000,20643,152,2,141,15,50,677,0.24405029299643655,0,1,0,0
9.05,92219384,2,8.24,2016-10-01,2500,1,446842,100000,7302,127,6,138,7,19,697,0.2258930782682992,0,0,0,0
8.56,94378633,4,10.49,2016-12-01,6000,0,192531,61000,2944,58,2,43,0,33,757,0.2508940045575526,0,0,0,0
8.68,93116064,6,26.99,2016-12-01,13850,1,399228,90000,9119,123,6,5,2,12,677,0.24772661201898094,1,0,0,1
27.93,93071983,8,17.99,2016-11-01,28000,0,557508,128000,38209,470,8,125,10,10,667,0.21658368254620217,0,0,1,0
16.8,93951702,0,12.74,2016-11-01,10000,0,17653,23000,8094,303,2,148,23,23,697,0.2367977506586332,1,0,0,0
27.95,91398113,1,22.74,2016-10-01,10000,0,320048,75000,61705,89,10,159,3,17,662,0.24236974246031542,0,0,0,0
10.81,91248594,3,6.99,2016-10-01,8000,0,448705,118500,4001,120,5,122,7,8,767,0.1305656166082932,0,0,0,0
32.3,92043844,5,16.99,2016-11-01,7025,0,38553,49740,11175,308,8,100,2,2,707,0.3133839123580087,0,1,0,1
17.19,94285260,3,12.74,2016-12-01,5000,1,40838,50000,26184,173,5,182,3,3,662,0.3029734287056215,0,1,0,0
15.64,94411685,0,8.24,2016-12-01,30000,0,141507,63000,26215,388,5,129,6,6,742,0.2218279015751931,0,0,1,0
9.23,91010728,1,10.49,2016-10-01,12000,0,256898,77529,11372,210,6,217,7,8,672,0.25400944474180537,0,0,0,0
14.63,91188863,2,13.99,2016-10-01,35000,0,200154,110000,13625,137,5,196,11,39,712,0.2218279015751931,0,0,1,0
16.56,90695658,1,17.99,2016-10-01,25000,0,97604,126000,11432,182,3,131,11,38,712,0.2258930782682992,0,0,0,0
11.16,91089310,7,22.39,2016-10-01,25000,0,146088,150000,100613,231,15,177,1,1,722,0.2258930782682992,0,0,0,0
13.48,91483772,1,6.99,2016-10-01,5000,0,107512,70000,730,167,3,85,16,24,747,0.24772661201898094,0,0,0,0
29.82,94526712,3,19.99,2016-12-01,13850,0,117115,33000,7180,132,5,232,6,132,692,0.2367977506586332,1,0,0,0
9.92,93962866,6,5.32,2016-12-01,12000,0,210228,92500,6310,148,3,148,15,19,727,0.16197620383450775,0,0,0,0
13.99,90993027,2,11.49,2016-10-01,14000,0,325790,58000,16062,137,5,96,4,14,672,0.16180741466312665,0,0,1,0
31.45,93401743,0,15.99,2016-11-01,20000,0,134812,50000,18872,270,1,24,24,25,687,0.24178857354630912,0,0,0,1
30.42,91217418,3,11.44,2016-11-01,5000,0,204240,40000,9386,181,3,36,15,15,667,0.23846830760717275,0,0,0,0
10.48,91173736,1,11.49,2016-10-01,16000,0,49437,80082,6550,219,5,75,12,14,662,0.24178857354630912,0,1,1,0
21.67,91101922,1,10.49,2016-10-01,16000,0,37550,63000,29704,352,2,145,3,49,672,0.21910964887857984,0,1,0,0
18.71,95218120,1,5.32,2016-12-01,8000,0,22136,56000,3058,470,3,105,4,18,727,0.2367977506586332,0,1,0,0
10.53,92164792,1,10.49,2016-11-01,20000,0,44837,160400,544,267,3,171,11,38,727,0.22391551552496644,0,1,0,0
24.63,92379289,2,11.44,2016-11-01,20000,0,175300,63000,16404,214,5,141,5,13,697,0.22964600222399478,0,0,0,1
20.35,90330667,0,17.99,2016-10-01,35000,1,234641,73000,15352,155,4,169,1,148,662,0.3029734287056215,0,0,0,1
16.79,94125928,6,11.44,2016-12-01,18000,0,274461,125000,16211,109,6,258,4,31,717,0.22820244156389516,0,0,0,0
24.38,93217526,2,18.99,2016-11-01,4800,0,483824,100000,34724,232,3,143,5,5,672,0.2398335190568419,0,0,1,0
21.16,92838378,2,11.49,2016-11-01,35000,0,330513,158000,105349.48000000001,250,2,116,6,18,732,0.2508940045575526,0,0,1,0
13.69,94150300,1,11.49,2016-12-01,2500,0,270129,85000,8034,304,1,113,14,83,697,0.3133839123580087,0,0,0,1
9.24,90220551,0,15.99,2016-10-01,7300,0,387275,80000,4072,146,1,157,2,13,677,0.2258930782682992,0,0,1,0
32.57,90765350,0,13.99,2016-10-01,7000,1,33411,68800,17953,223,4,122,5,37,672,0.22820244156389516,0,1,1,0
20.7,92561242,0,12.74,2016-11-01,15000,0,216322,60000,14123,130,1,125,9,9,732,0.25450503330821056,0,0,1,0
20.4,92757413,0,13.99,2016-11-01,8100,0,20743,36000,10686,132,2,241,15,15,692,0.25450503330821056,1,0,0,0
8.75,95638238,0,10.49,2016-12-01,4000,0,6458,30000,6458,210,7,180,4,15,672,0.24405029299643655,0,1,1,0
19.81,94027934,0,11.49,2016-12-01,1000,0,102986,7700,305,18,4,63,10,18,742,0.24038555719815624,0,1,0,1
19.12,92739368,4,11.49,2016-11-01,5000,0,30283,56000,4815,207,4,137,4,63,682,0.2367977506586332,1,0,0,1
16.93,92647937,0,7.24,2016-11-01,5000,0,11808,42000,3537,104,5,130,4,4,757,0.23846830760717275,0,1,0,0
19.2,92524975,1,11.44,2016-11-01,10000,0,232607,60000,13394,144,3,47,11,11,697,0.2398335190568419,1,0,0,0
0,95163403,0,23.99,2016-12-01,1275,1,0,17500,0,224,1,129,12,12,692,0.30642352237957415,1,0,1,0
9.64,95333206,4,10.49,2016-12-01,10000,0,69783,120000,10843,153,5,140,1,1,667,0.2258930782682992,0,0,0,0
22.09,93217445,9,5.32,2016-11-01,5600,0,345735,88000,600,332,2,115,7,148,782,0.24405029299643655,0,0,0,0
14.84,93400672,1,12.74,2016-11-01,8000,1,36224,60000,4219,218,3,124,1,1,692,0.2962466441080822,0,0,1,0
8.85,94412919,2,19.99,2016-12-01,6400,1,16905,48000,7580,17,6,37,5,5,682,0.22820244156389516,0,1,1,0
28.82,94426083,6,11.44,2016-12-01,21000,0,381613,120000,26361,155,16,140,1,1,742,0.24772661201898094,0,0,0,1
19.71,93061790,4,13.49,2016-11-01,5000,0,19835,69908,7973,186,8,111,3,5,697,0.2258930782682992,1,0,1,0
27.9,93849663,0,13.99,2016-11-01,4000,1,169958,73000,25004,136,11,159,1,1,662,0.24236974246031542,1,0,0,1
1.07,94455415,1,14.99,2016-12-01,10800,1,144163,33600,2285,66,2,129,12,30,732,0.22541344615680733,0,0,0,0
28.64,93799770,0,26.99,2016-12-01,22800,1,73460,60000,16250,101,6,75,6,14,677,0.19155677855117656,0,1,0,1
14.96,91304889,0,19.99,2016-10-01,10000,0,76318,45000,10632,193,2,131,13,28,702,0.2262116396218806,0,1,1,0
9.15,90723443,2,10.99,2016-10-01,2400,0,23013,44000,3923,19,4,55,4,9,712,0.2398335190568419,0,1,1,0
14.59,92113997,1,11.39,2016-11-01,7000,0,28686,50000,13715,201,4,137,1,1,677,0.2294121971136406,0,0,1,0
22.47,93809829,5,24.74,2016-12-01,28000,0,112577,102000,33611,314,7,148,1,11,667,0.2258930782682992,0,0,0,0
26.44,91328367,3,5.32,2016-10-01,12000,1,113575,68522,6947,229,5,131,1,29,732,0.22820244156389516,0,0,0,0
22.43,95038544,9,14.99,2016-12-01,7000,1,33139,72000,14655,470,13,117,8,8,667,0.2218279015751931,1,0,1,0
3.06,92123356,0,26.99,2016-10-01,20000,0,101454,87500,9408,212,3,264,2,2,677,0.21658368254620217,0,0,0,1
17.6,81741128,1,11.39,2016-11-01,15000,0,59803,75000,9600,88,4,99,1,5,687,0.2398335190568419,0,1,1,0
20.22,93583662,4,21.49,2016-11-01,24000,1,37496,95000,5333,87,6,41,1,1,662,0.2258930782682992,0,1,0,1
23.24,90697381,2,24.99,2016-10-01,4750,0,8313,22000,1813,103,9,109,2,2,692,0.22964600222399478,1,0,1,0
28.24,94201383,1,14.99,2016-12-01,24000,0,78894,62000,12778,139,7,135,2,3,737,0.16402453469631748,0,1,0,0
31.39,92216329,6,16.99,2016-10-01,25700,0,396133,90000,43918,392,6,120,5,12,722,0.22820244156389516,0,0,1,0
1.2,89887227,0,13.49,2016-10-01,8000,0,969,85000,969,77,3,109,6,7,707,0.22820244156389516,0,0,1,0
16.56,92659532,4,14.99,2016-11-01,6000,0,28183,49000,3878,153,10,125,3,24,662,0.1935332077454842,0,0,1,0
4.54,93613083,2,17.99,2016-11-01,20000,1,69322,80000,10518,119,0,78,28,28,692,0.2258930782682992,0,1,0,0
10.8,91631388,2,13.99,2016-10-01,2650,0,14794,31000,1577,25,2,49,2,2,707,0.24236974246031542,0,1,1,0
2.45,91405785,2,8.24,2016-10-01,35000,1,189710,103000,8061,290,4,251,2,117,717,0.24236974246031542,0,0,1,0
15.64,91574579,1,26.99,2016-10-01,14825,1,23803,50328,5248,177,6,27,6,13,672,0.2258930782682992,0,1,0,1
20.37,95173433,2,10.49,2016-12-01,5000,0,100765,78667.68,3748,254,3,116,1,54,662,0.24038555719815624,0,0,1,0
11.43,93522534,12,11.39,2016-11-01,25000,0,673338,260000,105349.48000000001,162,10,147,2,86,777,0.22541344615680733,0,0,1,0
11.57,92389124,0,7.24,2016-11-01,13200,0,11987,72000,9494,185,0,119,37,37,707,0.22820244156389516,0,1,1,0
25.57,90708327,2,11.49,2016-10-01,7000,0,34161,46000,4393,51,6,60,6,17,662,0.2586338582330572,0,1,0,1
25.22,91524822,0,10.99,2016-10-01,5000,0,12694,19032,5751,132,2,109,20,20,677,0.24178857354630912,0,1,0,0
20.36,91365312,5,11.49,2016-10-01,26400,0,283109,93500,2629,203,7,169,5,9,747,0.21701380971305592,0,0,0,0
11.37,94250845,1,11.39,2016-12-01,16000,1,78835,80000,12979,149,10,139,2,9,682,0.24178857354630912,0,1,1,0
28.59,93432032,2,16.99,2016-12-01,35000,0,681618.6899999992,170000,105349.48000000001,249,3,37,11,12,662,0.24178857354630912,1,0,0,1
5.48,90827079,2,8.99,2016-10-01,10000,0,8264,75000,8264,182,6,92,7,7,687,0.2258930782682992,1,0,1,0
25.88,95128186,6,26.99,2016-12-01,6400,1,60493,73000,15976,161,12,196,5,7,667,0.23093607081390768,0,1,1,0
20.96,91395214,6,18.99,2016-10-01,21000,0,192692,60000,13172,129,9,131,1,17,702,0.16180741466312665,0,0,1,0
3.98,93950234,1,15.99,2016-11-01,3825,0,11286,76500,1934,22,3,217,6,6,677,0.15873373683147546,0,0,1,0
10.4,92451803,0,14.99,2016-11-01,5500,0,19686,54000,1230,49,2,22,15,49,707,0.19155677855117656,0,1,1,0
16.64,91281294,1,13.49,2016-10-01,22000,1,243670,82000,3988,123,3,152,11,11,712,0.22820244156389516,0,1,0,0
31.8,91894554,0,12.74,2016-10-01,15000,0,94527,55000,34445,336,0,204,29,54,677,0.16197620383450775,0,1,0,0
4.3,91090815,2,17.99,2016-10-01,6800,0,5769,50000,5769,122,5,132,2,16,717,0.21910964887857984,0,1,1,0
6.21,92184955,0,8.24,2016-10-01,10000,0,146162,48000,8842,96,2,106,7,7,672,0.2262116396218806,0,0,0,0
22.17,92114790,3,7.49,2016-10-01,8000,0,313112,82000,7897,107,3,165,3,5,697,0.1764017439336834,0,0,1,0
18.21,95715632,1,7.99,2016-12-01,32000,0,123797,90000,22054,167,4,136,6,18,687,0.1935332077454842,0,0,1,0
18.56,95326166,4,17.99,2016-12-01,25600,0,263441,65000,17935,55,8,122,0,0,697,0.2258930782682992,0,0,1,0
23.22,94071287,2,15.99,2016-12-01,22000,0,681618.6899999992,211000,83081,195,2,99,14,34,692,0.26936207385807537,0,0,1,0
8.91,92561500,0,11.49,2016-11-01,18000,0,26124,80000,16243,121,0,81,30,82,702,0.2258930782682992,0,1,0,1
15.72,94202010,4,17.99,2016-12-01,14000,0,31865,52000,2356,164,9,70,4,18,662,0.26936207385807537,0,1,0,1
19.65,91631481,1,11.49,2016-10-01,21000,1,172424,85000,6976,99,5,91,8,8,697,0.21658368254620217,0,0,1,0
4.33,95330368,0,11.49,2016-12-01,30500,0,25489,170000,6912,202,5,129,8,39,692,0.2262116396218806,0,1,1,0
28.03,92687220,1,8.24,2016-11-01,18000,0,280406,125000,105349.48000000001,325,3,123,3,3,717,0.16180741466312665,0,0,0,0
30,92214415,0,6.99,2016-10-01,4800,0,141741,65000,55197,164,3,229,15,39,767,0.25450503330821056,0,0,0,0
20.59,95296625,3,13.49,2016-12-01,20000,0,28700,59800,17112,101,4,50,2,2,672,0.24405029299643655,0,1,0,1
12.63,94069844,6,6.99,2016-12-01,26250,0,524360,260000,5185,197,9,148,11,11,732,0.2398335190568419,0,0,0,1
5.54,95325125,0,19.99,2016-12-01,16025,1,9598,40000,9598,197,5,130,3,3,687,0.2398335190568419,0,1,0,1
21.25,94743771,1,10.49,2016-12-01,30000,0,155046,132000,36977,314,6,139,6,21,717,0.26220086013005467,0,0,0,1
20.37,91298212,1,8.59,2016-10-01,6900,0,311761,75000,1041,121,4,26,6,12,757,0.25400944474180537,0,1,1,0
23.03,91514295,0,11.44,2016-10-01,18000,0,29733,66800,6882,389,3,115,3,3,737,0.2398335190568419,1,0,0,0
14.8,94305159,0,13.49,2016-11-01,35000,0,207866,93000,36897,131,3,126,22,22,707,0.22820244156389516,0,0,1,0
32.91,95350888,3,13.99,2016-12-01,2500,0,29373,20000,3499,106,5,81,2,2,692,0.3133839123580087,0,1,0,1
18.56,94009272,2,11.39,2016-11-01,5000,0,230763,90000,17693,240,5,96,4,50,722,0.22541344615680733,0,0,0,0
13.27,92500768,0,7.49,2016-11-01,10000,0,140801,130000,15186,226,2,137,13,34,687,0.2367977506586332,0,0,1,0
12.95,91358704,1,13.99,2016-10-01,18000,0,431864,140000,15018,147,15,216,18,19,707,0.14194112958139316,0,0,0,0
4.93,93130134,3,14.99,2016-11-01,24000,1,16646,83000,16646,103,5,131,6,6,662,0.2367977506586332,0,1,1,0
16.78,90708243,2,16.99,2016-10-01,18925,1,32371,55000,7308,49,3,11,4,4,697,0.2258930782682992,0,1,0,0
28.17,91242767,2,11.49,2016-10-01,6025,0,33240,55000,5659,131,15,34,1,1,722,0.23093607081390768,0,1,1,0
28.2,95066799,4,16.99,2016-12-01,3000,0,26074,45916.06,6744,132,5,129,9,9,692,0.2258930782682992,0,1,0,0
22.35,92260410,1,15.99,2016-11-01,25000,0,59596,90000,19397,184,5,198,7,7,677,0.2367977506586332,0,1,0,1
12.87,95447620,0,5.32,2016-12-01,9800,0,202601,50000,5070,182,5,94,13,14,802,0.16180741466312665,0,0,1,0
21.32,91179365,3,11.49,2016-10-01,12000,0,198140,90000,24043,229,7,134,3,8,677,0.2367977506586332,0,0,0,1
13.6,91168473,8,13.99,2016-10-01,20000,0,120305,70000,21016,201,2,120,12,13,692,0.22820244156389516,0,0,1,0
3.12,92788040,1,18.99,2016-11-01,12000,0,519701,80000,5923,464,7,127,2,22,662,0.2367977506586332,1,0,0,0
17.35,90060135,0,9.49,2016-10-01,21600,0,274174,72500,12024,146,4,236,2,5,707,0.2258930782682992,0,1,0,0
20.4,94196443,0,18.99,2016-11-01,3000,0,500,15000,469,112,3,73,6,6,677,0.3029734287056215,1,0,1,0
28.96,93932625,6,11.49,2016-12-01,1500,0,60006,74000,1794,227,9,168,1,3,682,0.22820244156389516,0,1,0,1
23.79,93950637,2,13.99,2016-12-01,10000,1,18050,51000,9102,183,1,56,10,39,667,0.22820244156389516,0,0,0,1
17.82,94215232,1,26.24,2016-11-01,35000,0,124583,93000,10172,191,5,131,5,27,667,0.2398335190568419,0,0,0,1
24.04,93740294,1,26.24,2016-12-01,12750,1,36119,38000,4680,159,5,142,13,17,672,0.21701380971305592,1,0,0,0
19.82,91680646,4,17.99,2016-11-01,14400,0,86582,41000,6984,261,5,134,3,3,727,0.21701380971305592,0,0,1,0
13.99,92981146,0,12.74,2016-11-01,25000,0,432259,150000,23376,200,2,154,24,148,752,0.2508940045575526,0,0,0,0
24.38,93972623,5,14.99,2016-11-01,30200,0,526712,160000,31253,287,15,119,3,3,682,0.2258930782682992,0,0,1,0
8.51,93809614,4,10.49,2016-11-01,20000,0,681618.6899999992,260000,7033,117,8,123,2,12,682,0.23093607081390768,0,0,1,0
14.77,94175540,4,8.24,2016-11-01,2400,0,216944,71000,8598,176,8,111,3,3,762,0.2218279015751931,0,0,0,0
8.53,91239287,6,11.49,2016-10-01,3125,0,4116,92000,2544,113,6,99,6,6,682,0.2258930782682992,0,1,1,0
17.91,93318075,0,10.49,2016-11-01,13200,0,34703,42000,6981,194,2,140,16,16,667,0.14194112958139316,0,1,0,0
10.57,95262190,2,11.49,2016-12-01,2500,0,370598,62000,6423,50,3,131,3,50,662,0.22391551552496644,0,0,1,0
24.31,91081276,0,22.39,2016-10-01,15000,0,283102,79000,13205,195,1,122,13,103,712,0.22541344615680733,0,0,0,0
18.99,92084417,1,26.24,2016-10-01,11950,1,49298,95000,6468,331,12,108,0,4,677,0.21658368254620217,0,1,0,1
19.47,94606332,0,12.74,2016-12-01,12000,0,19188,54000,10864,309,1,137,13,13,762,0.30642352237957415,0,1,1,0
17.19,91222608,1,6.99,2016-10-01,12000,1,30821,110000,4016,390,1,44,15,72,767,0.2258930782682992,0,0,0,0
5.75,92718267,3,10.49,2016-11-01,16000,0,380764,100000,16729,212,2,118,4,50,697,0.2258930782682992,0,0,0,0
18.65,91642488,5,26.99,2016-10-01,10500,1,13937,32500,4091,215,10,150,1,1,677,0.2218279015751931,1,0,0,1
34.67,94300282,5,12.74,2016-12-01,12000,1,122531,78055,17423,354,7,126,5,6,677,0.2367977506586332,0,1,0,0
22.93,91454889,4,11.44,2016-10-01,7000,0,116499,72000,19847,228,5,156,1,2,702,0.2508940045575526,0,0,0,0
17.7,91616101,2,14.49,2016-10-01,12000,0,52035,39400,1448,79,3,95,2,2,737,0.2367977506586332,0,1,0,1
14.43,90257284,1,21.49,2016-10-01,13475,1,28416,38000,11041,67,10,29,0,3,672,0.2398335190568419,0,1,0,1
15.26,92319897,0,10.49,2016-10-01,3850,0,87066,35000,4286,106,2,55,22,13,707,0.19155677855117656,0,0,1,0
7.46,91188955,3,5.32,2016-10-01,12000,0,86927,120000,10430,200,12,174,2,2,747,0.22820244156389516,1,0,0,0
27.2,91528319,0,13.99,2016-10-01,4700,1,33257,46675,14626,263,8,172,1,1,662,0.19155677855117656,1,0,0,1
10.15,91002887,3,24.49,2016-10-01,25200,0,23847,100000,19762,51,10,95,7,8,662,0.21910964887857984,0,1,1,0
19.13,91416052,1,8.24,2016-10-01,10000,0,20349,50000,9965,109,4,143,1,12,667,0.2262116396218806,0,1,0,0
24.16,91543327,1,11.49,2016-10-01,10000,1,136005,66000,5446,268,6,146,1,2,667,0.2586338582330572,1,0,0,1
8.73,92560188,1,5.32,2016-11-01,6000,0,426669,72000,1566,102,4,125,4,96,717,0.2258930782682992,0,0,0,0
3.85,92829012,3,8.24,2016-11-01,7200,0,6369,45000,6369,96,7,62,4,4,747,0.14194112958139316,1,0,0,0
24.21,94189741,1,18.99,2016-12-01,8725,0,16730,37080,4010,139,3,144,3,101,662,0.22391551552496644,0,1,1,0
8.53,92578432,3,22.74,2016-11-01,30000,0,445629,178200,4486,272,7,121,12,67,672,0.2258930782682992,0,0,0,1
8.8,91189455,9,12.79,2016-10-01,24000,0,151780,48000,19469,161,7,157,9,14,677,0.2508940045575526,0,0,0,0
6.35,94328698,1,26.99,2016-12-01,22500,1,22155,45000,1271,156,4,161,4,15,702,0.23846830760717275,0,0,1,0
13.59,95928396,3,13.99,2016-12-01,12000,0,51703,70000,13010,389,13,149,1,1,667,0.2218279015751931,0,0,0,0
20.2,92203277,1,8.24,2016-11-01,11200,0,179894,85000,45299,280,7,130,1,4,712,0.24236974246031542,0,0,0,0
23.1,91296036,7,11.49,2016-10-01,20000,0,69912,110000,13913,137,5,52,2,2,687,0.25220620065309657,0,0,0,1
21.5,94191951,4,16.99,2016-12-01,15000,0,73756,83000,7091,117,5,114,4,4,687,0.2367977506586332,0,0,1,0
9.97,91407431,6,10.49,2016-10-01,6000,0,102666,56000,3618,150,2,89,7,29,762,0.22820244156389516,0,0,1,0
22.53,90697844,1,11.49,2016-11-01,1500,0,8211,17000,7270,112,2,73,2,2,662,0.2218279015751931,0,1,0,1
18.19,95126383,3,8.24,2016-12-01,35000,0,339166,108000,20690,245,3,129,4,4,747,0.23093607081390768,1,0,0,1
30.81,93522643,2,11.49,2016-12-01,1600,0,82281,40000,3907,280,5,216,5,10,752,0.2962466441080822,0,0,1,0
28.26,94016860,3,21.49,2016-11-01,12600,0,115370,35000,11132,71,5,62,4,4,677,0.16180741466312665,0,0,0,1
26.24,93841233,0,11.49,2016-11-01,20000,0,163812,66000,17911,145,2,80,6,6,672,0.24236974246031542,0,0,0,1
12.82,92627130,1,13.49,2016-11-01,7500,0,41876,32760,3847,43,3,45,16,20,712,0.21701380971305592,0,1,1,0
27.16,95097813,2,7.99,2016-12-01,9500,0,51615,65000,17880,124,3,134,5,16,707,0.14194112958139316,0,1,0,0
10.58,93674216,1,15.99,2016-11-01,12000,1,8887,48000,8451,99,4,99,5,5,677,0.2258930782682992,0,1,0,1
16.07,94636485,4,11.49,2016-12-01,1000,0,224004,100000,25768,228,2,143,13,47,722,0.25400944474180537,0,0,0,0
20.96,92844552,1,16.99,2016-11-01,5000,1,50713,45000,28778,224,9,224,3,8,692,0.24772661201898094,0,1,1,0
9.81,91041214,0,6.99,2016-10-01,4800,1,440407,140000,105349.48000000001,104,1,21,21,95,682,0.2258930782682992,0,0,1,0
7.86,91435514,1,8.24,2016-11-01,15000,0,47778,75000,8444,266,2,128,18,48,667,0.22820244156389516,0,0,1,0
10.3,92618166,2,17.99,2016-11-01,24000,0,24445,65000,14189,116,6,112,3,8,682,0.2262116396218806,0,1,0,1
23.83,91330849,2,11.39,2016-10-01,35000,1,498684,260000,105349.48000000001,267,3,134,12,28,682,0.22820244156389516,0,0,0,1
13.38,94285327,2,8.24,2016-12-01,24900,0,528398,260000,53340,195,6,160,2,47,702,0.24772661201898094,0,1,1,0
25.37,92083241,1,11.49,2016-10-01,12000,0,213638,165000,84670,254,8,161,4,4,692,0.2398335190568419,0,0,1,0
17.35,91476631,0,8.24,2016-10-01,7000,0,252907,80000,6520,199,2,139,12,32,662,0.16180741466312665,0,0,0,0
28.97,90124888,0,17.99,2016-10-01,14400,0,107468,70000,78028,197,7,276,9,15,677,0.14194112958139316,1,0,1,0
19.93,95053798,1,26.99,2016-12-01,14500,0,20726,33000,20726,47,1,129,22,22,687,0.24178857354630912,0,0,0,1
19.51,92778675,1,18.99,2016-11-01,30000,0,471815,105000,14560,256,4,20,6,8,662,0.23093607081390768,0,0,0,1
6.03,90697258,0,8.99,2016-10-01,7000,0,5346,47000,4004,169,2,123,5,75,682,0.23846830760717275,1,0,1,0
27.22,91170466,1,17.99,2016-10-01,6000,0,47440,21600,6745,84,5,60,1,1,687,0.14194112958139316,0,1,0,1
7.8,91632302,0,11.39,2016-10-01,3000,0,9958,36000,8037,127,5,131,2,2,712,0.2258930782682992,0,1,1,0
34.26,92525312,1,13.49,2016-12-01,27000,1,107328,86000,25658,35,12,42,2,11,662,0.22820244156389516,0,1,0,1
14.88,95825393,4,11.49,2016-12-01,1600,0,120230,55000,7646,223,4,132,6,8,707,0.24038555719815624,0,0,0,0
12.23,91433122,8,5.32,2016-10-01,16000,0,358345,159000,48567,156,4,119,7,7,767,0.24102227492165665,0,0,0,0
8.45,92842737,12,13.99,2016-11-01,24000,0,242829,200000,38811,273,14,162,6,7,667,0.21910964887857984,0,0,1,0
6.06,93711396,6,18.99,2016-11-01,14000,0,259472,100000,1557,148,11,149,3,106,727,0.2367977506586332,0,0,1,0
18.44,93961743,2,24.74,2016-11-01,28725,0,271702,98000,28733,276,12,177,2,2,662,0.26936207385807537,0,0,0,1
20.98,91567982,2,12.74,2016-10-01,6000,0,15474,31000,2604,46,5,18,8,20,747,0.2218279015751931,0,1,1,0
27.53,94288614,3,26.24,2016-12-01,12800,0,47780,52000,5735,193,4,31,4,42,662,0.2367977506586332,0,1,0,1
16.99,91060420,0,26.99,2016-11-01,10950,1,77864,81000,4977,149,2,174,3,12,667,0.19155677855117656,0,0,1,0
2.84,92575923,4,10.49,2016-11-01,4900,0,41555,41000,2569,116,4,125,7,12,692,0.3133839123580087,0,1,0,1
7.75,95275847,0,7.24,2016-12-01,12000,0,13606,80000,3856,144,1,113,12,12,752,0.2367977506586332,0,1,0,0
19.35,93463737,4,13.49,2016-11-01,2400,1,59195,83000,14484,122,8,148,4,4,682,0.22820244156389516,0,1,0,1
20.43,92749104,2,12.74,2016-11-01,7500,0,29808,59800,5313,63,1,141,20,33,677,0.2258930782682992,0,1,0,0
31.48,91198330,4,15.59,2016-10-01,9100,0,178185,52000,10992,134,3,137,11,20,672,0.3045384699149415,1,0,0,1
30.39,91457265,1,12.74,2016-11-01,6000,1,77303,46000,12666,90,14,142,1,1,687,0.16180741466312665,0,1,0,1
28.76,93724136,12,21.49,2016-11-01,33100,1,48936,69000,4442,102,2,107,7,102,682,0.3029734287056215,1,0,0,1
19.88,95295517,5,12.74,2016-12-01,5500,0,19874,37000,19874,261,7,129,3,3,697,0.22820244156389516,1,0,1,0
20.15,94346486,5,17.99,2016-12-01,9750,1,195061,74000,5790,112,4,100,3,15,662,0.24038555719815624,0,0,1,0
27.52,93708476,1,12.74,2016-11-01,8775,0,17016,43000,1510,115,2,167,21,21,687,0.2258930782682992,1,0,0,1
33.38,92163576,3,11.49,2016-10-01,5000,0,77184,48000,4652,27,6,38,5,27,667,0.22820244156389516,0,1,0,1
39.948699999999995,94156543,0,17.99,2016-12-01,30000,1,154460,22000,5973,186,1,140,17,17,667,0.24772661201898094,0,0,0,1
26.14,95577682,1,13.99,2016-12-01,20000,0,520812,87000,14755,60,8,145,1,14,677,0.24178857354630912,0,0,0,1
29.98,93593835,2,18.99,2016-11-01,24000,0,211556,60000,9060,176,2,143,5,32,662,0.24038555719815624,0,0,0,1
31.34,91733830,4,23.99,2016-10-01,33725,0,189892,110000,21178,311,7,252,8,50,702,0.25400944474180537,0,0,0,1
8.07,93723501,1,8.24,2016-11-01,4000,0,10386,55000,2482,131,4,151,13,13,667,0.21701380971305592,0,1,0,0
30.62,91240713,2,18.99,2016-10-01,29150,0,353900,175000,53881,222,8,110,3,3,682,0.25450503330821056,1,0,0,1
19.55,91229785,9,26.99,2016-10-01,10400,1,216640,38000,3604,161,6,159,1,1,662,0.1764017439336834,0,0,1,0
22.2,92769610,1,8.24,2016-11-01,25200,0,300052,165000,31368,410,6,140,7,7,772,0.2398335190568419,0,0,0,0
21.21,94450120,11,13.49,2016-12-01,6025,0,130304,70000,4659,72,7,77,11,13,662,0.23093607081390768,0,1,1,0
25.95,95296124,1,13.99,2016-12-01,21000,0,107213,128000,10012,169,7,169,12,13,697,0.2258930782682992,0,0,0,1
18,94299556,3,19.99,2016-12-01,3200,0,12305,30000,935,192,8,160,4,5,787,0.2367977506586332,0,1,0,1
15.79,95736524,0,13.99,2016-12-01,8000,0,60214,169000,10271,175,6,150,9,9,687,0.22820244156389516,0,1,0,1
25.34,94586503,3,11.39,2016-12-01,10000,0,397959,70000,9981,173,7,181,11,29,692,0.24405029299643655,0,0,0,1
28.64,91984186,2,22.74,2016-11-01,18225,1,53546,50000,7798,231,5,125,0,0,682,0.23846830760717275,0,1,0,1
7.8,92233650,9,18.99,2016-10-01,7200,0,282362,71984,7399,47,16,30,4,7,687,0.2586338582330572,0,0,0,1
15.57,95577598,3,14.99,2016-12-01,5000,1,42879,83000,9708,126,7,128,3,3,702,0.2258930782682992,0,1,0,1
20.5,91611467,1,10.49,2016-10-01,2500,0,106464,26000,373,119,2,113,5,5,667,0.2218279015751931,0,0,0,0
7.7,92831593,3,11.39,2016-11-01,2500,0,39763,44000,2721,84,5,127,3,76,667,0.24772661201898094,0,0,0,0
7.07,92992451,2,12.74,2016-11-01,16500,0,209612,110000,20148,257,3,120,4,12,727,0.26936207385807537,0,0,1,0
18.21,90985466,6,9.49,2016-10-01,1000,0,224222,69000,2639,210,6,198,7,7,717,0.3133839123580087,0,0,1,0
20.56,91101332,1,10.99,2016-10-01,11500,0,332883,120000,28238,184,7,135,4,21,682,0.3029734287056215,1,0,1,0
7.4,94131472,2,12.74,2016-12-01,8575,0,22415,85000,3729,195,1,164,24,56,662,0.2218279015751931,1,0,1,0
17.5,92094536,7,19.99,2016-10-01,28000,1,107824,78174,22422,169,4,170,8,8,667,0.22820244156389516,0,0,0,1
2.19,91295589,1,14.99,2016-10-01,8000,0,5475,85000,5475,121,8,132,5,5,682,0.2367977506586332,1,0,1,0
23.33,92717571,1,12.74,2016-11-01,12000,0,171651,70000,8499,66,0,123,25,39,672,0.24178857354630912,0,0,0,1
22.8,91647498,2,13.49,2016-10-01,1000,0,307969,75000,32108,251,4,138,10,17,702,0.22964600222399478,0,0,1,0
31.79,95172646,1,13.49,2016-12-01,21000,1,103741,90000,66327,260,2,16,11,85,732,0.1764017439336834,0,1,0,0
12.72,91484530,0,6.99,2016-10-01,1000,0,150017,49812,2358,59,4,125,9,17,767,0.22964600222399478,1,0,0,0
6.1,91576625,1,7.49,2016-11-01,7000,1,5560,30780,5560,46,2,129,3,5,692,0.22964600222399478,0,1,1,0
25.69,92769422,1,15.99,2016-11-01,3000,0,45081,52000,8017,224,10,18,5,9,717,0.24178857354630912,1,0,0,1
29.96,93462082,1,22.74,2016-11-01,13200,1,18334,33000,4043,470,8,59,4,4,672,0.22541344615680733,0,1,0,1
14.52,91354276,1,10.99,2016-10-01,8000,0,13089,52000,2868,134,4,162,6,14,717,0.2258930782682992,0,1,0,0
33.08,92490585,4,15.99,2016-11-01,8400,1,19155,25000,8542,67,5,77,1,1,662,0.30642352237957415,0,1,0,1
16.87,90997136,3,17.99,2016-10-01,17825,1,64210,119000,3161,120,4,97,4,27,682,0.24038555719815624,0,1,1,0
20.16,90755618,2,13.99,2016-10-01,16000,0,134699,74000,14560,101,2,111,3,24,672,0.1305656166082932,0,0,0,0
13.84,92236299,1,11.44,2016-11-01,17825,0,47626,110000,19355,191,2,137,15,51,682,0.2258930782682992,0,1,1,0
15,94251126,6,7.99,2016-12-01,10000,0,372857,187000,9675,360,5,148,2,41,727,0.2398335190568419,1,0,1,0
10.39,92461967,3,26.99,2016-11-01,14650,0,7216,29339.28,2591,179,2,112,5,17,682,0.23093607081390768,0,0,0,1
23.85,91574599,1,19.99,2016-10-01,11450,0,112285,31200,7128,161,2,144,14,64,697,0.21701380971305592,0,0,1,0
20.84,92767308,0,13.99,2016-11-01,12000,1,17746,60000,5973,73,4,55,2,2,672,0.2367977506586332,0,1,0,1
11.42,91634481,0,11.49,2016-10-01,5000,1,322579,103000,11854,186,6,156,4,21,682,0.2398335190568419,0,0,1,0
28.58,91949884,1,14.99,2016-11-01,7600,0,22743,38500,9587,164,3,143,18,18,697,0.24772661201898094,0,1,1,0
22.41,92185769,5,17.99,2016-11-01,21950,1,314631,52000,8934,102,4,168,4,27,662,0.2262116396218806,0,0,0,1
20.9,93426665,0,17.99,2016-11-01,10000,0,38543,48000,8903,220,4,249,17,12,682,0.1935332077454842,0,0,1,0
23.85,95296854,2,11.39,2016-12-01,10800,0,80634,110000,10175,237,7,161,4,9,772,0.24405029299643655,0,1,0,0
19.9,93709690,4,13.99,2016-12-01,12800,0,149542,50000,11868,159,3,137,9,9,672,0.2367977506586332,0,0,0,0
28.51,94394534,2,26.99,2016-12-01,24000,1,130951,77000,12834,116,6,135,3,44,662,0.2111913767566574,0,1,0,0
12.71,93673312,1,14.99,2016-11-01,35000,0,574293,85000,14311,315,3,99,8,19,712,0.2258930782682992,0,0,0,1
32.21,95228216,2,12.74,2016-12-01,10000,0,160203,70000,18671,122,7,150,4,4,672,0.24772661201898094,0,0,0,1
16.29,96064227,0,8.24,2016-12-01,19600,0,247349,140000,21465,183,1,184,21,46,732,0.2218279015751931,0,0,1,0
19.39,92538192,2,11.49,2016-11-01,10000,0,310119,98000,11947,57,6,265,4,4,672,0.2508940045575526,0,0,0,1
5.25,93695909,7,13.99,2016-11-01,10800,0,8821,45000,8821,134,7,146,6,6,752,0.22964600222399478,0,0,0,0
30.5,92452305,1,11.44,2016-11-01,35000,0,97953,125000,22748,283,5,161,3,29,727,0.21910964887857984,0,1,0,1
20.6,93614389,4,15.99,2016-12-01,7200,1,24544,41600,4467,19,6,276,9,9,662,0.16197620383450775,0,1,0,0
16.63,95324550,3,14.99,2016-12-01,11200,0,11540,35000,7028,103,9,32,2,2,697,0.3133839123580087,0,1,1,0
21.57,95001863,2,6.99,2016-12-01,7250,0,69962,93453,14520,181,7,258,7,7,767,0.19155677855117656,0,0,1,0
14.78,94094159,8,5.32,2016-12-01,30000,0,268105,130000,15711,267,9,122,2,4,732,0.2367977506586332,0,0,1,0
13.43,92598517,0,19.99,2016-11-01,12950,0,60082,36000,12274,55,6,87,5,13,662,0.24772661201898094,0,1,0,1
18.31,93831211,0,17.99,2016-11-01,25000,0,46067,94600,19534,276,4,122,20,20,677,0.24038555719815624,0,0,1,0
26.2,91020048,2,18.99,2016-10-01,31600,1,320195,120000,31445,269,2,141,15,36,727,0.2258930782682992,0,0,0,1
15.14,94480333,0,15.99,2016-12-01,17600,0,15977,65000,3119,149,2,59,10,10,712,0.2258930782682992,0,1,1,0
31.95,90278794,2,19.99,2016-10-01,15000,1,28601,75000,7568,142,4,119,2,2,692,0.2258930782682992,0,1,1,0
24.54,91923283,2,11.44,2016-10-01,2525,0,91805,120000,4508,133,4,122,11,41,707,0.22820244156389516,0,0,0,0
23.69,91169085,1,13.49,2016-10-01,1400,0,32578,11000,813,33,8,38,2,3,747,0.24236974246031542,0,1,1,0
13.44,95927948,5,11.39,2016-12-01,16000,0,140934,79705,5390,170,6,102,1,1,697,0.24772661201898094,0,0,0,0
34.68,95079045,2,13.49,2016-12-01,12000,1,24472,30000,2929,156,4,169,1,3,682,0.22820244156389516,0,1,0,1
7.39,91000313,0,13.49,2016-10-01,10000,0,84697,45000,206,25,7,167,2,13,687,0.2398335190568419,1,0,0,1
25.52,95276988,2,12.74,2016-12-01,4750,0,155516,30000,8243,190,2,47,2,2,737,0.26936207385807537,0,0,0,0
17.22,90866883,5,15.59,2016-10-01,12000,0,412475,160000,15970,147,7,194,4,4,692,0.24772661201898094,1,0,0,1
15.92,94462941,4,11.49,2016-12-01,8000,1,48644,60000,6432,74,4,126,9,9,687,0.25450503330821056,1,0,0,1
7.13,92637734,0,13.49,2016-11-01,10400,0,13610,65000,13610,60,4,131,17,17,662,0.23093607081390768,0,1,1,0
26.51,93051967,0,13.49,2016-11-01,11725,0,25947,42000,16620,270,2,83,13,18,712,0.21701380971305592,1,0,0,0
20.74,95322418,2,7.99,2016-12-01,9600,0,142936,70000,15753,247,7,111,7,7,772,0.1935332077454842,0,0,0,0
9.7,95273135,1,17.99,2016-12-01,10200,0,103431,33400,8554,110,2,94,14,14,677,0.24772661201898094,0,0,1,0
17.33,92841126,1,26.24,2016-11-01,30000,1,90702,71000,6028,138,9,119,1,1,702,0.24178857354630912,1,0,0,1
10.71,91610721,7,12.79,2016-10-01,15000,0,182005,55000,2891,65,6,23,1,7,732,0.2508940045575526,0,0,0,0
14.36,91290577,1,8.99,2016-10-01,3950,0,32487,57000,3957,174,2,145,10,22,662,0.16180741466312665,0,1,1,0
11.76,90998563,4,10.99,2016-10-01,6000,1,207956,80000,9513,64,7,33,6,6,672,0.2367977506586332,0,0,1,0
27.58,95334300,1,13.99,2016-12-01,7000,0,31544,32561,7562,191,6,136,1,1,672,0.2258930782682992,1,0,0,1
10.76,91633649,0,7.99,2016-10-01,10000,0,22447,62000,12383,136,1,121,13,13,747,0.2398335190568419,0,1,1,0
14.69,91574099,1,17.99,2016-10-01,20000,1,452990,80000,8832,160,1,147,4,4,682,0.2586338582330572,0,0,1,0
30.06,92133159,3,13.49,2016-10-01,8500,1,167764,65000,18200,130,7,202,2,33,672,0.2218279015751931,0,1,1,0
14.49,91221511,1,15.59,2016-10-01,27000,1,25262,84168,13502,139,4,115,5,15,712,0.2586338582330572,0,1,1,0
17.35,93665712,1,13.49,2016-11-01,35000,0,299369,100000,7765,327,6,161,3,94,687,0.2218279015751931,0,0,0,1
12.16,95292549,1,14.99,2016-12-01,6000,1,7254,30000,7254,54,3,241,1,1,662,0.2398335190568419,0,1,1,0
18.81,94259542,2,15.99,2016-12-01,24650,0,71129,89627.2,15680,98,5,141,4,23,662,0.24178857354630912,0,1,0,1
18.4,95156519,7,26.99,2016-12-01,35000,1,681618.6899999992,240000,36484,149,10,122,7,14,687,0.1764017439336834,0,0,0,1
27.44,92235934,2,14.99,2016-10-01,16000,0,215254,54000,10529,152,6,111,5,5,682,0.25400944474180537,0,0,0,1
32.38,95103671,4,11.44,2016-12-01,24000,1,181866,120000,61442,215,9,127,17,18,687,0.24178857354630912,0,1,0,1
16.93,93799352,0,14.99,2016-11-01,14000,0,14591,36000,5903,133,3,130,7,19,697,0.30642352237957415,0,1,0,0
8.7,91375754,0,11.49,2016-10-01,15000,0,117237,75000,6481,110,3,96,10,67,692,0.2367977506586332,0,1,1,0
1.34,94159574,0,15.99,2016-12-01,15400,0,3958,35000,3958,80,1,129,15,15,692,0.2367977506586332,0,1,1,0
16.15,93465228,4,11.44,2016-11-01,35000,0,515582,155000,20539,52,14,255,4,4,717,0.23846830760717275,0,0,1,0
9.75,93714642,1,12.74,2016-11-01,12000,0,19769,48000,7786,31,4,51,12,19,687,0.22820244156389516,1,0,1,0
20.01,92402254,2,13.49,2016-11-01,19325,1,302612,80000,21148,101,6,81,4,5,677,0.2218279015751931,0,0,0,1
16.41,95177918,2,13.49,2016-12-01,6000,0,247744,52000,6091,360,8,13,1,1,662,0.21910964887857984,0,0,1,0
20.05,91734623,3,13.99,2016-10-01,35000,1,424929,164000,21767,239,6,151,1,44,722,0.2586338582330572,0,0,1,0
24.92,91813194,4,11.49,2016-10-01,10000,1,59318,43000,9852,227,1,193,16,16,707,0.24236974246031542,0,1,1,0
3.2,91573736,2,14.99,2016-10-01,12000,1,2070,45000,2070,140,9,55,10,15,692,0.2367977506586332,0,1,1,0
23.37,91947267,7,22.74,2016-10-01,25000,1,314048,60292,17756,164,8,110,4,4,677,0.22541344615680733,0,0,0,1
21.46,92134978,4,11.49,2016-10-01,6000,1,67357,50000,3424,138,12,145,4,4,732,0.24236974246031542,0,0,1,0
16.08,93503478,0,19.99,2016-11-01,3400,0,37712,11340,3166,228,1,13,13,12,667,0.30642352237957415,0,0,0,1
22.96,90084633,1,10.99,2016-10-01,35000,1,243144,106000,24443,256,5,180,4,50,727,0.22964600222399478,0,0,0,1
14.61,91407749,8,15.99,2016-10-01,12000,0,130748,80000,7149,160,6,126,17,17,687,0.22391551552496644,0,0,0,0
16.54,92045596,3,12.74,2016-11-01,30000,0,485628,130000,19892,103,10,111,7,16,692,0.2294121971136406,0,0,1,0
14.25,94477144,3,15.99,2016-12-01,21675,0,149460,78000,11128,145,4,41,10,23,697,0.21658368254620217,0,0,0,1
21.95,95030381,5,26.99,2016-12-01,23275,0,307726,61300,13431,16,5,276,4,8,677,0.2398335190568419,0,0,0,1
19.74,90925842,3,8.99,2016-10-01,7500,0,218147,38000,8339,156,10,134,4,4,717,0.2262116396218806,1,0,0,1
24.99,94062007,2,11.39,2016-12-01,5500,0,39514,57000,7076,170,6,144,4,5,717,0.3133839123580087,0,0,1,0
26.8,96124565,0,11.39,2016-12-01,3600,0,35621,39000,2406,192,4,176,14,19,707,0.22820244156389516,0,0,0,1
10.83,91180379,2,18.99,2016-10-01,10000,0,140176,42000,8528,122,4,98,2,26,687,0.25450503330821056,0,0,1,0
29.7,92848861,0,11.44,2016-11-01,5600,0,39328,35000,4698,101,1,111,8,27,707,0.3029734287056215,0,1,1,0
11.09,94169283,1,11.49,2016-12-01,5000,0,19670,75000,5259,147,5,122,4,4,682,0.2258930782682992,0,1,0,1
21.54,92175130,0,10.49,2016-10-01,12000,0,36965,63000,11862,213,3,229,17,23,692,0.24405029299643655,1,0,0,0
25.85,92501887,3,12.74,2016-11-01,16000,0,258206,46000,15616,133,6,166,7,7,702,0.23846830760717275,0,0,0,0
32.15,95038668,2,19.99,2016-12-01,21000,0,60600,65000,29060,188,7,157,6,6,682,0.1935332077454842,0,1,0,0
11.4,95079246,0,11.44,2016-12-01,25000,0,168202,115000,13581,126,4,41,9,16,717,0.16180741466312665,0,0,1,0
12.51,91142022,3,11.39,2016-11-01,24000,0,192853,94000,13881,148,8,139,4,7,682,0.22820244156389516,0,0,1,0
16.16,92341687,2,17.99,2016-11-01,14050,0,14865,58000,5181,39,9,127,2,2,667,0.21658368254620217,0,0,0,0
9.88,93337322,0,8.24,2016-11-01,6000,1,10294,38500,7744,154,2,14,14,14,712,0.14194112958139316,0,1,0,0
25.87,95930512,1,16.99,2016-12-01,14400,0,35621,48000,8544,67,3,97,8,8,667,0.24405029299643655,0,1,1,0
13.77,92807539,0,26.24,2016-11-01,27125,0,20774,68000,13656,97,3,90,6,31,667,0.2398335190568419,0,1,0,1
3.21,93432838,0,5.32,2016-11-01,8400,0,171583,58000,5576,151,4,149,15,15,777,0.24236974246031542,1,0,0,0
25.54,95329849,9,12.74,2016-12-01,10000,0,186324,50000,7654,48,9,88,5,5,687,0.30642352237957415,0,0,1,0
29.24,91109654,1,19.99,2016-10-01,3500,1,37645,30000,1432,52,11,38,2,2,677,0.2367977506586332,0,1,0,1
7.51,93267176,3,11.49,2016-11-01,15000,1,10083,59000,10083,174,2,123,4,4,667,0.2258930782682992,0,0,0,1
29.62,90865557,1,10.99,2016-10-01,12000,0,170604,54000,14257,53,4,46,5,5,702,0.22820244156389516,0,0,0,0
12.02,91241746,2,11.44,2016-11-01,16000,0,12551,60000,8973,127,4,140,0,22,662,0.22820244156389516,0,1,0,0
19.16,92469608,0,19.99,2016-10-01,26250,0,96390,180000,33998,190,5,174,14,17,692,0.2367977506586332,1,0,1,0
27.11,90111317,2,18.99,2016-10-01,15650,0,32402,60000,16719,252,9,197,3,3,677,0.24236974246031542,0,1,1,0
20.03,95776730,2,22.74,2016-12-01,20150,0,237236,80000,48070,138,5,68,9,14,682,0.2218279015751931,0,0,1,0
27.44,91496353,1,13.49,2016-10-01,15000,0,40839,65000,25181,367,3,134,2,10,697,0.24236974246031542,1,0,1,0
16.22,93378576,1,6.99,2016-11-01,25850,0,603210,225000,45337,333,5,160,3,3,782,0.2258930782682992,0,0,1,0
20.07,93691826,6,22.74,2016-11-01,18400,1,61791,66500,23808,88,5,86,12,12,677,0.2258930782682992,0,1,1,0
25.2,94006427,0,15.99,2016-11-01,20000,0,30498,50000,10369,207,5,131,7,7,707,0.2294121971136406,1,0,1,0
25.41,93390220,6,11.49,2016-11-01,5000,0,21825,40000,5172,152,6,128,6,25,672,0.2258930782682992,0,1,0,1
9.15,90641653,3,17.99,2016-10-01,17500,0,401566,119000,1746,127,7,152,1,70,727,0.2258930782682992,0,0,1,0
16.11,95547132,6,21.49,2016-12-01,15000,0,74090,125000,8670,185,6,139,5,5,662,0.2262116396218806,0,1,0,1
18.68,94083557,2,11.44,2016-12-01,10000,1,119151,36000,10555,199,3,122,4,4,712,0.2508940045575526,0,0,0,1
24.05,94297487,1,11.49,2016-12-01,16075,0,239328,53000,24914,345,0,129,39,111,667,0.16180741466312665,0,0,1,0
24.7,94412828,4,13.99,2016-12-01,10000,0,189732,55000,19323,143,3,126,5,5,687,0.25450503330821056,0,0,0,1
22.75,92839680,10,14.99,2016-11-01,3600,0,80296,75000,28403,66,12,225,5,6,717,0.2398335190568419,0,1,1,0
22.68,95248926,0,14.99,2016-12-01,20000,0,57761,80000,22454,415,2,125,12,12,692,0.22541344615680733,0,1,1,0
17.08,93434476,0,17.99,2016-11-01,20750,0,30750,60000,13144,316,4,58,12,12,727,0.2398335190568419,0,1,0,0
17.73,94152935,2,17.99,2016-12-01,30000,0,236247,82000,7968,156,5,134,3,4,697,0.2398335190568419,0,0,0,1
21.29,93993928,0,7.49,2016-11-01,5000,0,58892,70000,13744,210,0,49,26,41,732,0.2367977506586332,0,0,0,0
25.97,95109468,2,16.99,2016-12-01,15000,0,150092,103000,26171,97,2,127,7,25,692,0.2367977506586332,1,0,0,1
25.04,93739411,1,11.39,2016-11-01,10000,1,228938,53913,644,145,2,139,1,1,802,0.2258930782682992,1,0,0,0
20.99,92104940,3,12.74,2016-10-01,3000,0,25053,45000,7005,103,2,143,8,8,667,0.3133839123580087,1,0,0,1
32.38,94170144,3,13.99,2016-12-01,7000,0,124020,83357,21501,173,10,154,4,4,687,0.19155677855117656,0,0,0,1
7.43,95220294,0,7.99,2016-12-01,30000,1,25310,130000,25310,241,0,129,25,25,692,0.23093607081390768,0,1,1,0
19.99,91667692,2,16.99,2016-10-01,15000,0,61753,61000,16210,131,6,171,1,17,662,0.2398335190568419,0,0,0,0
15.48,91635972,3,7.49,2016-10-01,18000,0,274732,100000,17025,152,3,105,10,16,727,0.2258930782682992,0,0,0,0
26.41,92841338,0,8.24,2016-11-01,19000,1,101949,55000,8788,134,2,74,7,7,737,0.2398335190568419,0,1,0,0
3.46,91554436,0,12.74,2016-10-01,35000,0,26356,240000,6140,215,0,202,39,82,692,0.2258930782682992,0,1,1,0
30.87,92462193,2,12.74,2016-11-01,6000,0,172910,53000,12658,299,6,121,4,16,697,0.3133839123580087,1,0,0,0
26.62,93962295,10,19.99,2016-12-01,15000,0,180252,50000,18162,67,7,164,4,12,687,0.22820244156389516,0,0,0,1
29.04,91341438,0,19.99,2016-10-01,20000,1,34126,56000,6625,111,6,114,3,3,697,0.2258930782682992,0,1,0,1
10.26,94165875,2,7.99,2016-11-01,5000,1,256223,40000,2304,51,3,60,4,42,712,0.25220620065309657,0,0,0,0
26.84,95338966,1,15.99,2016-12-01,11000,0,225643,54000,7784,89,7,137,6,6,702,0.22820244156389516,0,0,0,1
5.74,91539007,2,14.99,2016-10-01,15000,0,12664,50000,8727,137,3,138,3,3,722,0.22964600222399478,1,0,1,0
29.54,94225556,4,10.49,2016-12-01,8000,0,452904,60000,5604,214,10,237,2,32,697,0.2367977506586332,0,0,0,0
31.67,91396926,0,19.99,2016-11-01,15050,0,34690,48000,4900,334,5,100,1,5,702,0.2258930782682992,0,1,1,0
17.8,94716569,3,22.74,2016-12-01,24350,0,22765,70000,11102,118,6,108,7,28,677,0.24178857354630912,1,0,0,0
12.59,92758105,2,6.99,2016-11-01,6000,0,21211,113828,8504,68,4,50,1,40,687,0.2508940045575526,1,0,1,0
9.88,94147330,2,6.99,2016-12-01,8000,0,76905,60000,2411,123,5,97,4,4,772,0.2218279015751931,0,1,0,0
10.93,91200201,0,9.49,2016-10-01,2500,0,86543,190000,35329,332,0,86,39,61,692,0.24772661201898094,0,0,1,0
11.53,91051640,8,8.24,2016-10-01,5000,0,379087,260000,46409,329,11,182,2,2,717,0.21658368254620217,0,0,1,0
11.91,90993655,2,9.49,2016-10-01,18000,0,109802,48000,11242,337,4,104,1,1,757,0.16180741466312665,0,0,0,0
23.49,94391014,0,11.49,2016-12-01,5600,0,29380,33000,7476,196,5,14,7,20,672,0.25400944474180537,0,0,0,1
22.52,91091589,0,26.49,2016-10-01,21775,0,73271,85000,24908,190,5,163,1,11,687,0.2218279015751931,0,0,1,0
16.51,93434636,0,13.99,2016-11-01,33600,0,55494,70000,26912,193,5,217,9,9,702,0.2398335190568419,0,1,1,0
17.71,91744576,2,12.74,2016-10-01,8000,1,28404,90000,14999,215,9,240,2,54,677,0.24405029299643655,0,1,1,0
21.21,90990688,4,14.49,2016-10-01,15000,1,208667,60200,9898,155,0,138,26,43,712,0.24236974246031542,0,0,0,1
12.72,90722546,2,17.99,2016-10-01,20000,1,19737,45000,10106,36,2,61,7,7,722,0.2398335190568419,0,1,1,0
6.7,95087652,4,12.74,2016-12-01,8000,1,8658,60000,2761,141,8,60,5,5,662,0.24038555719815624,0,0,1,0
27.2,92237185,2,7.24,2016-10-01,4000,0,565490,105000,78800,217,7,150,1,1,682,0.2258930782682992,0,0,0,0
16.71,92379586,2,10.49,2016-11-01,10200,0,23438,67500,9042,207,5,211,1,1,667,0.14194112958139316,0,0,1,0
31.99,94422045,0,11.39,2016-12-01,5000,0,42510,58000,15827,289,7,81,12,14,672,0.2367977506586332,0,0,0,1
14.63,92409554,4,19.99,2016-10-01,10000,1,383664,98000,26987,274,11,125,1,1,722,0.2258930782682992,0,0,1,0
29.9,92835142,0,19.99,2016-11-01,28800,1,57594,72000,14645,170,6,67,4,4,662,0.24178857354630912,1,0,0,1
10.96,90987005,1,8.59,2016-10-01,30000,0,333029,150000,24477,275,6,175,2,24,727,0.2258930782682992,0,0,1,0
30.74,92281810,1,11.49,2016-11-01,15000,1,280852,60000,26603,110,6,136,2,10,717,0.14194112958139316,0,0,1,0
7.07,94377669,1,15.99,2016-12-01,3600,0,3955,18000,3955,160,4,129,4,4,752,0.16337446126458402,0,1,0,0
23.22,94433712,0,26.24,2016-12-01,14000,1,51384,80000,39505,177,4,24,10,22,682,0.22541344615680733,0,1,1,0
33.05,92204408,5,13.49,2016-11-01,14000,1,187722,57000,8015,32,7,167,1,16,662,0.1935332077454842,1,0,0,1
28.29,92044411,6,13.99,2016-11-01,8000,1,177522,40000,6011,168,7,138,2,2,687,0.2508940045575526,0,0,0,0
8.09,94196907,4,17.99,2016-12-01,31375,0,25638,69736.16,25638,363,1,118,5,5,672,0.2258930782682992,0,1,0,1
10.35,91794653,0,10.49,2016-10-01,10000,0,18763,45000,4437,79,2,160,13,35,682,0.2398335190568419,0,1,1,0
29.8,95087775,3,19.99,2016-12-01,9400,1,10760,24000,4245,144,11,36,4,4,692,0.24236974246031542,0,1,0,1
8.22,93116631,0,10.49,2016-11-01,12000,0,36038,95000,6730,99,3,156,6,50,662,0.2398335190568419,0,1,0,0
10.94,94185519,3,6.99,2016-11-01,27500,0,538154,260000,23764,152,1,97,14,29,702,0.2258930782682992,1,0,0,1
23.4,93317508,0,10.49,2016-11-01,10500,0,58931,90000,10349,195,0,164,28,32,692,0.24772661201898094,0,0,1,0
29.24,93760286,5,26.99,2016-11-01,35000,1,558986,230000,91897,393,16,141,2,4,687,0.30642352237957415,0,0,1,0
34.77,93942282,0,8.24,2016-11-01,25000,0,252178,78339,14942,146,5,146,11,15,742,0.1935332077454842,0,0,0,0
11.28,91190834,1,15.59,2016-10-01,3000,0,37647,30000,7756,266,0,96,39,54,662,0.2398335190568419,1,0,1,0
20.94,93157769,0,11.49,2016-11-01,8000,1,35037,60000,14374,91,5,159,11,13,692,0.2258930782682992,0,1,1,0
29.38,93136016,7,18.99,2016-11-01,15000,0,208092,72000,23178,201,9,159,1,1,677,0.24772661201898094,1,0,1,0
25.55,91673755,6,14.99,2016-10-01,8000,0,48335,62000,5429,95,5,95,8,8,677,0.22391551552496644,0,1,0,0
17.85,94219529,4,13.49,2016-12-01,1500,0,135255,70000,17757,181,12,169,3,4,662,0.24038555719815624,0,0,0,1
39.948699999999995,96033494,0,21.49,2016-12-01,35000,0,282919,67000,38233,285,4,161,7,42,677,0.24038555719815624,0,0,0,1
33.57,91209669,2,13.99,2016-10-01,1000,1,45064,35000,3221,99,2,109,5,45,692,0.24772661201898094,0,1,1,0
21.14,94362845,7,25.49,2016-11-01,16000,1,57402,70000,12894,470,6,130,4,4,692,0.2508940045575526,0,0,0,0
2.22,93690155,0,14.99,2016-11-01,6000,0,1149,46000,1149,125,1,131,6,6,762,0.2258930782682992,0,1,1,0
10.02,94375368,0,16.99,2016-12-01,12000,0,57108,40000,1910,62,3,46,14,17,687,0.2258930782682992,0,1,0,1
29.49,94771670,6,18.99,2016-12-01,12000,0,277954,110000,20334,131,9,159,3,16,662,0.30642352237957415,0,0,1,0
19.85,93594041,0,11.44,2016-11-01,3600,0,24266,33000,3916,121,7,172,1,1,697,0.23846830760717275,0,0,0,1
11.39,95072411,2,13.99,2016-12-01,15000,0,21386,65000,21386,119,11,131,6,9,677,0.2262116396218806,0,1,0,1
10.25,95252162,3,11.44,2016-12-01,18000,0,23389,90000,6664,172,3,158,2,21,722,0.2258930782682992,0,1,0,0
25.26,92618604,1,11.44,2016-11-01,13500,1,163358,90707,51215,197,3,135,2,2,702,0.21658368254620217,0,0,1,0
18.87,91109777,5,9.49,2016-10-01,9125,0,34142,66445,9387,365,10,142,1,35,662,0.21658368254620217,0,1,1,0
17.07,92003405,1,14.99,2016-10-01,20000,0,17466,98750,10516,164,6,144,4,4,672,0.2262116396218806,0,1,0,1
20.31,94119320,0,11.49,2016-11-01,8600,0,329339,118000,27150,185,10,140,12,12,682,0.26936207385807537,0,0,0,0
23.85,91220362,1,11.49,2016-10-01,10000,0,32636,55000,14355,158,3,48,9,51,667,0.2398335190568419,0,1,0,1
19.06,91556244,0,26.99,2016-10-01,35000,0,289056,95000,31118,201,1,160,20,26,662,0.2508940045575526,0,0,0,1
20.64,92667695,5,17.99,2016-11-01,7000,0,67703,65000,10982,187,9,128,0,0,662,0.2258930782682992,0,1,1,0
26.6,91068460,0,21.49,2016-10-01,20000,0,149961,50000,7718,234,6,99,6,25,697,0.1764017439336834,0,0,0,1
29.2,94391347,3,11.49,2016-12-01,10000,0,322345,45000,5905,81,1,123,5,27,672,0.278503507164471,0,0,0,0
19.46,92579448,0,11.39,2016-11-01,1000,0,127972,42000,51399,176,5,150,11,13,737,0.2367977506586332,1,0,1,0
22.46,92233514,0,11.39,2016-10-01,6000,0,77398,38500,3508,195,4,146,2,2,662,0.2398335190568419,0,0,0,1
28.14,94567038,9,18.99,2016-12-01,10400,1,129886,33000,6826,212,7,129,7,17,667,0.24772661201898094,0,1,0,1
13.2,91090767,3,9.49,2016-10-01,3600,0,37545,49000,5727,92,4,97,1,1,672,0.22820244156389516,0,1,0,0
6.4,95294085,1,16.99,2016-12-01,25000,0,49967,64865.22,15868,47,1,118,19,19,692,0.22820244156389516,0,0,0,0
29.04,95030673,1,17.99,2016-12-01,12800,0,10108,33102,6029,264,3,119,4,72,667,0.2258930782682992,0,0,0,0
19.43,95273871,0,12.74,2016-12-01,8000,0,22774,53000,5038,254,3,147,5,25,682,0.24178857354630912,0,1,1,0
29.92,90255765,6,11.49,2016-10-01,5000,1,41149,59000,25866,172,3,130,1,29,707,0.24772661201898094,0,0,0,1
11.61,91229317,1,12.79,2016-10-01,9000,0,244014,65000,4430,289,4,147,3,12,697,0.22541344615680733,0,0,1,0
19.37,94180081,1,10.49,2016-12-01,11200,1,121929,65000,12495,78,2,116,7,30,702,0.22541344615680733,0,0,0,0
24.95,91553920,0,13.49,2016-10-01,17000,0,45400,75600,11688,113,3,182,14,29,707,0.23846830760717275,0,1,0,0
7.63,95147019,0,12.74,2016-12-01,15000,0,11755,61000,9873,129,5,134,2,2,702,0.2398335190568419,0,1,1,0
20.15,90246319,4,9.49,2016-10-01,18000,0,89506,130000,13665,145,2,97,12,27,737,0.2398335190568419,0,1,0,0
17.4,92669164,2,11.49,2016-11-01,5600,0,48003,102000,20073,204,11,148,3,3,662,0.2258930782682992,0,1,1,0
32.6,92381999,1,21.49,2016-11-01,20000,1,136265,43000,19810,154,12,132,6,6,677,0.24038555719815624,0,0,1,0
22.08,91947666,0,7.99,2016-11-01,4400,0,162949,55000,9753,116,2,171,18,23,722,0.26220086013005467,0,0,1,0
11.04,91189751,3,11.49,2016-10-01,32600,0,438912,90000,34565,184,3,148,10,105,687,0.2218279015751931,1,0,1,0
28.71,91704524,4,17.99,2016-10-01,18900,0,20528,42000,7503,307,11,18,5,12,672,0.2218279015751931,0,0,0,1
19.72,91613692,4,9.49,2016-10-01,8000,1,430608,65000,29569,205,4,132,3,103,697,0.26936207385807537,0,0,1,0
5.01,94287979,0,17.99,2016-11-01,16000,0,287737,160408,3695,224,2,123,7,7,702,0.24405029299643655,0,0,0,0
27.74,94209299,0,12.74,2016-11-01,1500,0,95109,50000,11687,128,6,127,3,15,707,0.22820244156389516,0,1,1,0
22.08,93585189,8,21.49,2016-12-01,21600,1,21985,45000,8213,208,9,211,14,14,697,0.2258930782682992,0,1,0,0
26.11,95037666,0,13.49,2016-12-01,35000,1,318229,93580,27427,208,1,210,3,28,667,0.1305656166082932,0,0,0,1
18.56,90797043,6,13.99,2016-10-01,12000,0,210136,122000,30170,160,7,159,4,22,672,0.22820244156389516,0,0,0,1
14.77,91232733,3,9.49,2016-10-01,3000,0,219950,46800,1045,125,3,109,3,3,727,0.2367977506586332,1,0,1,0
21.67,95198825,0,12.74,2016-12-01,6000,1,22763,37000,14122,156,3,122,19,22,692,0.24178857354630912,0,1,0,0
7.11,91288115,0,8.99,2016-10-01,18000,0,80699,50000,12043,307,0,179,25,43,752,0.22964600222399478,0,0,1,0
12.63,90845607,2,11.49,2016-10-01,30000,0,384384,86000,34211,167,2,122,5,36,672,0.2258930782682992,0,0,0,1
27.8,95143151,4,26.24,2016-12-01,13000,1,240864,67000,1695,101,7,111,3,3,697,0.24038555719815624,0,0,0,1
22.33,91047535,4,13.99,2016-10-01,4000,0,105552,35900,4353,45,5,149,5,5,667,0.24236974246031542,0,0,1,0
3.99,92075062,0,10.49,2016-11-01,10000,0,79302,55000,4687,218,6,164,9,9,697,0.22820244156389516,0,0,1,0
10.17,91416345,1,11.49,2016-10-01,2500,0,27706,40000,4974,126,7,67,4,4,687,0.3029734287056215,1,0,1,0
19.06,92195328,0,8.24,2016-10-01,10000,0,123432,58500,18020,102,3,118,18,27,727,0.278503507164471,0,0,0,0
15.62,91354446,0,15.59,2016-10-01,20000,1,164139,110000,26530,182,6,164,14,17,697,0.2398335190568419,0,0,0,0
16.49,92512775,0,14.99,2016-11-01,11975,0,29962,49910.04,5578,43,4,52,9,16,712,0.2258930782682992,0,1,1,0
25.12,91672990,7,17.99,2016-10-01,7725,1,437715,70000,3951,124,6,127,7,23,697,0.22391551552496644,0,0,1,0
6.28,91208690,0,7.59,2016-10-01,12000,0,35583,120000,12444,54,1,67,16,16,692,0.22820244156389516,0,1,1,0
18.26,94851214,2,15.99,2016-12-01,15000,1,33061,88000,15900,105,3,146,3,26,687,0.22820244156389516,0,1,0,1
5.56,94270419,3,8.24,2016-12-01,7500,0,5603,65000,2914,181,2,128,10,10,667,0.23093607081390768,0,1,0,0
6.16,92165281,1,14.99,2016-10-01,5000,0,8361,45000,8361,170,1,160,2,2,662,0.2258930782682992,0,1,1,0
12.72,92175804,3,13.99,2016-10-01,15000,0,57914,132870,38095,437,2,134,2,36,677,0.14194112958139316,0,1,1,0
17.71,90836276,6,14.49,2016-10-01,6400,1,27846,50000,14944,99,5,125,2,2,682,0.2367977506586332,0,1,1,0
31.8,91217265,10,19.99,2016-10-01,35000,0,122765,98000,310,175,10,199,2,45,737,0.3133839123580087,0,0,0,1
26.9,91984691,0,13.99,2016-10-01,10000,1,152894,34000,17859,112,9,82,3,3,662,0.22541344615680733,0,0,1,0
33.2,91414636,2,14.99,2016-10-01,10400,0,47981,36000,12774,117,8,171,0,0,672,0.22820244156389516,0,1,0,1
16.42,90988187,1,5.32,2016-10-01,11000,0,262781,85000,11776,149,4,144,12,24,737,0.23093607081390768,0,0,0,0
9.65,93800840,3,13.99,2016-11-01,10000,1,16537,47000,10608,174,2,195,13,13,717,0.2218279015751931,0,1,0,0
21.53,94801219,0,7.99,2016-12-01,12800,0,156907,36000,2764,123,8,74,5,5,737,0.2258930782682992,0,0,0,0
3.7,93880225,8,12.74,2016-11-01,5125,0,11301,107000,4281,136,6,26,7,7,682,0.2258930782682992,0,1,1,0
9.71,92399815,0,11.39,2016-11-01,12000,0,34225,78000,8208,135,2,156,3,3,687,0.2586338582330572,0,1,0,0
12.02,95038023,5,5.32,2016-12-01,18000,0,285547,120000,15499,153,3,168,4,6,767,0.21910964887857984,0,0,0,0
23.54,94743321,4,22.74,2016-12-01,14000,0,63655,80000,8470,27,14,113,2,2,667,0.2586338582330572,0,1,1,0
12.66,95260790,2,14.99,2016-12-01,16000,0,48616,97882,15200,140,9,142,1,1,682,0.22820244156389516,0,1,1,0
18.56,91019395,2,17.99,2016-10-01,10500,0,58428,54000,3616,170,7,134,8,19,662,0.21910964887857984,0,1,0,1
6.74,90955544,0,8.99,2016-10-01,24000,0,22508,107000,15277,99,0,46,39,46,692,0.2586338582330572,0,1,0,0
31.52,92571954,5,14.99,2016-11-01,6500,1,124341,73600,17669,77,3,170,11,11,677,0.2294121971136406,0,1,1,0
24.39,92738440,3,11.49,2016-11-01,10000,0,43066,50000,9403,204,8,137,2,4,692,0.2962466441080822,0,0,1,0
13.73,94280630,0,7.24,2016-12-01,25000,0,371310,250000,53108,399,7,130,4,39,722,0.24772661201898094,0,0,0,1
26.82,94536752,1,18.99,2016-12-01,11200,1,76554,105000,14133,168,8,130,1,7,677,0.2258930782682992,0,0,0,0
11.54,90916148,0,13.49,2016-10-01,6700,0,4732,21000,4732,127,1,126,6,127,702,0.16180741466312665,1,0,1,0
13.76,91633383,9,22.74,2016-10-01,16000,1,27931,60000,9419,174,5,136,3,9,662,0.22964600222399478,0,0,0,1
22.53,91904290,6,11.44,2016-10-01,24000,0,124025,50500,16751,470,4,147,4,10,712,0.24236974246031542,0,0,0,0
12.42,38626561,0,11.49,2016-11-01,10000,1,41751,52500,12132,103,4,110,1,1,702,0.2367977506586332,0,1,0,0
13.43,93501281,5,13.49,2016-11-01,10000,0,40684,100000,2543,60,1,122,13,60,677,0.2258930782682992,0,1,1,0
21.22,91456443,2,11.39,2016-10-01,15000,0,87479,49271,9551,141,0,192,29,114,692,0.2258930782682992,0,1,1,0
7.98,93683597,0,7.49,2016-11-01,20000,0,140842,44500,11703,206,3,148,8,8,722,0.22820244156389516,0,0,0,1
20.25,92667263,3,5.32,2016-11-01,9600,0,86802,58800,10414,127,4,111,7,20,752,0.2367977506586332,0,1,1,0
6.18,95294083,2,13.49,2016-12-01,4800,0,220421,101000,9063,198,4,158,5,5,672,0.2398335190568419,0,1,0,0
10.31,92154737,2,10.49,2016-11-01,35000,0,92191,225000,47279,197,4,156,5,10,692,0.24405029299643655,0,1,1,0
13.56,95003668,0,15.99,2016-12-01,14000,0,471950,175000,16947,248,5,126,7,17,712,0.19155677855117656,0,0,0,1
19.68,95333712,8,22.74,2016-12-01,26000,0,300923,61541,23552,179,7,103,2,3,667,0.22820244156389516,0,0,1,0
29.17,94428467,3,10.49,2016-12-01,3000,1,324886,110000,29566,177,6,206,1,19,692,0.24772661201898094,0,0,1,0
9.37,93525772,2,12.74,2016-12-01,4000,0,227977,73000,2395,98,8,60,2,2,767,0.2367977506586332,0,0,1,0
8.71,92849903,2,5.32,2016-11-01,20000,0,446768,111000,8495,200,5,171,4,47,797,0.2258930782682992,0,0,1,0
34.74,93862695,5,26.99,2016-12-01,11325,0,122578,61000,4108,384,7,141,1,41,662,0.24236974246031542,1,0,0,1
17.57,94329404,4,15.99,2016-12-01,6600,1,298436,80000,5554,242,9,155,3,14,677,0.278503507164471,0,0,0,1
22.23,94155311,1,11.44,2016-12-01,6000,0,182204,40000,16635,73,4,123,10,44,682,0.21470648544797244,0,0,0,1
24.97,94431817,2,15.99,2016-12-01,22400,0,219974,79000,9282,161,3,127,3,5,712,0.278503507164471,0,0,0,1
22.71,93441839,1,14.99,2016-12-01,6000,0,118225,51200,19038,264,2,14,11,141,762,0.24178857354630912,0,0,1,0
16.38,91227594,3,9.49,2016-10-01,2500,0,32270,72000,22166,411,4,169,6,14,707,0.24178857354630912,0,1,1,0
24.42,91407707,3,16.99,2016-10-01,8000,0,193680,40000,3187,42,13,164,1,5,662,0.21470648544797244,0,0,1,0
31.36,91277175,12,24.99,2016-10-01,32000,0,294063,92000,55602,212,8,106,1,88,727,0.2218279015751931,0,0,0,1
16.9,93515694,3,13.99,2016-11-01,25000,0,324589,140000,24146,229,6,96,3,3,667,0.21658368254620217,0,0,1,0
5.82,90221848,1,5.32,2016-10-01,17000,0,207932,93000,24586,254,0,84,39,40,747,0.22541344615680733,0,0,0,0
18.11,90876466,1,17.99,2016-10-01,10000,0,73801,35000,7825,117,3,141,16,16,737,0.22541344615680733,1,0,0,0
3.14,93505804,1,14.99,2016-12-01,16000,0,4735,50000,4735,180,7,129,1,1,722,0.2398335190568419,1,0,0,1
13.49,94269316,0,14.99,2016-12-01,15000,0,224688,120000,10274,195,4,230,3,32,667,0.2435476551350135,0,0,1,0
20.56,95318213,4,18.99,2016-12-01,6025,0,249215,60000,16070,447,5,158,2,7,687,0.23093607081390768,0,0,0,1
15.31,91039797,2,8.24,2016-11-01,20000,1,61415,120000,14875,143,6,129,5,5,717,0.23846830760717275,0,1,0,0
20.03,92183355,8,18.99,2016-11-01,9600,0,33910,58000,20196,129,14,176,1,1,672,0.2367977506586332,1,0,1,0
13.73,92861733,5,26.24,2016-11-01,20175,0,393472,250000,33282,418,13,146,2,2,677,0.2398335190568419,0,0,1,0
9.89,91670795,2,11.44,2016-10-01,10000,0,112075,80000,1916,155,4,166,6,107,672,0.24236974246031542,0,0,0,0
21.15,92213892,2,13.99,2016-10-01,3000,0,31979,80000,5191,283,3,101,4,4,672,0.2258930782682992,0,1,0,0
14.91,91122963,4,26.99,2016-10-01,12000,0,26480,45000,18451,375,3,109,16,19,682,0.24178857354630912,0,1,1,0
24.4,94616487,2,8.24,2016-12-01,8400,0,34249,70000,8267,204,9,140,7,10,747,0.2398335190568419,0,1,0,0
32.7,91278825,3,17.99,2016-10-01,5775,0,33504,17000,5600,41,4,50,3,8,717,0.15873373683147546,0,1,0,1
31.2,90331777,2,12.79,2016-10-01,9600,1,46858,60000,34904,201,1,101,16,45,707,0.21658368254620217,0,1,0,1
21.49,92260002,0,10.49,2016-11-01,15000,0,125086,156000,20250,179,3,125,6,42,727,0.24178857354630912,0,0,1,0
25.08,93307422,9,12.74,2016-11-01,15000,0,251336,80000,34266,248,6,183,5,6,692,0.30642352237957415,0,0,0,0
19.63,91364211,2,8.59,2016-10-01,13000,0,234099,98000,14166,120,7,147,4,13,702,0.22541344615680733,0,0,1,0
32.94,92758152,5,17.99,2016-11-01,6000,1,38752,42000,1879,240,7,137,6,6,672,0.2398335190568419,0,1,0,0
15.6,95237239,1,11.49,2016-12-01,12000,0,29794,49000,11347,111,6,86,9,9,692,0.15873373683147546,0,1,1,0
15.1,90404436,4,25.69,2016-10-01,25000,1,35978,70000,5557,204,6,113,2,2,677,0.16180741466312665,0,0,0,1
22.41,91137576,0,9.49,2016-10-01,14000,0,220391,58000,26598,184,0,203,39,97,717,0.2262116396218806,0,0,0,0
27.65,95294150,1,25.49,2016-12-01,13925,1,193323,55000,19838,318,8,120,4,24,707,0.2508940045575526,0,0,0,1
23.06,94202155,4,10.49,2016-12-01,2200,0,250429,78000,19722,178,3,171,7,70,662,0.2258930782682992,0,0,0,1
31.57,93752954,1,7.24,2016-11-01,12000,0,183970,71000,30002,188,5,138,2,2,727,0.2962466441080822,0,0,0,0
12.55,91513558,3,13.49,2016-10-01,12800,0,63258,78000,5727,146,5,134,5,6,682,0.2398335190568419,0,1,0,0
25.81,93716812,2,15.99,2016-12-01,6000,0,33540,38000,10744,110,5,113,6,16,702,0.24772661201898094,1,0,0,1
16.25,92843589,8,7.99,2016-11-01,5000,0,5319,24000,5319,104,5,131,4,4,747,0.2258930782682992,0,1,1,0
12.46,91339093,1,19.99,2016-10-01,9150,0,180515,50000,3370,76,4,128,4,42,672,0.24178857354630912,0,0,1,0
24.39,95078132,1,11.49,2016-12-01,24000,0,42852,66600,24192,32,5,62,12,12,677,0.3029734287056215,1,0,1,0
7.97,95358588,2,7.99,2016-12-01,10000,0,54323,75000,918,163,0,105,39,98,772,0.24038555719815624,0,0,0,0
5,90985619,2,14.49,2016-10-01,3000,0,417409,127000,1527,254,3,21,1,13,687,0.2258930782682992,0,1,0,1
14.04,94414855,1,18.99,2016-12-01,9700,0,10013,27000,10013,48,2,100,2,2,672,0.2398335190568419,0,1,1,0
10.82,89857939,5,13.49,2016-10-01,7200,0,67100,62000,10253,349,2,56,7,57,672,0.2508940045575526,0,1,0,1
34.36,92851700,5,16.99,2016-11-01,4500,1,189205,81000,7523,134,8,125,3,4,677,0.26936207385807537,1,0,0,1
21.23,94017863,2,12.74,2016-11-01,6400,0,33561,42000,5055,47,6,43,4,21,692,0.2367977506586332,0,1,1,0
1.45,93604055,2,15.99,2016-11-01,13500,0,2228,61981,2228,99,0,147,30,46,672,0.2398335190568419,0,1,1,0
33.91,91198034,5,18.99,2016-10-01,8400,1,28706,25000,3081,145,4,43,8,9,737,0.2258930782682992,1,0,0,0
8.33,95187901,1,11.39,2016-12-01,10000,0,360285,88000,8190,183,1,168,9,37,692,0.23093607081390768,0,0,0,0
8.95,91112415,2,12.79,2016-10-01,5600,0,22443,85000,7208,136,7,75,7,7,672,0.2398335190568419,0,1,1,0
33.75,91958891,4,25.49,2016-11-01,32350,1,176474,50000,40048,116,1,158,13,49,702,0.24772661201898094,0,0,0,1
18.19,95735782,3,11.49,2016-12-01,8000,0,202662,47250,7561,113,7,106,2,2,687,0.14194112958139316,0,0,1,0
19.11,93318027,1,12.74,2016-11-01,32000,0,451733,183000,5209,187,6,138,2,6,747,0.25400944474180537,0,0,0,1
12.94,93802028,1,13.99,2016-11-01,22950,1,467141,51000,14087,167,5,141,7,10,687,0.25450503330821056,0,0,0,1
16.04,93683740,0,5.32,2016-11-01,10000,0,229308,76000,28142,332,1,168,3,114,742,0.21658368254620217,0,0,0,0
34.89,93930700,4,11.44,2016-11-01,9125,0,160534,41000,4297,187,3,84,11,12,727,0.2508940045575526,0,0,0,0
2.17,91354989,0,6.99,2016-10-01,7500,0,194739,45000,4840,202,2,145,8,8,807,0.1764017439336834,1,0,1,0
6.54,93574153,1,14.99,2016-11-01,25000,0,19996,77093,1012,222,4,144,6,29,672,0.2258930782682992,1,0,0,0
17.2,93237545,5,12.74,2016-11-01,2000,0,504897,97000,2850,269,7,158,6,27,667,0.22820244156389516,1,0,1,0
34.05,94516834,0,17.99,2016-12-01,20000,0,98260,68000,26157,285,5,201,12,12,682,0.24405029299643655,0,1,0,1
29.1,91456326,0,21.49,2016-10-01,10000,0,47994,60000,153,261,1,132,10,10,742,0.2262116396218806,0,0,1,0
20.74,95696025,1,17.99,2016-12-01,15000,0,267725,121000,15148,311,11,115,3,4,742,0.2258930782682992,0,0,0,0
32.96,91844168,2,26.99,2016-11-01,12600,0,96475,35000,33980,146,3,143,10,10,667,0.26936207385807537,1,0,0,1
26.75,92668971,5,22.74,2016-11-01,24000,1,268426,72000,11104,176,5,120,3,22,667,0.23846830760717275,0,0,0,1
23.52,94576422,1,18.99,2016-12-01,7000,0,314604,128000,38455,272,2,268,13,20,677,0.24178857354630912,0,0,1,0
29.82,91574781,0,22.74,2016-11-01,9075,0,17856,25272,15703,315,1,155,24,43,672,0.2398335190568419,0,0,0,1
5.32,92846446,3,17.99,2016-11-01,5800,1,6217,30000,6217,161,4,168,7,7,667,0.24405029299643655,0,1,1,0
17.91,91773202,3,19.99,2016-11-01,10000,1,10599,25000,6624,339,5,15,5,5,702,0.2258930782682992,0,0,0,1
21.92,91102234,1,18.99,2016-10-01,30400,0,408529,120000,6141,109,4,240,3,22,787,0.25400944474180537,0,0,0,1
11.15,91567218,0,11.49,2016-10-01,15000,0,11409,70000,9154,181,0,56,39,13,687,0.2258930782682992,0,1,1,0
6.97,91774618,0,13.49,2016-11-01,21925,0,2728,120000,2486,186,5,121,21,21,672,0.22820244156389516,0,1,1,0
17.1,93663024,1,15.99,2016-11-01,7200,0,213732,52000,9236,145,5,63,10,10,692,0.2111913767566574,0,0,0,0
15.66,93298235,2,12.74,2016-11-01,8000,1,18544,50500,8536,79,3,20,13,13,667,0.26936207385807537,0,1,1,0
15.67,94416496,0,7.99,2016-12-01,10000,0,37684,60000,10386,239,2,97,11,11,737,0.2258930782682992,0,1,1,0
27.69,95019199,1,6.99,2016-12-01,5500,1,98405,30000,7421,224,10,165,5,5,727,0.24178857354630912,1,0,0,0
18.28,91072946,0,21.49,2016-10-01,20800,0,21511,60000,4635,360,5,129,6,6,682,0.1764017439336834,0,0,1,0
17.39,93849324,2,11.44,2016-11-01,25000,0,179821,75000,20249,207,3,122,6,18,692,0.2218279015751931,0,0,0,1
22.23,94411073,6,21.49,2016-12-01,5500,0,59321,96000,9037,206,13,119,3,6,662,0.2218279015751931,0,0,0,1
10.32,91457759,0,13.49,2016-11-01,1500,0,12024,55000,1150,205,1,35,14,14,672,0.26936207385807537,0,1,1,0
31.16,93941228,3,11.49,2016-11-01,14500,0,145126,80000,90840,363,8,153,4,4,692,0.1935332077454842,1,0,0,1
28.91,94198773,4,14.99,2016-12-01,32000,1,83499,66000,8702,18,11,80,8,14,662,0.22541344615680733,0,1,0,1
21.98,92350153,0,11.44,2016-11-01,1000,0,11360,13000,6676,110,1,14,14,68,707,0.2258930782682992,0,1,1,0
9.58,95143577,1,14.99,2016-12-01,25000,0,343182,120000,11295,222,2,163,4,61,692,0.2367977506586332,0,0,0,0
3.66,81566986,1,13.49,2016-11-01,5000,1,2774,42000,2774,131,4,113,3,19,682,0.24405029299643655,0,1,0,0
9.14,94082114,2,11.39,2016-12-01,15000,1,35235,113712,5213,68,3,29,9,44,702,0.22820244156389516,0,1,1,0
13.17,95293982,0,14.99,2016-12-01,5000,1,8144,40000,7802,61,3,22,2,2,667,0.2367977506586332,0,0,1,0
11.12,92301439,1,14.99,2016-11-01,24000,1,9880,65000,4766,35,2,187,13,23,722,0.24178857354630912,0,1,1,0
31.39,94009330,3,22.74,2016-12-01,7325,0,20938,21600,1558,144,6,134,3,3,707,0.2508940045575526,1,0,1,0
32.74,91098385,1,13.99,2016-10-01,6000,0,355508,145000,86098,470,6,156,4,12,717,0.26936207385807537,1,0,1,0
11.83,94020045,0,18.99,2016-12-01,26225,0,268981,93000,27190,126,6,19,9,9,672,0.23093607081390768,0,0,0,1
33.96,93002495,7,8.24,2016-11-01,9000,1,134404,30000,4362,91,6,131,1,16,707,0.24038555719815624,0,0,0,1
32.36,92133694,2,19.99,2016-10-01,35000,1,96545,90000,96545,139,1,78,3,3,667,0.2258930782682992,0,1,1,0
26.74,95152394,5,12.74,2016-12-01,10000,1,139774,42000,3976,214,2,159,6,80,662,0.2218279015751931,0,0,1,0
17.24,91773428,0,8.24,2016-10-01,6000,1,95125,76000,8966,195,1,165,21,13,677,0.1764017439336834,0,1,0,0
22.48,92165648,3,10.49,2016-11-01,17000,0,159914,60000,12460,298,8,61,4,8,662,0.24236974246031542,0,0,1,0
7.69,95159646,3,10.49,2016-12-01,7200,0,179300,61000,2539,152,2,123,4,6,707,0.26936207385807537,0,0,0,0
17.73,92469892,3,11.39,2016-11-01,15000,0,138376,48000,7940,125,8,150,3,3,687,0.22964600222399478,1,0,0,0
16.27,95715519,6,23.99,2016-12-01,3300,0,1042,11000,1042,184,11,197,2,2,697,0.2258930782682992,0,1,0,1
32.45,91473903,2,26.99,2016-10-01,21000,1,62046,66726.4,8450,105,13,112,2,13,662,0.23846830760717275,0,0,0,1
26.75,92175435,1,21.49,2016-11-01,11275,0,14750,36000,7563,59,6,13,0,14,692,0.22820244156389516,0,1,0,1
20.17,95865254,7,11.39,2016-12-01,12000,0,308959,90000,4726,124,4,126,4,8,662,0.22820244156389516,0,0,0,1
6.52,91173616,8,18.99,2016-10-01,11200,0,321417,120000,12823,52,7,82,7,8,682,0.3029734287056215,0,0,0,1
8.73,93101759,2,10.49,2016-11-01,12500,0,142249,50000,9183,144,8,136,5,5,742,0.22820244156389516,0,0,0,0
23.17,92471876,1,19.99,2016-11-01,21000,0,64453,115600,26792,200,2,243,4,4,677,0.2508940045575526,1,0,0,1
10.47,94359480,2,18.99,2016-12-01,6500,0,3482,35000,3083,288,9,91,3,5,767,0.24405029299643655,1,0,1,0
23.8,91956947,8,11.49,2016-11-01,25000,0,681618.6899999992,260000,105349.48000000001,470,2,149,4,124,732,0.2508940045575526,1,0,0,1
12.04,94186595,1,10.49,2016-11-01,2000,0,32021,100000,5823,167,4,136,6,13,712,0.25400944474180537,1,0,0,0
21.54,94352841,6,16.99,2016-12-01,9500,1,92105,103000,21130,164,14,176,1,3,667,0.3029734287056215,0,1,0,0
11.21,92173375,4,8.24,2016-10-01,15000,0,193688,120000,22564,110,6,113,3,3,677,0.22820244156389516,0,0,1,0
12.6,94360196,3,17.99,2016-12-01,15000,1,144824,60000,23443,289,6,34,1,1,702,0.22820244156389516,0,0,1,0
6.51,94389010,1,11.39,2016-12-01,2550,0,73946,51600,2448,179,5,118,2,2,672,0.24236974246031542,0,0,1,0
9.03,95067415,2,19.99,2016-12-01,4500,0,13609,42000,7404,38,6,12,3,3,667,0.24236974246031542,0,1,1,0
30.33,90256673,4,17.99,2016-10-01,6425,1,75096,22000,9760,335,0,148,30,44,712,0.19155677855117656,0,0,0,1
5.91,94470701,0,11.39,2016-12-01,9500,0,21281,42000,5847,97,3,93,13,13,692,0.25450503330821056,1,0,1,0
22.55,91031901,0,5.32,2016-10-01,35000,0,106459,210000,11742,138,3,127,6,6,747,0.2367977506586332,1,0,0,1
19.26,90987953,1,14.49,2016-10-01,30000,0,261815,115000,52729,234,2,130,9,9,687,0.21470648544797244,0,0,1,0
6.63,93721428,3,13.49,2016-11-01,24000,0,18183,125000,7031,176,9,124,2,2,682,0.2218279015751931,0,0,0,1
19.37,93472691,3,13.49,2016-11-01,10000,0,422411,65000,14693,470,13,146,1,1,732,0.2258930782682992,1,0,0,0
12.49,91903843,2,12.74,2016-10-01,30000,1,41521,120000,25669,142,6,147,12,25,682,0.2258930782682992,0,1,1,0
25.08,95218771,1,15.99,2016-12-01,10000,1,273274,80000,9073,106,5,160,1,1,672,0.2258930782682992,0,1,0,1
14.52,91687543,6,8.24,2016-11-01,2000,0,51183,76543,5515,256,4,139,3,6,667,0.22820244156389516,0,0,1,0
10.36,94469208,3,8.24,2016-12-01,22400,0,31938,145000,8245,387,3,135,7,17,677,0.2258930782682992,0,0,0,1
33.45,92203611,4,13.49,2016-10-01,9600,0,388201,85000,17005,133,10,146,2,47,677,0.2586338582330572,0,0,0,1
8.97,92155171,5,18.99,2016-10-01,28000,0,72742,140000,8540,153,5,129,5,7,667,0.2962466441080822,0,0,0,1
24.17,94749020,1,11.44,2016-12-01,7000,0,26831,42000,13830,68,7,31,4,4,697,0.24405029299643655,0,1,0,0
21.43,91173175,3,13.49,2016-10-01,18000,1,47546,90000,37917,104,5,99,11,24,677,0.24405029299643655,0,1,0,0
23.94,91475780,1,10.49,2016-10-01,7200,0,188271,40000,18192,59,2,181,10,32,662,0.25400944474180537,0,0,1,0
11.36,91733938,4,8.24,2016-11-01,15200,0,42249,80000,12486,152,1,191,12,31,662,0.22820244156389516,0,1,1,0
9.55,92687852,1,10.49,2016-11-01,12000,0,235265,50000,9986,62,2,48,23,23,697,0.22541344615680733,0,0,1,0
22.14,94016157,3,13.49,2016-11-01,5000,0,61261,75000,14564,156,5,132,1,31,672,0.2398335190568419,0,1,0,1
16.41,91152287,0,8.59,2016-10-01,13000,1,170428,74000,24914,327,2,206,14,30,752,0.3029734287056215,0,0,0,0
26.45,94444724,2,12.74,2016-12-01,9600,0,41892,51500,0,254,3,88,12,148,767,0.22820244156389516,1,0,1,0
17.96,90301398,1,14.49,2016-10-01,15000,0,23276,30000,2364,115,7,156,0,5,687,0.25400944474180537,0,1,1,0
31.26,95213550,3,11.49,2016-12-01,2000,0,26671,21000,5902,68,8,79,5,5,717,0.24236974246031542,0,1,1,0
11.71,91338981,0,9.49,2016-10-01,7200,0,186211,50000,4953,172,1,119,7,136,687,0.21658368254620217,0,1,0,1
2.38,94164492,0,11.44,2016-12-01,8000,0,9681,50000,3792,226,2,250,23,24,662,0.2258930782682992,0,1,1,0
22.1,93452188,3,6.99,2016-11-01,12000,0,38948,77000,8545,268,5,78,9,9,752,0.2367977506586332,0,0,0,0
17.89,91563635,4,19.99,2016-10-01,19000,1,44051,63000,6325,35,4,74,5,31,662,0.24772661201898094,0,0,1,0
29.53,91305227,4,24.99,2016-10-01,20000,0,245977,58000,16870,155,7,147,5,5,697,0.24178857354630912,0,0,0,0
30.38,93493379,2,11.39,2016-11-01,24000,1,51475,85000,20470,301,7,144,0,15,697,0.2398335190568419,0,1,1,0
21.08,91948144,0,26.99,2016-10-01,12750,1,26284,35300,14226,65,3,48,6,20,667,0.1764017439336834,0,1,0,1
17.85,94178017,9,19.99,2016-12-01,15000,1,24937,65000,2521,64,6,106,8,10,677,0.22820244156389516,0,1,1,0
18.1,94338363,4,5.32,2016-12-01,7500,0,57755,70000,10699,108,4,112,2,2,742,0.2258930782682992,0,1,1,0
9.97,90621689,2,8.99,2016-10-01,21600,0,608663,200000,15089,221,7,113,7,17,752,0.25400944474180537,0,0,0,0
13.16,91121664,0,22.39,2016-10-01,20000,1,20049,55000,10505,108,10,100,7,7,682,0.2262116396218806,0,1,0,1
14.6,91182475,2,13.49,2016-11-01,20000,0,342848,73000,6048,152,5,76,8,24,697,0.2508940045575526,0,0,0,0
24.19,91803862,2,11.44,2016-11-01,24000,1,160509,70000,1915,189,4,172,2,25,727,0.2962466441080822,0,0,0,0
29.16,92556231,5,21.49,2016-11-01,24000,1,60276,60000,20701,259,4,2,0,112,677,0.2586338582330572,0,0,1,0
15.44,94046190,2,10.49,2016-12-01,10000,0,25227,52000,13425,210,3,145,3,9,717,0.22820244156389516,0,0,0,0
1.9,91082311,4,24.74,2016-11-01,4000,1,2467,50000,2467,228,3,143,1,6,672,0.2258930782682992,0,0,1,0
22.68,91984311,0,12.74,2016-11-01,13800,0,20613,30000,20613,431,2,129,1,1,717,0.2258930782682992,0,1,0,0
34.91,91288927,0,14.49,2016-10-01,16000,0,122542,59000,13356,78,7,84,9,9,707,0.22820244156389516,0,1,0,0
6.52,95329417,3,11.39,2016-12-01,35000,0,23463,155000,12276,316,7,160,2,5,757,0.2367977506586332,0,1,0,1
13.21,91646121,0,16.99,2016-11-01,8000,0,22629,46800,5907,78,5,44,8,20,737,0.26936207385807537,0,1,0,0
16.17,94011663,0,11.44,2016-12-01,3000,0,144619,44000,2155,119,2,123,14,31,672,0.24236974246031542,0,1,1,0
32.88,93583017,6,12.74,2016-11-01,7500,0,305307,75000,4079,184,6,124,5,7,687,0.16180741466312665,0,0,0,1
21.06,91048534,0,6.99,2016-10-01,8500,0,119029,45000,11451,203,2,168,14,119,732,0.22820244156389516,0,0,0,0
19.76,91345485,0,16.99,2016-10-01,15000,1,46272,88000,25173,240,5,97,8,12,672,0.22964600222399478,0,1,0,0
10.19,94546966,9,11.44,2016-12-01,7000,0,13097,45000,5255,82,7,121,7,17,682,0.23093607081390768,0,1,1,0
34.58,93972974,2,12.74,2016-11-01,6650,0,288610,75000,30888,187,2,139,11,73,712,0.22820244156389516,0,0,1,0
24.04,93400861,3,18.99,2016-11-01,32100,1,238221,86892,14124,266,6,185,3,3,682,0.2258930782682992,0,0,0,1
16.02,93723120,6,13.99,2016-11-01,25000,0,61411,110000,8029,130,5,85,1,28,707,0.3133839123580087,0,0,1,0
20.05,93890087,2,12.74,2016-11-01,3000,0,139885,250000,58496,470,6,187,6,8,672,0.2367977506586332,0,1,0,1
20.97,93523763,1,11.39,2016-11-01,12000,1,174979,78000,15913,305,4,137,13,49,687,0.22820244156389516,0,0,0,0
28.21,92440322,2,13.99,2016-11-01,35000,1,248278,240000,105349.48000000001,408,6,151,3,5,677,0.24405029299643655,1,0,0,1
25.25,91474324,4,12.79,2016-10-01,8000,0,147497,45000,4112,146,7,111,3,3,682,0.21658368254620217,0,1,0,1
30.14,92280402,5,16.99,2016-11-01,1200,1,57302,53600,7582,195,16,102,1,4,697,0.2367977506586332,0,1,0,1
26.12,94247431,1,11.49,2016-11-01,10000,0,25108,30000,5692,197,2,160,7,57,707,0.22820244156389516,0,0,0,0
12.88,94447738,2,11.39,2016-12-01,15000,0,25387,92000,15092,182,11,124,2,2,702,0.2586338582330572,0,0,0,0
18.33,95106708,4,13.49,2016-12-01,10000,0,85005,107000,10566,285,9,135,2,7,702,0.16197620383450775,0,1,0,0
13,92708337,4,13.49,2016-11-01,12000,0,39467,60000,7244,228,6,164,2,8,707,0.24236974246031542,0,1,1,0
8.04,94467666,7,15.99,2016-12-01,8000,0,15764,86000,2060,50,6,34,8,8,672,0.2398335190568419,1,0,1,0
29.34,92442024,1,17.99,2016-11-01,18325,0,34458,36680,13734,327,5,44,2,2,682,0.2367977506586332,1,0,0,0
14.91,94384177,9,19.99,2016-12-01,16000,0,268000,90000,11711,120,16,206,0,0,692,0.2294121971136406,0,0,1,0
25.14,94083084,3,10.49,2016-12-01,12000,1,36512,60000,3438,81,3,181,3,3,707,0.2258930782682992,0,1,1,0
14.86,93920596,0,6.99,2016-11-01,16000,0,89067,93000,26562,369,1,151,13,68,737,0.16337446126458402,0,0,0,0
34.76,94411006,0,11.44,2016-12-01,14000,0,139262,41358.96,1889,230,4,109,4,23,732,0.2962466441080822,0,0,0,0
16.17,95052572,1,11.49,2016-12-01,15000,0,33363,70000,22771,184,4,47,5,25,682,0.2367977506586332,0,0,1,0
18.11,95077259,1,16.99,2016-12-01,2000,0,15678,35000,4546,55,3,17,4,11,662,0.2508940045575526,0,1,0,1
18.35,95083451,2,17.99,2016-12-01,21000,1,466710,165000,28432,179,7,119,4,9,672,0.1305656166082932,0,0,1,0
11.09,90161147,4,7.59,2016-10-01,8000,0,233111,105000,2845,164,3,144,3,33,687,0.3133839123580087,0,0,0,1
14.11,94258989,2,5.32,2016-12-01,10200,0,307066,120000,3000,233,3,130,3,148,697,0.3029734287056215,0,0,0,0
25.09,90398995,3,11.49,2016-10-01,2800,0,181987,38000,9753,450,5,149,1,2,682,0.24405029299643655,0,0,1,0
28.03,94415849,2,11.49,2016-12-01,2000,0,67000,84000,5912,62,11,121,4,45,662,0.22964600222399478,0,1,0,1
30.13,90987318,2,14.49,2016-10-01,25925,0,319129,75000,26513,119,1,135,12,25,742,0.23093607081390768,0,0,0,0
21.33,91404634,1,13.49,2016-10-01,8800,0,81951,65000,53817,130,3,18,3,3,692,0.2258930782682992,1,0,1,0
24.57,94352500,5,22.74,2016-12-01,24000,1,381385,79716,15140,247,9,192,0,11,662,0.24772661201898094,0,0,1,0
16.38,91853543,3,11.44,2016-10-01,32175,0,681618.6899999992,120000,83638,470,5,159,11,16,722,0.2367977506586332,0,0,1,0
11.79,94749337,1,17.99,2016-12-01,12500,0,46509,52000,5723,91,8,68,4,36,702,0.22964600222399478,0,1,0,0
13.25,90745381,0,13.99,2016-10-01,1000,0,50379,101000,24968,135,1,152,5,5,682,0.2398335190568419,0,1,0,1
15.31,92220387,1,18.99,2016-10-01,35000,0,38565,100000,25286,57,3,97,8,20,677,0.2258930782682992,0,1,0,1
5.84,92114858,1,11.44,2016-10-01,7200,0,6861,30000,6861,233,1,132,16,16,677,0.21910964887857984,0,0,0,1
21.11,92224800,2,16.99,2016-11-01,16000,0,41506,55000,12689,120,11,91,0,6,667,0.2398335190568419,0,1,0,1
6.84,92708655,3,15.99,2016-11-01,20800,0,154305,110000,3116,260,6,158,10,31,677,0.24236974246031542,0,1,0,0
18.2,94097018,3,14.99,2016-11-01,15000,1,22467,55000,7993,184,12,134,1,1,662,0.2367977506586332,0,1,1,0
26.55,92234857,3,8.24,2016-10-01,8000,0,62755,50000,8366,138,2,143,12,12,737,0.2398335190568419,0,1,0,0
23.94,93532254,7,7.24,2016-11-01,24000,0,681618.6899999992,225000,54068,356,7,119,2,33,692,0.26936207385807537,0,0,1,0
8.22,95374173,6,11.49,2016-12-01,10000,0,204782,80000,5844,191,7,201,7,8,717,0.22964600222399478,0,0,1,0
11.1,91022409,0,10.49,2016-10-01,30000,0,439524,118000,26809,249,4,151,15,15,707,0.1764017439336834,0,0,1,0
23.76,89797087,1,15.99,2016-12-01,1000,0,22795,30000,17821,127,5,156,3,21,677,0.16180741466312665,0,1,0,1
38.4,93992947,7,21.49,2016-11-01,12000,0,36270,30000,5796,114,4,154,4,9,667,0.24236974246031542,0,0,1,0
16.7,93751908,2,13.99,2016-11-01,30000,1,53793,112000,12643,112,8,136,2,2,722,0.22820244156389516,0,1,1,0
25.32,94033401,3,12.74,2016-11-01,10000,0,74957,110000,24518,133,5,120,1,2,662,0.22820244156389516,0,1,0,0
26.86,95329118,1,18.99,2016-12-01,15000,0,81334,75000,57621,425,3,104,7,13,672,0.24178857354630912,0,0,1,0
10.39,90836924,0,8.99,2016-10-01,1000,0,282094,60990,9410,190,5,163,10,10,727,0.24236974246031542,1,0,1,0
32.88,94207007,1,14.99,2016-11-01,2000,0,143326,32736,16342,402,2,131,14,14,747,0.2262116396218806,0,0,0,1
16.79,95329589,0,11.49,2016-12-01,2800,0,445021,105000,26726,194,4,158,10,17,697,0.2218279015751931,0,0,1,0
26,91157501,0,11.49,2016-10-01,35000,0,94606,100000,36067,209,1,130,16,71,712,0.2398335190568419,0,1,0,1
20.34,90765637,3,6.99,2016-10-01,10000,0,207589,56000,25867,130,5,143,7,75,777,0.26936207385807537,0,0,0,0
10.15,94078817,2,8.24,2016-12-01,15000,0,239751,116000,7711,271,5,160,1,1,672,0.24178857354630912,0,0,1,0
18.92,93368457,0,7.24,2016-11-01,16000,0,211876,94000,45503,263,3,166,13,16,747,0.2586338582330572,0,0,0,0
22.18,93596294,3,10.49,2016-11-01,35000,0,333783,85000,30278,284,2,145,4,20,737,0.3133839123580087,0,0,0,1
8.33,94340576,0,15.99,2016-12-01,24000,0,120608,50000,5986,111,1,181,24,68,707,0.14194112958139316,0,0,1,0
10.49,91340584,3,11.49,2016-10-01,7000,0,94036,59600,6886,209,6,182,3,3,707,0.2398335190568419,0,1,1,0
3.8,90986807,4,21.49,2016-10-01,8400,0,1091,60000,540,144,8,53,5,6,677,0.23846830760717275,0,1,1,0
6.72,93923282,3,11.44,2016-12-01,9500,0,93438,153000,1216,141,0,143,25,39,667,0.24772661201898094,0,0,0,1
27.57,93831665,3,13.49,2016-11-01,14000,0,519394,93200,105349.48000000001,382,5,74,2,24,687,0.25400944474180537,0,0,0,1
11.84,91199266,5,7.99,2016-10-01,9600,0,54008,136000,9398,253,6,221,9,20,702,0.22820244156389516,1,0,0,0
32.28,93632764,5,26.24,2016-12-01,20000,1,73761,53196,10905,110,3,76,2,2,667,0.2258930782682992,0,1,0,1
23.35,93535654,1,13.49,2016-11-01,15000,0,39187,88000,19417,76,8,191,4,4,677,0.16180741466312665,0,1,0,0
20.77,91172205,9,11.49,2016-10-01,8400,0,80030,43500,4627,134,16,151,5,20,682,0.2398335190568419,0,0,1,0
24.9,90835848,5,21.49,2016-10-01,6400,1,27113,35000,7201,186,12,18,3,17,667,0.2258930782682992,0,0,1,0
17.77,94123645,0,11.39,2016-12-01,2000,0,102247,24000,12622,129,5,15,3,3,692,0.23846830760717275,0,0,1,0
21.68,92556833,1,11.49,2016-11-01,9000,0,23256,46000,9080,100,2,104,11,71,697,0.2258930782682992,0,1,0,1
24.55,92153480,1,11.44,2016-10-01,13000,0,197581,101000,21499,283,8,171,0,0,742,0.24772661201898094,0,0,0,0
3.93,93586266,2,12.74,2016-11-01,35000,0,681618.6899999992,260000,15181,209,4,151,5,5,707,0.23093607081390768,0,0,1,0
39.948699999999995,94187263,1,14.99,2016-12-01,25325,1,132847,10000,22560,167,6,187,1,15,687,0.23846830760717275,0,0,0,1
3.98,95148087,1,12.74,2016-12-01,12000,0,7315,49000,7210,312,5,133,6,7,687,0.2294121971136406,0,1,0,0
18.55,92045540,0,13.99,2016-10-01,20000,0,319557,110000,7598,163,6,120,5,5,702,0.2367977506586332,0,0,0,0
19.56,91553893,2,14.99,2016-10-01,16000,0,85890,54000,5112,180,2,131,13,148,682,0.24236974246031542,0,0,1,0
18.31,92562905,2,6.99,2016-11-01,20000,0,629337,193000,105349.48000000001,184,6,118,6,17,712,0.24405029299643655,1,0,1,0
7.41,94438612,4,16.99,2016-12-01,3500,0,114704,52000,7312,217,9,174,1,3,662,0.2508940045575526,0,1,0,1
24.1,93474154,2,18.99,2016-11-01,22000,1,41418,70000,9313,147,9,147,10,10,717,0.21910964887857984,0,0,0,1
2.54,91163033,1,13.49,2016-10-01,5000,0,69149,70000,8294,157,0,158,29,13,727,0.24405029299643655,0,1,0,1
26.56,95330829,3,11.49,2016-12-01,6025,0,7701,10400,3217,156,0,123,26,132,687,0.23093607081390768,0,1,0,1
31.51,95918881,3,15.99,2016-12-01,18000,0,222197,80000,28120,151,2,129,1,115,702,0.25400944474180537,0,0,0,0
9.98,94177928,2,8.24,2016-12-01,14000,0,349824,108000,5572,119,10,183,3,9,697,0.22820244156389516,1,0,0,0
16.05,90745224,4,26.99,2016-10-01,26725,1,29381,65000,9714,93,7,150,1,1,667,0.21910964887857984,1,0,0,1
23.8,93949619,1,5.32,2016-11-01,7000,0,56585,65000,7477,126,6,133,4,10,747,0.22964600222399478,0,1,0,0
18.78,91020936,1,12.79,2016-10-01,10000,0,14322,40000,9951,214,4,80,5,18,662,0.2962466441080822,1,0,1,0
6.48,91554390,1,15.99,2016-11-01,8100,1,6137,72000,123,131,11,138,5,14,667,0.2367977506586332,0,0,1,0
10.58,91366605,1,10.49,2016-11-01,12000,0,134602,66000,1224,78,2,146,5,68,717,0.21658368254620217,0,1,1,0
24.2,94083748,0,15.99,2016-12-01,18000,1,46977,50000,2261,268,2,142,7,38,737,0.2262116396218806,0,0,0,0
14.76,91339057,7,17.99,2016-10-01,11200,0,198510,83000,12788,197,10,194,4,6,677,0.1935332077454842,0,0,1,0
20.29,93135585,1,14.99,2016-11-01,12000,0,127000,65000,12209,91,1,101,6,29,672,0.22820244156389516,0,0,0,1
12.34,94004485,3,17.99,2016-11-01,10300,0,472641,73272,0,169,0,126,26,12,747,0.2398335190568419,0,0,0,1
28.21,91668352,6,11.49,2016-10-01,5000,0,265750,55000,27404,193,3,123,11,14,667,0.24405029299643655,0,0,1,0
14.33,90641488,7,10.99,2016-10-01,8000,0,46114,53000,8560,192,5,54,11,21,722,0.21910964887857984,0,0,0,0
16.93,95336843,3,15.99,2016-12-01,7000,0,148611,75000,11565,276,9,141,1,9,682,0.24236974246031542,0,0,0,1
10.87,93893031,2,12.74,2016-11-01,12000,0,14143,55000,14143,470,8,123,1,1,702,0.2398335190568419,0,1,0,0
7.67,91048125,6,17.99,2016-10-01,30000,1,26985,100000,15484,186,3,117,8,8,717,0.22541344615680733,1,0,0,1
22.74,94068385,1,15.99,2016-12-01,15875,0,50932,58000,4509,139,4,158,2,34,732,0.24236974246031542,0,1,1,0
17.53,91434006,0,13.99,2016-10-01,18000,0,158694,74000,12886,200,7,110,3,3,697,0.2367977506586332,0,0,0,0
9.5,91494672,4,7.49,2016-10-01,5200,0,175734,31000,6390,374,5,132,1,1,732,0.2258930782682992,0,0,0,0
16.17,91202085,3,6.99,2016-11-01,2000,0,197910,53000,1303,133,8,121,2,7,692,0.26936207385807537,0,0,0,0
3.67,91386367,1,15.99,2016-10-01,10000,0,11552,128000,8902,54,3,142,5,5,672,0.2367977506586332,0,0,0,1
34.46,93852176,4,11.49,2016-11-01,12600,0,34530,40000,4813,270,5,225,5,5,702,0.2508940045575526,1,0,0,0
19.07,94081873,2,7.49,2016-12-01,20000,1,151233,105000,48614,280,5,270,8,8,687,0.3029734287056215,0,0,0,1
6.56,92689392,1,5.32,2016-11-01,3000,0,503552,188000,105349.48000000001,277,1,167,2,44,737,0.26936207385807537,1,0,1,0
22.45,93932158,1,16.99,2016-11-01,13000,0,147440,47000,11084,114,7,185,2,15,677,0.16180741466312665,0,0,1,0
23.66,93950912,1,26.24,2016-12-01,23050,0,180804,64000,25934,177,13,29,4,13,677,0.2262116396218806,0,0,1,0
22.25,95118890,0,8.24,2016-12-01,12600,0,164961,87000,3433,354,0,74,34,145,667,0.21910964887857984,1,0,1,0
21.64,94217499,3,25.49,2016-12-01,12000,0,28437,66000,4924,84,10,147,2,81,677,0.15873373683147546,1,0,0,1
4.56,94394281,0,8.24,2016-12-01,16000,0,681618.6899999992,260000,80205,123,4,122,19,19,742,0.2398335190568419,1,0,1,0
19.18,93278879,3,26.99,2016-11-01,10375,1,25219,57000,6807,237,1,121,18,128,707,0.2258930782682992,1,0,1,0
14.22,95067700,3,8.24,2016-12-01,10000,0,19628,80000,19628,135,4,148,4,4,672,0.26936207385807537,0,0,0,0
16.8,94536560,0,12.74,2016-12-01,10400,0,156123,40000,11236,72,5,30,7,16,702,0.2258930782682992,0,0,1,0
13.03,92093347,1,12.74,2016-10-01,11200,0,16994,48000,16994,121,2,124,10,21,682,0.16180741466312665,0,1,1,0
17.09,90301427,0,11.49,2016-10-01,5000,0,30869,68000,26096,412,1,93,18,37,682,0.2218279015751931,0,1,1,0
15.47,94476562,4,18.99,2016-12-01,30000,1,303621,80000,16252,227,2,178,1,99,662,0.26936207385807537,0,0,0,1
20.37,93707765,2,14.99,2016-11-01,15000,0,316171,95000,28491,165,12,156,4,15,667,0.24772661201898094,0,0,0,1
31.91,94183397,2,15.99,2016-12-01,4225,0,29336,27040,5305,41,7,38,7,7,667,0.2367977506586332,1,0,0,1
26.5,95071643,3,14.99,2016-12-01,2400,0,18816,28500,1818,120,4,23,12,24,667,0.2367977506586332,0,1,1,0
24.36,92649369,0,6.99,2016-11-01,5000,0,58302,60000,19635,428,7,125,2,2,717,0.2367977506586332,0,1,1,0
22.69,95056657,2,12.74,2016-12-01,10000,0,106539,38000,17607,236,4,119,3,3,682,0.21470648544797244,0,0,1,0
22.08,92381466,0,11.49,2016-11-01,7000,1,22693,32500,6752,39,2,23,18,18,667,0.2367977506586332,0,1,1,0
20.7,92500316,0,10.49,2016-11-01,20000,0,46128,115000,3762,344,2,6,6,56,697,0.2586338582330572,1,0,0,1
16.87,90501234,0,6.99,2016-10-01,2000,0,23231,35000,943,258,3,152,19,22,722,0.19155677855117656,0,1,0,0
25.95,94009100,4,11.44,2016-11-01,9600,0,82685,78000,9494,119,4,143,3,3,677,0.2262116396218806,0,1,0,1
15.35,95032927,4,12.74,2016-12-01,20000,0,60824,166000,10067,202,2,174,2,14,677,0.26220086013005467,0,1,0,0
17.41,94436218,0,13.99,2016-12-01,10000,0,121602,22332,8579,82,7,276,3,3,692,0.2262116396218806,0,0,0,1
14.99,92094350,7,12.74,2016-10-01,8000,1,34310,100000,8055,123,5,171,9,23,662,0.22820244156389516,0,0,1,0
22.79,95107036,0,15.99,2016-12-01,18000,0,278993,90000,12030,166,8,123,3,3,737,0.23846830760717275,0,0,0,0
21.05,91784345,2,15.99,2016-10-01,28000,0,420244,96000,24882,274,9,135,0,2,707,0.2258930782682992,1,0,0,1
12.09,94941476,5,19.99,2016-12-01,24000,0,16377,85000,6750,228,4,109,7,7,707,0.24405029299643655,0,1,0,1
12.31,91098101,2,8.99,2016-10-01,3000,0,189562,73000,6604,169,6,227,14,23,767,0.1935332077454842,0,0,1,0
27.76,94443905,1,13.49,2016-12-01,15000,0,556948,104000,57599,274,3,177,9,16,722,0.23093607081390768,0,0,0,0
12.01,92607511,3,14.99,2016-11-01,28000,0,120127,108000,11555,241,5,26,2,2,677,0.22820244156389516,0,0,0,1
14.31,90776133,8,16.99,2016-10-01,10000,0,24009,42000,8927,99,8,15,9,9,672,0.23093607081390768,0,1,1,0
17.83,94001876,1,15.99,2016-12-01,22000,1,34456,65000,8575,123,5,129,4,4,677,0.2258930782682992,0,1,1,0
20.53,91433521,1,18.99,2016-10-01,24000,0,123290,72000,16415,135,6,139,5,8,667,0.19155677855117656,0,0,0,1
11.34,93281253,3,14.99,2016-11-01,20000,0,362295,140420.74,10900,211,9,135,4,7,712,0.23846830760717275,0,0,1,0
13.3,93950313,1,7.99,2016-11-01,10000,0,44424,80240,10308,181,3,132,1,1,697,0.2962094049669217,1,0,0,0
26.96,91122830,1,8.59,2016-10-01,5800,0,36380,60000,1348,258,2,139,12,49,722,0.2258930782682992,0,1,1,0
16.36,91506215,0,11.39,2016-10-01,15000,0,18760,60000,5077,192,1,162,14,50,757,0.1764017439336834,1,0,0,0
16.06,94075733,3,14.99,2016-12-01,18000,1,388854,94000,21383,124,4,146,11,16,697,0.2258930782682992,0,0,1,0
19.56,92361288,0,11.44,2016-11-01,10000,0,66622,60000,2509,191,3,140,6,6,662,0.24236974246031542,0,0,0,1
18.2,95010815,1,12.74,2016-12-01,12000,0,20248,30000,20248,469,6,129,2,6,707,0.24236974246031542,1,0,0,0
33.73,93889127,1,16.99,2016-12-01,3000,0,14781,19000,229,156,1,61,17,98,722,0.2367977506586332,0,1,0,0
15.16,91638152,1,14.99,2016-10-01,32000,1,618980,159300,32775,318,5,170,4,4,767,0.2294121971136406,0,0,0,0
22.25,93803284,1,11.39,2016-12-01,5000,0,22130,48000,9702,106,8,98,6,6,672,0.2258930782682992,0,1,1,0
26.34,89969262,1,7.59,2016-10-01,15000,0,119534,75000,26679,261,3,123,5,5,762,0.22820244156389516,0,1,0,0
13.54,91003469,0,9.49,2016-10-01,2000,1,197707,50000,11413,157,3,141,6,6,662,0.1764017439336834,0,0,1,0
21.1,92163764,3,12.74,2016-11-01,20000,0,165620,67000,4744,132,9,122,2,3,727,0.22541344615680733,0,0,0,0
21.71,92523628,4,26.99,2016-11-01,15600,1,21517,44000,6526,52,13,109,3,5,667,0.2258930782682992,0,1,0,1
15.49,93704788,4,17.99,2016-11-01,19000,1,205462,50000,560,200,1,15,15,80,717,0.26936207385807537,0,0,0,0
13.68,91284835,3,11.39,2016-10-01,4000,0,156825,43000,2505,124,7,122,4,4,787,0.22820244156389516,1,0,1,0
5.1,95274538,2,13.99,2016-12-01,16000,0,83559,260000,33519,237,7,140,1,6,662,0.2218279015751931,0,0,1,0
6.56,94227870,1,15.99,2016-12-01,21125,1,8967,60000,8967,94,7,94,3,12,727,0.23846830760717275,0,0,1,0
29.73,95010159,1,24.74,2016-12-01,20000,0,209345,79000,39602,237,5,129,6,24,667,0.21658368254620217,0,0,0,1
25.96,91594598,1,26.99,2016-10-01,20000,1,39331,63000,5759,190,5,127,3,3,707,0.24405029299643655,0,1,0,1
9.41,91733674,3,14.99,2016-10-01,10000,0,72040,43000,3550,200,3,62,3,39,777,0.2218279015751931,1,0,1,0
9.06,93740962,3,16.99,2016-11-01,6000,1,2609,20000,2609,170,5,121,1,1,687,0.2218279015751931,0,1,0,1
32.15,93594119,2,13.49,2016-11-01,18000,1,38307,67000,5725,152,7,132,2,14,667,0.26936207385807537,0,1,0,1
23.4,91824472,6,15.99,2016-10-01,20000,1,247882,76000,13813,136,2,137,4,4,672,0.16180741466312665,0,0,0,1
28.8,91180963,3,22.39,2016-10-01,16000,1,150065,67000,13889,207,3,135,5,10,717,0.3029734287056215,0,0,1,0
25.01,95587542,3,7.49,2016-12-01,5000,0,49509,70000,6005,470,7,137,3,5,722,0.22820244156389516,0,1,1,0
34.79,92269595,4,8.24,2016-11-01,8000,0,681618.6899999992,165000,105349.48000000001,282,4,170,5,126,707,0.26936207385807537,0,0,0,1
8.06,91300194,2,13.99,2016-10-01,24000,0,29553,135000,15861,170,8,193,13,20,692,0.2398335190568419,0,0,0,0
16.27,91082045,1,9.49,2016-10-01,15000,0,198206,70000,1737,70,4,127,9,27,727,0.21658368254620217,0,0,0,0
15.27,94327186,0,13.99,2016-11-01,1600,0,52087,68000,5510,25,8,229,3,3,662,0.2258930782682992,0,1,0,1
25.32,95795672,0,14.99,2016-12-01,30000,1,87898,82500,33865,236,4,135,6,19,702,0.24178857354630912,0,0,0,1
26.71,94646559,5,18.99,2016-12-01,14800,0,61892,51000,1317,455,15,131,5,5,672,0.24236974246031542,1,0,0,1
23.81,93464762,1,24.74,2016-11-01,10400,1,101451,43000,24303,278,4,276,6,9,682,0.21701380971305592,0,0,1,0
8.15,94210324,1,5.32,2016-12-01,21000,0,293702,121000,16101,312,2,153,2,31,707,0.2962466441080822,0,0,0,0
17.95,92034379,2,12.74,2016-11-01,10000,1,17509,44000,7830,21,5,148,12,14,692,0.2367977506586332,0,1,1,0
13.2,90985613,0,9.49,2016-10-01,8000,0,30809,106000,8053,191,2,124,2,2,682,0.2398335190568419,1,0,0,1
0.61,94192469,0,17.99,2016-12-01,7200,0,53241,67000,1313,106,2,241,3,3,697,0.2586338582330572,0,1,0,1
15.51,93999220,0,21.49,2016-11-01,19000,0,106832,50000,2067,235,3,156,14,20,702,0.26936207385807537,0,0,1,0
13.23,93574581,1,17.99,2016-11-01,24000,1,237438,75000,10402,146,3,194,10,10,677,0.26936207385807537,0,0,1,0
13.98,93501436,1,12.74,2016-11-01,5000,0,9869,31000,9869,112,1,131,12,12,742,0.2398335190568419,0,1,0,0
22.75,91305688,0,5.32,2016-10-01,13000,0,20917,103000,2655,135,1,262,16,48,682,0.24236974246031542,0,1,0,1
26.39,91366840,1,7.24,2016-10-01,3600,0,196056,66400,158,298,4,134,1,62,832,0.2258930782682992,0,0,1,0
25.46,94716964,2,13.99,2016-12-01,10000,0,212763,65000,13847,75,7,121,3,3,667,0.21658368254620217,0,0,1,0
24.23,90987923,0,18.99,2016-10-01,35000,1,42766,104000,13848,113,6,187,18,33,687,0.2398335190568419,0,0,0,1
18.42,92627506,1,7.24,2016-11-01,16800,0,339270,66000,10491,215,0,124,26,26,682,0.2218279015751931,0,0,1,0
21.24,92833962,1,24.74,2016-11-01,14000,1,247625,50000,12592,193,6,160,10,11,682,0.2367977506586332,0,0,0,1
20,94181614,1,7.24,2016-12-01,20000,0,80409,156000,28314,210,5,139,4,24,767,0.25450503330821056,0,1,0,0
29.26,95180730,1,18.99,2016-12-01,1575,1,8099,11000,8099,213,1,129,4,148,687,0.2218279015751931,0,1,0,1
17.98,93961439,1,8.24,2016-12-01,6000,0,196250,50000,5787,114,6,111,8,8,677,0.22820244156389516,0,0,1,0
22.95,91596918,4,12.74,2016-11-01,24000,1,183318,125000,14241,197,2,137,7,121,702,0.3029734287056215,0,0,0,1
22.53,94396674,0,13.49,2016-12-01,16000,0,358984,110000,12715,88,8,134,4,40,682,0.2258930782682992,0,0,0,0
18.96,92787201,0,8.24,2016-11-01,5000,0,36596,65000,5281,253,7,85,14,17,712,0.24236974246031542,1,0,1,0
18.41,93278489,0,8.24,2016-11-01,5000,0,221946,50000,41110,152,2,160,7,32,672,0.1764017439336834,0,0,1,0
7.59,95129606,3,13.99,2016-12-01,8000,1,8334,40000,8334,121,6,129,4,4,667,0.2398335190568419,0,1,0,1
39.35,94350806,1,13.49,2016-12-01,35000,0,422970,120000,49646,282,3,188,13,23,692,0.2367977506586332,0,0,0,1
17.28,90776299,2,10.99,2016-10-01,35000,0,176842,90000,8836,204,10,188,2,10,692,0.22820244156389516,0,0,1,0
31.93,93277781,2,24.74,2016-11-01,18900,1,32394,43000,5682,137,4,98,5,15,692,0.2367977506586332,0,1,0,1
4.38,94434566,3,15.99,2016-12-01,8000,0,1354,38000,1354,188,2,135,6,6,702,0.2218279015751931,0,0,1,0
26.41,94280505,2,16.99,2016-12-01,35000,0,374880,145000,105349.48000000001,225,6,150,9,17,667,0.22820244156389516,0,0,0,1
29.99,95239884,2,8.24,2016-12-01,14000,0,91257,55350,16870,109,3,119,7,7,687,0.2398335190568419,0,0,0,1
24.77,90238477,2,10.49,2016-10-01,20000,1,313735,110000,105349.48000000001,204,3,154,2,2,667,0.21910964887857984,1,0,1,0
15.04,92717599,1,11.44,2016-11-01,10000,0,8857,34000,4482,136,3,135,5,5,717,0.25450503330821056,1,0,0,0
23.67,92450284,2,15.99,2016-11-01,18050,1,300722,65000,13604,470,3,151,3,148,707,0.2508940045575526,1,0,0,1
18.26,91444733,0,18.99,2016-10-01,25675,0,48985,80192,13877,137,4,97,6,17,677,0.26936207385807537,0,1,0,1
14.07,91299470,0,22.39,2016-10-01,5000,1,13662,32000,3473,99,1,59,8,8,672,0.2367977506586332,0,1,0,1
23.32,91310927,2,11.49,2016-11-01,4000,0,373616,85000,27745,114,4,123,10,10,687,0.1305656166082932,0,0,1,0
10.59,92248153,0,7.49,2016-10-01,24000,0,164342,120000,21992,219,4,194,1,4,722,0.2258930782682992,0,0,1,0
31.12,94059049,5,12.74,2016-12-01,14000,1,77957,85000,18000,143,13,152,2,10,697,0.24178857354630912,0,1,0,1
24.89,91170768,1,22.39,2016-10-01,25000,0,37879,62000,34890,52,3,53,14,27,662,0.24236974246031542,0,1,0,1
25.4,91694372,1,13.49,2016-10-01,8000,0,160448,36000,7690,111,4,129,3,106,682,0.26220086013005467,0,0,0,1
11.57,93682910,1,11.39,2016-11-01,4000,0,181918,100000,7668,102,4,162,4,4,732,0.19155677855117656,0,0,0,0
26.57,91674026,6,16.99,2016-10-01,5000,0,84724,100000,13855,227,7,136,7,11,677,0.2962466441080822,0,0,0,1
31.55,93890007,2,26.24,2016-11-01,25000,0,555189,100000,13606,131,3,134,6,34,662,0.22391551552496644,0,0,0,0
15.98,93665585,0,12.74,2016-11-01,24000,1,349056,60000,27459,220,1,122,12,82,672,0.22820244156389516,0,0,0,0
23.07,94327423,3,24.74,2016-12-01,32000,1,46199,80000,10924,200,10,200,7,7,672,0.26936207385807537,0,0,0,0
25,92729150,0,13.49,2016-11-01,10000,0,26410,40000,19280,150,4,105,6,6,707,0.2398335190568419,0,1,0,0
13.24,92232762,0,15.99,2016-11-01,10000,0,9531,30000,9531,121,0,131,26,26,697,0.22820244156389516,0,1,1,0
6.07,91149823,0,9.49,2016-10-01,9600,0,12712,65000,12712,164,2,93,4,4,692,0.23846830760717275,0,1,1,0
9.75,92524524,8,15.99,2016-11-01,15000,1,9415,40000,5223,36,4,61,9,36,662,0.2962466441080822,0,1,1,0
16.96,93712208,0,15.99,2016-11-01,8000,0,7244,30000,4117,110,0,58,31,101,712,0.16402453469631748,0,1,1,0
10.65,95052627,2,11.39,2016-12-01,13000,0,20922,66000,12046,138,1,148,7,7,722,0.23093607081390768,0,1,0,0
