id,safra,score,rating
92043539,2016-10-01,0.376,E
92577351,2016-11-01,0.263,D
90291454,2016-10-01,0.415,E
95715510,2016-12-01,0.377,E
92840533,2016-11-01,0.083,B
93970495,2016-11-01,0.211,C
91328476,2016-10-01,0.064,A
92193817,2016-10-01,0.088,B
95128316,2016-12-01,0.14,C
93741676,2016-11-01,0.144,C
90257489,2016-10-01,0.255,D
94459230,2016-12-01,0.055,A
94276236,2016-12-01,0.42,E
93711738,2016-11-01,0.086,B
90695079,2016-10-01,0.12,B
94081860,2016-12-01,0.224,D
92828038,2016-11-01,0.263,D
91007871,2016-10-01,0.23,D
90936504,2016-10-01,0.436,E
91396863,2016-10-01,0.623,E
90797066,2016-10-01,0.106,B
94337894,2016-12-01,0.278,D
93461377,2016-11-01,0.574,E
91414572,2016-10-01,0.046,A
94155863,2016-11-01,0.176,C
95078251,2016-12-01,0.083,B
95057516,2016-12-01,0.227,D
93644081,2016-11-01,0.246,D
92238221,2016-11-01,0.159,C
94385607,2016-12-01,0.112,B
91436117,2016-10-01,0.1,B
94751384,2016-12-01,0.262,D
93739085,2016-11-01,0.092,B
94225994,2016-12-01,0.335,D
91611510,2016-10-01,0.096,B
95181788,2016-12-01,0.293,D
91031859,2016-10-01,0.25,D
94741618,2016-12-01,0.202,C
91554206,2016-10-01,0.174,C
94397741,2016-12-01,0.112,B
90735265,2016-10-01,0.524,E
92835154,2016-11-01,0.153,C
93453034,2016-11-01,0.155,C
89967352,2016-10-01,0.174,C
94236307,2016-11-01,0.115,B
91516328,2016-10-01,0.046,A
95206828,2016-12-01,0.393,E
92135358,2016-11-01,0.178,C
92349823,2016-11-01,0.388,E
94205706,2016-11-01,0.574,E
92627986,2016-11-01,0.09,B
95795436,2016-12-01,0.144,C
92221022,2016-10-01,0.181,C
91182664,2016-10-01,0.594,E
95293335,2016-12-01,0.187,C
91062588,2016-10-01,0.718,E
90995286,2016-10-01,0.375,E
93642328,2016-11-01,0.082,B
91343792,2016-10-01,0.424,E
91475946,2016-10-01,0.097,B
95795847,2016-12-01,0.171,C
91611171,2016-10-01,0.147,C
94092857,2016-12-01,0.219,D
93429834,2016-11-01,0.242,D
91436410,2016-10-01,0.122,B
92718803,2016-11-01,0.18,C
91629424,2016-11-01,0.121,B
94478868,2016-12-01,0.32,D
91170872,2016-10-01,0.411,E
90875733,2016-10-01,0.144,C
91363309,2016-10-01,0.09,B
91296771,2016-10-01,0.363,D
92559606,2016-11-01,0.156,C
91684440,2016-10-01,0.215,C
94666320,2016-12-01,0.412,E
94466028,2016-12-01,0.217,D
93707593,2016-11-01,0.26,D
92173272,2016-10-01,0.301,D
94151984,2016-12-01,0.152,C
92369362,2016-11-01,0.577,E
91425533,2016-10-01,0.227,D
92838957,2016-11-01,0.189,C
93136096,2016-11-01,0.238,D
94339052,2016-12-01,0.518,E
94028100,2016-12-01,0.229,D
95353053,2016-12-01,0.087,B
93940026,2016-11-01,0.134,B
95116524,2016-12-01,0.097,B
93051535,2016-11-01,0.558,E
91503746,2016-10-01,0.088,B
93533275,2016-11-01,0.23,D
91028935,2016-10-01,0.169,C
95206282,2016-12-01,0.433,E
93653074,2016-11-01,0.114,B
93883060,2016-11-01,0.08,B
94032201,2016-12-01,0.139,C
90072665,2016-10-01,0.088,B
92747199,2016-11-01,0.382,E
92839833,2016-11-01,0.13,B
95292564,2016-12-01,0.528,E
94135368,2016-12-01,0.318,D
92991222,2016-11-01,0.277,D
91227968,2016-10-01,0.257,D
92281198,2016-11-01,0.222,D
91556653,2016-11-01,0.11,B
91612896,2016-11-01,0.156,C
96164129,2016-12-01,0.217,D
91670096,2016-10-01,0.144,C
92450824,2016-11-01,0.116,B
93217291,2016-11-01,0.401,E
91404158,2016-10-01,0.118,B
94393982,2016-12-01,0.036,A
92175470,2016-12-01,0.221,D
91753392,2016-10-01,0.352,D
91192668,2016-10-01,0.258,D
94456740,2016-12-01,0.454,E
94163993,2016-12-01,0.451,E
91363825,2016-10-01,0.248,D
92728942,2016-11-01,0.399,E
95926955,2016-12-01,0.279,D
94057394,2016-12-01,0.204,C
92023434,2016-11-01,0.228,D
93901933,2016-11-01,0.2,C
94132292,2016-12-01,0.106,B
94100046,2016-12-01,0.332,D
91661198,2016-10-01,0.123,B
90150191,2016-10-01,0.538,E
95332672,2016-12-01,0.17,C
94444779,2016-12-01,0.514,E
94140221,2016-12-01,0.049,A
91467002,2016-11-01,0.393,E
91129959,2016-10-01,0.378,E
94275421,2016-11-01,0.073,A
91291326,2016-10-01,0.142,C
91289295,2016-10-01,0.146,C
92124849,2016-10-01,0.236,D
92841495,2016-11-01,0.111,B
92419611,2016-11-01,0.271,D
95049022,2016-12-01,0.267,D
95057687,2016-12-01,0.273,D
90865791,2016-10-01,0.166,C
94981185,2016-12-01,0.192,C
92214291,2016-10-01,0.457,E
92025148,2016-10-01,0.674,E
95357081,2016-12-01,0.079,B
90141814,2016-10-01,0.637,E
95725839,2016-12-01,0.158,C
91456837,2016-11-01,0.288,D
91222448,2016-10-01,0.21,C
92891909,2016-11-01,0.39,E
94057896,2016-12-01,0.584,E
95180795,2016-12-01,0.105,B
92902375,2016-11-01,0.082,B
94386634,2016-12-01,0.133,B
94182373,2016-12-01,0.519,E
91724104,2016-10-01,0.143,C
95181292,2016-12-01,0.199,C
93584858,2016-11-01,0.357,D
93052250,2016-11-01,0.256,D
91415349,2016-11-01,0.28,D
93403310,2016-12-01,0.279,D
90845386,2016-10-01,0.109,B
92216881,2016-11-01,0.134,B
95736250,2016-12-01,0.158,C
41429315,2016-12-01,0.312,D
93603843,2016-12-01,0.323,D
95696708,2016-12-01,0.109,B
94353281,2016-12-01,0.246,D
91228882,2016-10-01,0.105,B
95232865,2016-12-01,0.099,B
91238989,2016-10-01,0.437,E
93823078,2016-11-01,0.217,D
92218139,2016-10-01,0.076,A
91120384,2016-10-01,0.22,D
92015558,2016-11-01,0.621,E
90279210,2016-10-01,0.38,E
90805796,2016-10-01,0.118,B
93434156,2016-12-01,0.498,E
94446370,2016-12-01,0.242,D
94379947,2016-12-01,0.16,C
94199809,2016-12-01,0.555,E
92737520,2016-11-01,0.201,C
95327053,2016-12-01,0.085,B
93654834,2016-11-01,0.407,E
94008694,2016-12-01,0.214,C
91434612,2016-10-01,0.434,E
92247812,2016-11-01,0.341,D
95029447,2016-12-01,0.345,D
91172771,2016-10-01,0.14,C
92561425,2016-11-01,0.338,D
94020361,2016-12-01,0.039,A
92597757,2016-11-01,0.305,D
91833289,2016-11-01,0.144,C
94070549,2016-12-01,0.151,C
91397955,2016-11-01,0.241,D
94011457,2016-12-01,0.397,E
91733786,2016-10-01,0.124,B
91302502,2016-10-01,0.171,C
93277385,2016-11-01,0.207,C
92524985,2016-11-01,0.487,E
92832457,2016-11-01,0.177,C
93753253,2016-12-01,0.074,A
92217207,2016-10-01,0.351,D
91637401,2016-10-01,0.244,D
90896615,2016-10-01,0.11,B
94170008,2016-12-01,0.224,D
95922007,2016-12-01,0.074,A
92311695,2016-11-01,0.089,B
93443606,2016-11-01,0.136,B
91555247,2016-11-01,0.364,D
95666374,2016-12-01,0.215,C
93993729,2016-11-01,0.187,C
90886861,2016-10-01,0.387,E
93378588,2016-11-01,0.326,D
95973871,2016-12-01,0.265,D
90997381,2016-10-01,0.039,A
92155021,2016-10-01,0.129,B
92125155,2016-11-01,0.151,C
93869713,2016-11-01,0.048,A
93442451,2016-11-01,0.241,D
92269201,2016-11-01,0.379,E
88779031,2016-10-01,0.06,A
93227788,2016-11-01,0.353,D
95271684,2016-12-01,0.503,E
90993754,2016-10-01,0.29,D
91507773,2016-10-01,0.275,D
95109564,2016-12-01,0.05,A
95248141,2016-12-01,0.141,C
91089895,2016-10-01,0.119,B
95953280,2016-12-01,0.069,A
95930113,2016-12-01,0.44,E
91120116,2016-10-01,0.07,A
94328016,2016-11-01,0.265,D
95294761,2016-12-01,0.206,C
92658527,2016-11-01,0.281,D
92310747,2016-11-01,0.314,D
93831063,2016-11-01,0.203,C
94347421,2016-12-01,0.776,E
94496483,2016-12-01,0.212,C
92113751,2016-10-01,0.133,B
93753133,2016-12-01,0.115,B
94666857,2016-12-01,0.277,D
95019134,2016-12-01,0.207,C
95103464,2016-12-01,0.202,C
93536028,2016-11-01,0.177,C
89957178,2016-10-01,0.289,D
94596322,2016-12-01,0.264,D
91703771,2016-11-01,0.267,D
93603659,2016-11-01,0.103,B
93685658,2016-11-01,0.14,C
94425394,2016-12-01,0.429,E
95123425,2016-12-01,0.165,C
91683533,2016-10-01,0.21,C
91553501,2016-10-01,0.176,C
95918978,2016-12-01,0.113,B
93684155,2016-11-01,0.259,D
92014077,2016-11-01,0.076,A
94090920,2016-12-01,0.562,E
93712024,2016-11-01,0.257,D
94363111,2016-12-01,0.139,C
91247922,2016-10-01,0.429,E
96083576,2016-12-01,0.13,B
94099577,2016-12-01,0.378,E
91387135,2016-11-01,0.372,E
36361454,2016-12-01,0.627,E
91644090,2016-10-01,0.213,C
91092307,2016-11-01,0.06,A
92697209,2016-11-01,0.407,E
91179367,2016-10-01,0.302,D
91694355,2016-10-01,0.079,B
92401007,2016-11-01,0.165,C
90746168,2016-10-01,0.383,E
91230276,2016-10-01,0.246,D
93691150,2016-12-01,0.341,D
91122210,2016-10-01,0.416,E
92219490,2016-11-01,0.517,E
91067791,2016-10-01,0.161,C
91949587,2016-11-01,0.152,C
91955827,2016-11-01,0.09,B
94327413,2016-12-01,0.348,D
94383806,2016-12-01,0.099,B
93960982,2016-11-01,0.122,B
91497913,2016-10-01,0.1,B
91051825,2016-10-01,0.198,C
90916407,2016-10-01,0.165,C
92372004,2016-11-01,0.118,B
95179273,2016-12-01,0.093,B
93663101,2016-11-01,0.195,C
92261821,2016-11-01,0.08,B
93672862,2016-11-01,0.222,D
91575891,2016-10-01,0.234,D
95258887,2016-12-01,0.065,A
91150591,2016-10-01,0.201,C
95169995,2016-12-01,0.131,B
94345515,2016-12-01,0.41,E
91576313,2016-11-01,0.283,D
91179251,2016-10-01,0.759,E
95216504,2016-12-01,0.16,C
95092321,2016-12-01,0.217,D
94004740,2016-11-01,0.248,D
91080741,2016-10-01,0.267,D
91577391,2016-11-01,0.667,E
94029089,2016-12-01,0.194,C
95101605,2016-12-01,0.127,B
92222279,2016-10-01,0.319,D
91188614,2016-10-01,0.397,E
94233530,2016-12-01,0.211,C
90438565,2016-10-01,0.24,D
94173248,2016-12-01,0.124,B
91343884,2016-10-01,0.369,E
91678531,2016-10-01,0.631,E
91077802,2016-10-01,0.412,E
90765311,2016-10-01,0.162,C
91457947,2016-10-01,0.083,B
91100908,2016-10-01,0.113,B
95189920,2016-12-01,0.536,E
94116469,2016-12-01,0.189,C
91764149,2016-10-01,0.284,D
92204276,2016-10-01,0.281,D
93995591,2016-11-01,0.265,D
90706533,2016-10-01,0.193,C
92309621,2016-11-01,0.353,D
95715508,2016-12-01,0.525,E
90692725,2016-10-01,0.461,E
95176664,2016-12-01,0.134,B
92123971,2016-10-01,0.133,B
94195290,2016-11-01,0.461,E
90722885,2016-10-01,0.334,D
90511887,2016-10-01,0.136,B
94414820,2016-12-01,0.174,C
91684488,2016-10-01,0.211,C
91547764,2016-10-01,0.225,D
94148637,2016-12-01,0.172,C
90726853,2016-10-01,0.496,E
94046625,2016-12-01,0.214,C
93969487,2016-11-01,0.181,C
91631411,2016-10-01,0.364,D
95103242,2016-12-01,0.055,A
91387192,2016-10-01,0.081,B
93779389,2016-11-01,0.207,C
91179670,2016-10-01,0.38,E
92667425,2016-11-01,0.208,C
94176497,2016-12-01,0.256,D
94128553,2016-12-01,0.229,D
90986467,2016-10-01,0.108,B
92439238,2016-10-01,0.158,C
91093370,2016-10-01,0.184,C
95080314,2016-12-01,0.38,E
94022376,2016-12-01,0.46,E
94107901,2016-11-01,0.344,D
91295824,2016-10-01,0.43,E
94037008,2016-12-01,0.543,E
93749711,2016-12-01,0.09,B
92841756,2016-11-01,0.198,C
95128661,2016-12-01,0.025,A
90692212,2016-10-01,0.128,B
91111544,2016-10-01,0.048,A
91040860,2016-10-01,0.272,D
92797228,2016-11-01,0.221,D
95447197,2016-12-01,0.388,E
92739551,2016-11-01,0.317,D
95022955,2016-12-01,0.153,C
90965872,2016-10-01,0.114,B
93474212,2016-11-01,0.423,E
92370925,2016-11-01,0.14,C
94046984,2016-12-01,0.3,D
93187513,2016-11-01,0.128,B
91404325,2016-10-01,0.115,B
95338942,2016-12-01,0.289,D
95097971,2016-12-01,0.163,C
93869782,2016-11-01,0.631,E
95275492,2016-12-01,0.419,E
90220151,2016-10-01,0.274,D
95071770,2016-12-01,0.316,D
92537578,2016-11-01,0.139,C
90845374,2016-10-01,0.312,D
91037895,2016-10-01,0.388,E
91041759,2016-10-01,0.189,C
94247296,2016-12-01,0.066,A
91555754,2016-11-01,0.154,C
90161932,2016-10-01,0.144,C
91524574,2016-10-01,0.256,D
92850945,2016-11-01,0.17,C
95081066,2016-12-01,0.724,E
92679366,2016-11-01,0.129,B
92431910,2016-11-01,0.077,A
91486029,2016-10-01,0.236,D
90058120,2016-10-01,0.12,B
91252499,2016-10-01,0.384,E
95705568,2016-12-01,0.058,A
91079211,2016-10-01,0.161,C
95249505,2016-12-01,0.042,A
93414328,2016-11-01,0.118,B
91611881,2016-10-01,0.199,C
94012611,2016-11-01,0.308,D
94356012,2016-12-01,0.587,E
95062568,2016-12-01,0.128,B
92566627,2016-11-01,0.046,A
95109810,2016-12-01,0.145,C
94726994,2016-12-01,0.289,D
91518764,2016-10-01,0.264,D
95051044,2016-12-01,0.195,C
91330499,2016-10-01,0.101,B
91573471,2016-10-01,0.157,C
92216663,2016-11-01,0.07,A
90965871,2016-10-01,0.523,E
91573963,2016-10-01,0.343,D
91743156,2016-10-01,0.191,C
95081622,2016-12-01,0.402,E
93972193,2016-11-01,0.075,A
95825472,2016-12-01,0.414,E
91131219,2016-10-01,0.273,D
95922908,2016-12-01,0.6,E
94443279,2016-12-01,0.125,B
93684916,2016-11-01,0.242,D
93861655,2016-11-01,0.145,C
91341371,2016-10-01,0.385,E
93523273,2016-11-01,0.089,B
92841521,2016-11-01,0.205,C
93522493,2016-11-01,0.396,E
91436925,2016-10-01,0.713,E
91031585,2016-10-01,0.299,D
91181368,2016-10-01,0.311,D
92573324,2016-11-01,0.145,C
93615066,2016-12-01,0.215,C
92470236,2016-11-01,0.277,D
94257586,2016-12-01,0.172,C
91566800,2016-10-01,0.213,C
90692576,2016-10-01,0.192,C
93993080,2016-12-01,0.676,E
92400915,2016-11-01,0.21,C
92409297,2016-10-01,0.042,A
95127919,2016-12-01,0.613,E
91304737,2016-10-01,0.289,D
91248793,2016-10-01,0.124,B
95126513,2016-12-01,0.159,C
95270817,2016-12-01,0.395,E
93502957,2016-11-01,0.177,C
95315010,2016-12-01,0.096,B
95240118,2016-12-01,0.13,B
92452095,2016-11-01,0.7,E
91050801,2016-10-01,0.715,E
91051279,2016-10-01,0.147,C
94546600,2016-12-01,0.167,C
92389537,2016-11-01,0.205,C
91001339,2016-10-01,0.075,A
91328462,2016-10-01,0.171,C
91071650,2016-10-01,0.232,D
94192676,2016-12-01,0.052,A
94263757,2016-12-01,0.33,D
91030030,2016-10-01,0.184,C
93706958,2016-11-01,0.187,C
94304420,2016-12-01,0.469,E
92544692,2016-11-01,0.205,C
94359209,2016-12-01,0.437,E
95835466,2016-12-01,0.522,E
90693028,2016-10-01,0.14,C
90926950,2016-10-01,0.164,C
90319643,2016-10-01,0.499,E
95217529,2016-12-01,0.344,D
94337846,2016-12-01,0.246,D
91277158,2016-10-01,0.404,E
93949538,2016-11-01,0.362,D
92034531,2016-11-01,0.19,C
92535343,2016-11-01,0.229,D
91007567,2016-10-01,0.23,D
95209983,2016-12-01,0.232,D
95289288,2016-12-01,0.284,D
95239363,2016-12-01,0.108,B
91615204,2016-10-01,0.439,E
95291106,2016-12-01,0.262,D
92143875,2016-10-01,0.227,D
92441642,2016-11-01,0.132,B
91329069,2016-10-01,0.422,E
91332759,2016-10-01,0.126,B
91220209,2016-10-01,0.117,B
95587172,2016-12-01,0.341,D
90180936,2016-10-01,0.235,D
94426092,2016-12-01,0.404,E
94376609,2016-12-01,0.254,D
93493428,2016-11-01,0.226,D
94277193,2016-12-01,0.218,D
92841249,2016-11-01,0.263,D
92217997,2016-10-01,0.141,C
95816827,2016-12-01,0.299,D
91682096,2016-10-01,0.241,D
92204294,2016-11-01,0.316,D
95211956,2016-12-01,0.262,D
92834935,2016-11-01,0.354,D
94056062,2016-12-01,0.384,E
90461423,2016-10-01,0.298,D
95357201,2016-12-01,0.061,A
92238157,2016-11-01,0.155,C
94159538,2016-12-01,0.442,E
92014884,2016-10-01,0.222,D
95856383,2016-12-01,0.141,C
90119297,2016-10-01,0.112,B
91585863,2016-10-01,0.267,D
94156881,2016-12-01,0.308,D
94342825,2016-12-01,0.509,E
94278018,2016-12-01,0.236,D
91109118,2016-10-01,0.248,D
22363734,2016-11-01,0.244,D
95151508,2016-12-01,0.138,C
95206215,2016-12-01,0.104,B
95159327,2016-12-01,0.229,D
94191553,2016-12-01,0.081,B
93701144,2016-11-01,0.402,E
95920788,2016-12-01,0.144,C
94046684,2016-12-01,0.281,D
90239936,2016-10-01,0.231,D
92537579,2016-11-01,0.31,D
91784276,2016-10-01,0.278,D
93443586,2016-11-01,0.363,D
93688629,2016-11-01,0.093,B
95359918,2016-12-01,0.08,B
90936929,2016-10-01,0.128,B
92055457,2016-10-01,0.099,B
95366898,2016-12-01,0.141,C
91345815,2016-10-01,0.076,A
93994711,2016-11-01,0.359,D
90989079,2016-10-01,0.091,B
93969847,2016-11-01,0.254,D
91298017,2016-10-01,0.305,D
91299444,2016-10-01,0.194,C
93850903,2016-11-01,0.206,C
94435064,2016-12-01,0.251,D
90708800,2016-11-01,0.258,D
91099843,2016-10-01,0.146,C
91112748,2016-10-01,0.292,D
91342111,2016-11-01,0.183,C
93890122,2016-11-01,0.255,D
92524342,2016-11-01,0.159,C
94198740,2016-12-01,0.5,E
94231552,2016-12-01,0.206,C
93772920,2016-12-01,0.19,C
94202606,2016-12-01,0.098,B
91658517,2016-10-01,0.069,A
92480512,2016-11-01,0.171,C
93700892,2016-12-01,0.085,B
92401343,2016-11-01,0.347,D
91018824,2016-10-01,0.253,D
91609892,2016-10-01,0.266,D
93851533,2016-11-01,0.368,D
91954470,2016-10-01,0.223,D
90140238,2016-10-01,0.492,E
93134272,2016-11-01,0.048,A
94384708,2016-12-01,0.077,A
94394892,2016-12-01,0.543,E
91101447,2016-10-01,0.056,A
94087542,2016-12-01,0.069,A
91180693,2016-10-01,0.308,D
92115355,2016-11-01,0.129,B
91683662,2016-10-01,0.278,D
92535084,2016-11-01,0.19,C
94176711,2016-12-01,0.172,C
94556952,2016-12-01,0.253,D
90721500,2016-10-01,0.184,C
91508609,2016-11-01,0.234,D
95638314,2016-12-01,0.178,C
94388921,2016-12-01,0.524,E
91220764,2016-10-01,0.284,D
91672121,2016-10-01,0.571,E
92183939,2016-10-01,0.24,D
92321243,2016-11-01,0.241,D
93002317,2016-11-01,0.19,C
92561891,2016-11-01,0.354,D
91456124,2016-11-01,0.145,C
91609139,2016-10-01,0.139,C
90158314,2016-10-01,0.074,A
92232391,2016-11-01,0.427,E
93001647,2016-11-01,0.312,D
90294629,2016-10-01,0.615,E
93109523,2016-11-01,0.098,B
94045338,2016-12-01,0.152,C
94436114,2016-12-01,0.217,D
94087429,2016-12-01,0.226,D
91280325,2016-10-01,0.575,E
91089847,2016-10-01,0.222,D
92409172,2016-11-01,0.171,C
92340870,2016-11-01,0.157,C
90145660,2016-10-01,0.298,D
95836183,2016-12-01,0.136,C
92247247,2016-11-01,0.322,D
92173976,2016-10-01,0.042,A
94221900,2016-12-01,0.563,E
95101988,2016-12-01,0.145,C
95058699,2016-12-01,0.262,D
93863032,2016-11-01,0.237,D
92668874,2016-11-01,0.369,E
90170236,2016-10-01,0.204,C
94066350,2016-12-01,0.339,D
92341799,2016-11-01,0.118,B
93484513,2016-11-01,0.406,E
91247783,2016-10-01,0.389,E
94256555,2016-11-01,0.151,C
92647261,2016-11-01,0.476,E
91515672,2016-10-01,0.223,D
92320842,2016-11-01,0.14,C
92698958,2016-11-01,0.383,E
91250312,2016-10-01,0.129,B
92891344,2016-11-01,0.169,C
94100535,2016-12-01,0.293,D
90946538,2016-10-01,0.08,B
95292213,2016-12-01,0.408,E
91304305,2016-10-01,0.16,C
94447869,2016-12-01,0.462,E
94467416,2016-12-01,0.444,E
93052474,2016-11-01,0.414,E
95256886,2016-12-01,0.196,C
92842405,2016-11-01,0.1,B
92015488,2016-11-01,0.133,B
93552398,2016-11-01,0.119,B
93107313,2016-11-01,0.414,E
94417591,2016-12-01,0.4,E
90965326,2016-10-01,0.2,C
94375283,2016-12-01,0.117,B
93413472,2016-11-01,0.415,E
92577657,2016-11-01,0.314,D
93633976,2016-11-01,0.491,E
93513683,2016-11-01,0.307,D
91497603,2016-10-01,0.216,D
92564145,2016-11-01,0.306,D
90138605,2016-10-01,0.339,D
93692651,2016-11-01,0.162,C
93813287,2016-12-01,0.239,D
91211555,2016-10-01,0.217,D
94444571,2016-12-01,0.344,D
92085904,2016-11-01,0.271,D
92881201,2016-11-01,0.321,D
91167690,2016-10-01,0.29,D
91534934,2016-11-01,0.204,C
91635697,2016-10-01,0.307,D
94117963,2016-12-01,0.558,E
92565300,2016-11-01,0.123,B
93402944,2016-11-01,0.125,B
94304462,2016-12-01,0.162,C
95294237,2016-12-01,0.171,C
92229421,2016-10-01,0.265,D
93761700,2016-11-01,0.371,E
92839947,2016-11-01,0.508,E
91312994,2016-10-01,0.065,A
94188353,2016-12-01,0.226,D
91473783,2016-10-01,0.254,D
91417507,2016-10-01,0.277,D
90561448,2016-10-01,0.24,D
91475286,2016-10-01,0.057,A
90399582,2016-10-01,0.518,E
93585556,2016-11-01,0.315,D
92882396,2016-11-01,0.218,D
92737188,2016-11-01,0.061,A
91052356,2016-10-01,0.145,C
92561412,2016-11-01,0.166,C
92568988,2016-11-01,0.35,D
91217834,2016-10-01,0.213,C
94380897,2016-12-01,0.119,B
91468217,2016-10-01,0.209,C
91661471,2016-10-01,0.129,B
92216699,2016-11-01,0.286,D
91444688,2016-10-01,0.173,C
91328323,2016-10-01,0.184,C
91983183,2016-11-01,0.332,D
95039555,2016-12-01,0.107,B
95895891,2016-12-01,0.097,B
95567353,2016-12-01,0.149,C
91091778,2016-11-01,0.43,E
91690508,2016-10-01,0.188,C
91973460,2016-11-01,0.448,E
93871667,2016-11-01,0.176,C
93843129,2016-11-01,0.061,A
90511456,2016-10-01,0.186,C
91137421,2016-10-01,0.046,A
91546458,2016-10-01,0.223,D
91984981,2016-10-01,0.539,E
95259948,2016-12-01,0.129,B
91250483,2016-10-01,0.122,B
91002487,2016-10-01,0.091,B
91974925,2016-11-01,0.369,E
95836663,2016-12-01,0.162,C
91683617,2016-10-01,0.242,D
94173018,2016-12-01,0.105,B
93922987,2016-11-01,0.135,B
94240274,2016-12-01,0.638,E
91644485,2016-11-01,0.393,E
94217962,2016-12-01,0.541,E
91575109,2016-10-01,0.147,C
93699405,2016-11-01,0.116,B
93197931,2016-12-01,0.062,A
91396366,2016-11-01,0.214,C
90846819,2016-10-01,0.439,E
93802157,2016-12-01,0.338,D
91415500,2016-10-01,0.318,D
94068093,2016-12-01,0.114,B
95685328,2016-12-01,0.106,B
93769988,2016-12-01,0.121,B
92024567,2016-10-01,0.139,C
92024270,2016-10-01,0.219,D
92559006,2016-11-01,0.342,D
95082424,2016-12-01,0.132,B
93505137,2016-11-01,0.318,D
95652220,2016-12-01,0.643,E
92134078,2016-10-01,0.09,B
93582506,2016-11-01,0.128,B
91585619,2016-10-01,0.148,C
92778811,2016-11-01,0.324,D
92972264,2016-11-01,0.655,E
91503684,2016-10-01,0.137,C
94566394,2016-12-01,0.418,E
94236835,2016-11-01,0.229,D
93645028,2016-11-01,0.198,C
94070748,2016-12-01,0.294,D
91109422,2016-10-01,0.228,D
93700560,2016-11-01,0.597,E
93820395,2016-11-01,0.099,B
91743551,2016-11-01,0.393,E
94276748,2016-12-01,0.287,D
90219926,2016-10-01,0.451,E
94470262,2016-12-01,0.34,D
96163276,2016-12-01,0.066,A
94439321,2016-12-01,0.124,B
94245917,2016-12-01,0.237,D
92911710,2016-11-01,0.082,B
94175397,2016-11-01,0.349,D
92881978,2016-11-01,0.267,D
92093539,2016-11-01,0.236,D
93831950,2016-12-01,0.103,B
91488130,2016-10-01,0.374,E
90379253,2016-10-01,0.39,E
92798503,2016-11-01,0.32,D
91393548,2016-10-01,0.041,A
92035171,2016-11-01,0.181,C
91009297,2016-10-01,0.132,B
92013289,2016-10-01,0.089,B
94423916,2016-12-01,0.302,D
93752514,2016-12-01,0.382,E
91331371,2016-10-01,0.18,C
90865139,2016-10-01,0.207,C
91396416,2016-10-01,0.145,C
91187430,2016-10-01,0.202,C
96124434,2016-12-01,0.185,C
94881362,2016-12-01,0.323,D
94461114,2016-12-01,0.069,A
93147893,2016-11-01,0.041,A
93761798,2016-11-01,0.379,E
92391669,2016-11-01,0.183,C
93772922,2016-12-01,0.199,C
94088528,2016-12-01,0.213,C
92034679,2016-11-01,0.129,B
93188081,2016-11-01,0.44,E
90226849,2016-10-01,0.445,E
90078040,2016-10-01,0.257,D
91148931,2016-10-01,0.285,D
91610812,2016-11-01,0.081,B
91222943,2016-10-01,0.454,E
91159129,2016-10-01,0.339,D
95338267,2016-12-01,0.349,D
91182383,2016-10-01,0.083,B
94183564,2016-12-01,0.147,C
91516567,2016-10-01,0.396,E
91281198,2016-10-01,0.088,B
90067049,2016-10-01,0.283,D
92788879,2016-11-01,0.299,D
94526862,2016-12-01,0.148,C
91691161,2016-11-01,0.062,A
94487038,2016-12-01,0.266,D
91638182,2016-10-01,0.171,C
92379883,2016-11-01,0.129,B
91536686,2016-10-01,0.211,C
94030650,2016-12-01,0.35,D
93633117,2016-11-01,0.566,E
92522448,2016-11-01,0.314,D
91962318,2016-10-01,0.157,C
92619005,2016-11-01,0.2,C
91347812,2016-10-01,0.036,A
95128243,2016-12-01,0.398,E
91655182,2016-10-01,0.544,E
93791060,2016-11-01,0.37,E
95188054,2016-12-01,0.142,C
94100717,2016-12-01,0.032,A
91613939,2016-10-01,0.554,E
93111124,2016-11-01,0.224,D
95181113,2016-12-01,0.282,D
91018103,2016-10-01,0.394,E
90955826,2016-10-01,0.4,E
95101538,2016-12-01,0.206,C
92830447,2016-11-01,0.146,C
91120466,2016-10-01,0.126,B
92451954,2016-11-01,0.533,E
92568546,2016-12-01,0.21,C
92469126,2016-11-01,0.27,D
93031343,2016-11-01,0.119,B
91298253,2016-10-01,0.286,D
94422920,2016-12-01,0.142,C
94263024,2016-12-01,0.278,D
89904580,2016-10-01,0.437,E
93780377,2016-11-01,0.161,C
91177319,2016-10-01,0.196,C
92014085,2016-11-01,0.451,E
91375881,2016-10-01,0.448,E
95308181,2016-12-01,0.618,E
95027554,2016-12-01,0.632,E
91302724,2016-10-01,0.066,A
93258117,2016-11-01,0.599,E
92094383,2016-11-01,0.573,E
93779578,2016-11-01,0.056,A
90136598,2016-11-01,0.094,B
95271581,2016-12-01,0.238,D
94257609,2016-12-01,0.104,B
89777762,2016-10-01,0.541,E
91506454,2016-10-01,0.136,B
92627503,2016-11-01,0.124,B
94169985,2016-12-01,0.193,C
94247091,2016-12-01,0.265,D
91018836,2016-10-01,0.225,D
91535427,2016-10-01,0.237,D
92749137,2016-11-01,0.097,B
91180601,2016-10-01,0.137,C
95119965,2016-12-01,0.449,E
91346377,2016-10-01,0.245,D
94045579,2016-12-01,0.295,D
91613936,2016-10-01,0.102,B
91685244,2016-10-01,0.446,E
95122668,2016-12-01,0.161,C
93107045,2016-11-01,0.1,B
96124507,2016-12-01,0.306,D
91179336,2016-10-01,0.112,B
92533270,2016-11-01,0.435,E
94304425,2016-12-01,0.17,C
93664274,2016-11-01,0.146,C
92688186,2016-11-01,0.129,B
95016775,2016-12-01,0.205,C
92228369,2016-10-01,0.222,D
90251848,2016-10-01,0.475,E
91984542,2016-11-01,0.274,D
93462047,2016-12-01,0.323,D
95241102,2016-12-01,0.357,D
95193496,2016-12-01,0.413,E
93624081,2016-12-01,0.607,E
92064630,2016-11-01,0.083,B
92533579,2016-11-01,0.218,D
91088815,2016-10-01,0.169,C
94356429,2016-12-01,0.458,E
94636829,2016-12-01,0.115,B
93134357,2016-11-01,0.064,A
92461726,2016-11-01,0.179,C
94168514,2016-11-01,0.187,C
92221884,2016-10-01,0.112,B
93682308,2016-11-01,0.247,D
91111698,2016-10-01,0.4,E
91250856,2016-10-01,0.17,C
91047644,2016-10-01,0.111,B
93455109,2016-11-01,0.182,C
94716961,2016-12-01,0.094,B
95237288,2016-12-01,0.089,B
94343391,2016-12-01,0.387,E
91127667,2016-10-01,0.108,B
92400505,2016-11-01,0.241,D
91793574,2016-10-01,0.201,C
94462450,2016-12-01,0.332,D
94248410,2016-12-01,0.346,D
93687266,2016-11-01,0.216,D
91367009,2016-10-01,0.26,D
91684348,2016-10-01,0.04,A
90234116,2016-10-01,0.437,E
91100973,2016-10-01,0.321,D
94046851,2016-11-01,0.231,D
94240562,2016-12-01,0.52,E
94283232,2016-12-01,0.269,D
94301588,2016-12-01,0.23,D
90991971,2016-10-01,0.183,C
95231203,2016-12-01,0.079,B
91148493,2016-10-01,0.399,E
91933398,2016-10-01,0.09,B
91505546,2016-11-01,0.373,E
94243259,2016-12-01,0.07,A
92767492,2016-11-01,0.039,A
92124098,2016-10-01,0.078,A
95856777,2016-12-01,0.134,B
92235648,2016-10-01,0.105,B
92717797,2016-11-01,0.294,D
91017566,2016-10-01,0.35,D
93673355,2016-11-01,0.337,D
94577046,2016-12-01,0.341,D
94029066,2016-12-01,0.24,D
91040427,2016-10-01,0.202,C
92599344,2016-11-01,0.621,E
93454602,2016-11-01,0.17,C
95240790,2016-12-01,0.079,B
89777971,2016-10-01,0.287,D
91535824,2016-10-01,0.183,C
91279779,2016-10-01,0.123,B
92515142,2016-11-01,0.159,C
94212944,2016-12-01,0.223,D
92261098,2016-11-01,0.05,A
94341023,2016-12-01,0.085,B
92557191,2016-11-01,0.354,D
92133707,2016-10-01,0.271,D
93910647,2016-11-01,0.262,D
93742796,2016-11-01,0.117,B
91680969,2016-10-01,0.356,D
92013486,2016-11-01,0.284,D
94716176,2016-12-01,0.389,E
95229108,2016-12-01,0.392,E
93133018,2016-11-01,0.306,D
95016969,2016-12-01,0.169,C
91179373,2016-11-01,0.155,C
95317832,2016-12-01,0.293,D
92074446,2016-10-01,0.329,D
95256709,2016-12-01,0.278,D
91635642,2016-10-01,0.31,D
94046473,2016-12-01,0.513,E
91211701,2016-10-01,0.067,A
94332124,2016-11-01,0.378,E
91368915,2016-10-01,0.223,D
95653623,2016-12-01,0.533,E
91585837,2016-10-01,0.205,C
95103214,2016-12-01,0.252,D
92842584,2016-11-01,0.185,C
94263482,2016-12-01,0.051,A
94130060,2016-12-01,0.349,D
90697864,2016-10-01,0.367,D
91435535,2016-10-01,0.352,D
94334617,2016-12-01,0.123,B
92961378,2016-11-01,0.114,B
93157597,2016-11-01,0.184,C
92513085,2016-11-01,0.446,E
92083702,2016-10-01,0.084,B
92034342,2016-10-01,0.256,D
94465951,2016-12-01,0.284,D
91218761,2016-10-01,0.104,B
95357729,2016-12-01,0.353,D
94433681,2016-12-01,0.169,C
93674789,2016-12-01,0.285,D
93427087,2016-11-01,0.302,D
91279828,2016-10-01,0.248,D
95177403,2016-12-01,0.483,E
94164010,2016-12-01,0.408,E
93503845,2016-11-01,0.151,C
94742198,2016-12-01,0.174,C
95140484,2016-12-01,0.102,B
93751523,2016-11-01,0.297,D
92522820,2016-11-01,0.452,E
91027317,2016-10-01,0.119,B
91448581,2016-10-01,0.15,C
91681222,2016-10-01,0.414,E
93197487,2016-11-01,0.139,C
93108529,2016-11-01,0.249,D
95447187,2016-12-01,0.246,D
93800472,2016-11-01,0.182,C
93830528,2016-11-01,0.27,D
90966523,2016-10-01,0.481,E
91477455,2016-10-01,0.223,D
91476173,2016-11-01,0.067,A
95220627,2016-12-01,0.408,E
91357631,2016-10-01,0.191,C
93501460,2016-11-01,0.302,D
91476302,2016-10-01,0.234,D
92225183,2016-10-01,0.13,B
95139518,2016-12-01,0.587,E
94087326,2016-12-01,0.202,C
90651332,2016-10-01,0.122,B
91238625,2016-10-01,0.627,E
92991584,2016-12-01,0.293,D
94183709,2016-12-01,0.313,D
93103550,2016-11-01,0.199,C
92193755,2016-11-01,0.225,D
93634247,2016-11-01,0.197,C
91583823,2016-10-01,0.295,D
92065080,2016-12-01,0.347,D
91049472,2016-10-01,0.123,B
95766816,2016-12-01,0.055,A
89808302,2016-10-01,0.567,E
91483562,2016-10-01,0.484,E
95247501,2016-12-01,0.251,D
92562849,2016-11-01,0.317,D
95294003,2016-12-01,0.183,C
95131680,2016-12-01,0.262,D
93400971,2016-11-01,0.136,C
94480374,2016-12-01,0.241,D
91356860,2016-10-01,0.111,B
94261135,2016-12-01,0.215,C
95002756,2016-12-01,0.089,B
91457619,2016-10-01,0.156,C
92369796,2016-10-01,0.143,C
90251915,2016-10-01,0.059,A
91122526,2016-10-01,0.105,B
93684995,2016-11-01,0.499,E
91250028,2016-10-01,0.128,B
94339826,2016-11-01,0.14,C
94414378,2016-12-01,0.038,A
93994446,2016-11-01,0.578,E
94210352,2016-12-01,0.622,E
91475689,2016-11-01,0.333,D
92226157,2016-11-01,0.266,D
93972978,2016-12-01,0.466,E
91091179,2016-10-01,0.507,E
91101595,2016-10-01,0.188,C
94262770,2016-12-01,0.15,C
94072634,2016-12-01,0.119,B
91149833,2016-10-01,0.193,C
93279928,2016-11-01,0.153,C
92533573,2016-11-01,0.298,D
94127669,2016-11-01,0.358,D
93909566,2016-12-01,0.594,E
94388127,2016-12-01,0.126,B
92055178,2016-10-01,0.031,A
91302924,2016-10-01,0.064,A
91588174,2016-10-01,0.17,C
91814294,2016-11-01,0.23,D
91022773,2016-10-01,0.125,B
92851040,2016-11-01,0.239,D
95122778,2016-12-01,0.179,C
91363500,2016-10-01,0.15,C
92830318,2016-11-01,0.318,D
90895163,2016-10-01,0.523,E
94243327,2016-12-01,0.213,C
91645322,2016-10-01,0.084,B
92533732,2016-12-01,0.204,C
92420724,2016-12-01,0.394,E
94006442,2016-12-01,0.189,C
91784541,2016-10-01,0.256,D
91694580,2016-10-01,0.085,B
93483860,2016-11-01,0.07,A
95046426,2016-12-01,0.339,D
91406946,2016-10-01,0.522,E
92271081,2016-11-01,0.199,C
93972179,2016-11-01,0.093,B
91644731,2016-10-01,0.254,D
94419309,2016-12-01,0.03,A
94333965,2016-11-01,0.192,C
96123151,2016-12-01,0.136,B
90925660,2016-10-01,0.423,E
95355198,2016-12-01,0.63,E
94170591,2016-12-01,0.127,B
91586531,2016-10-01,0.204,C
92817213,2016-11-01,0.258,D
93400850,2016-11-01,0.212,C
91386637,2016-10-01,0.086,B
95248304,2016-12-01,0.439,E
94145185,2016-11-01,0.431,E
90140957,2016-10-01,0.206,C
92219776,2016-11-01,0.028,A
93177432,2016-11-01,0.102,B
92912067,2016-11-01,0.147,C
93981688,2016-11-01,0.178,C
94055134,2016-11-01,0.28,D
94235170,2016-12-01,0.507,E
94280115,2016-12-01,0.07,A
91944822,2016-10-01,0.119,B
91122497,2016-10-01,0.185,C
93690933,2016-11-01,0.116,B
95143319,2016-12-01,0.432,E
91031541,2016-11-01,0.295,D
91284122,2016-10-01,0.156,C
93573522,2016-12-01,0.47,E
95785345,2016-12-01,0.277,D
90765347,2016-10-01,0.211,C
93801062,2016-12-01,0.224,D
91487911,2016-10-01,0.171,C
92371868,2016-11-01,0.481,E
91954826,2016-10-01,0.358,D
95973372,2016-12-01,0.087,B
92450533,2016-11-01,0.265,D
95929377,2016-12-01,0.422,E
91345936,2016-10-01,0.136,B
95053858,2016-12-01,0.26,D
94616549,2016-12-01,0.154,C
93207330,2016-11-01,0.191,C
93715369,2016-11-01,0.107,B
94241794,2016-12-01,0.125,B
91498652,2016-11-01,0.044,A
94427014,2016-12-01,0.242,D
91903763,2016-10-01,0.053,A
93686347,2016-11-01,0.099,B
93092616,2016-11-01,0.253,D
94235576,2016-12-01,0.611,E
95171622,2016-12-01,0.16,C
94148031,2016-12-01,0.186,C
91611527,2016-10-01,0.306,D
93297139,2016-11-01,0.516,E
93178258,2016-11-01,0.235,D
93674631,2016-11-01,0.104,B
92219705,2016-11-01,0.468,E
91249356,2016-10-01,0.388,E
94428187,2016-12-01,0.199,C
91364464,2016-10-01,0.145,C
94279643,2016-12-01,0.068,A
89051515,2016-11-01,0.416,E
95327931,2016-12-01,0.062,A
94086305,2016-12-01,0.347,D
92513311,2016-11-01,0.195,C
93368541,2016-11-01,0.055,A
94330843,2016-11-01,0.31,D
94706338,2016-12-01,0.164,C
90965740,2016-10-01,0.548,E
91893266,2016-11-01,0.074,A
90147227,2016-10-01,0.164,C
91773954,2016-11-01,0.056,A
94344170,2016-12-01,0.294,D
91153343,2016-10-01,0.651,E
91100993,2016-10-01,0.624,E
92481330,2016-11-01,0.144,C
91773217,2016-10-01,0.157,C
94223726,2016-12-01,0.343,D
94205830,2016-12-01,0.143,C
91904205,2016-11-01,0.284,D
93980458,2016-12-01,0.37,E
93921961,2016-12-01,0.382,E
94087975,2016-12-01,0.086,B
95131014,2016-12-01,0.401,E
91207656,2016-10-01,0.665,E
91914289,2016-10-01,0.314,D
95271935,2016-12-01,0.404,E
94291930,2016-12-01,0.132,B
92143555,2016-10-01,0.182,C
91062173,2016-10-01,0.132,B
91704595,2016-10-01,0.206,C
94055211,2016-11-01,0.399,E
91984647,2016-10-01,0.153,C
91691332,2016-10-01,0.303,D
93760407,2016-11-01,0.284,D
90965487,2016-10-01,0.096,B
95638948,2016-12-01,0.29,D
92044245,2016-10-01,0.572,E
91002484,2016-10-01,0.2,C
93953357,2016-11-01,0.524,E
91129210,2016-10-01,0.212,C
92350964,2016-11-01,0.307,D
91202093,2016-10-01,0.139,C
90511752,2016-10-01,0.222,D
91953292,2016-10-01,0.554,E
93687707,2016-11-01,0.298,D
91958656,2016-10-01,0.16,C
96173148,2016-12-01,0.392,E
94297569,2016-12-01,0.137,C
94083155,2016-12-01,0.175,C
92817538,2016-11-01,0.577,E
92320690,2016-11-01,0.29,D
95397381,2016-12-01,0.474,E
95277753,2016-12-01,0.143,C
92460496,2016-11-01,0.346,D
91963176,2016-10-01,0.069,A
95230115,2016-12-01,0.365,D
95547631,2016-12-01,0.164,C
93071699,2016-11-01,0.052,A
91182810,2016-10-01,0.164,C
90915788,2016-10-01,0.146,C
92430287,2016-11-01,0.23,D
94025525,2016-12-01,0.175,C
92173902,2016-10-01,0.215,C
94388264,2016-12-01,0.273,D
95654726,2016-12-01,0.204,C
94203750,2016-12-01,0.117,B
93513861,2016-11-01,0.272,D
91674880,2016-10-01,0.28,D
90194989,2016-10-01,0.28,D
92575557,2016-11-01,0.097,B
91934319,2016-10-01,0.138,C
94416969,2016-12-01,0.204,C
92359543,2016-11-01,0.286,D
93614390,2016-11-01,0.147,C
93793160,2016-11-01,0.028,A
93761607,2016-11-01,0.677,E
91713299,2016-10-01,0.111,B
92562768,2016-11-01,0.273,D
90601226,2016-10-01,0.176,C
94462636,2016-12-01,0.321,D
91151970,2016-10-01,0.14,C
94000094,2016-11-01,0.554,E
94750913,2016-12-01,0.147,C
93554648,2016-11-01,0.247,D
92589057,2016-11-01,0.182,C
91071848,2016-11-01,0.067,A
94297338,2016-12-01,0.237,D
95003031,2016-12-01,0.14,C
93626209,2016-12-01,0.149,C
91101487,2016-10-01,0.158,C
94070626,2016-12-01,0.174,C
94676689,2016-12-01,0.102,B
91353406,2016-10-01,0.083,B
92400390,2016-11-01,0.168,C
91200378,2016-10-01,0.272,D
95875414,2016-12-01,0.497,E
94292371,2016-12-01,0.234,D
90856619,2016-10-01,0.15,C
95038693,2016-12-01,0.09,B
95070283,2016-12-01,0.22,D
92094402,2016-11-01,0.051,A
89818677,2016-10-01,0.134,B
93653035,2016-11-01,0.502,E
93327343,2016-11-01,0.284,D
94298991,2016-12-01,0.719,E
94142979,2016-12-01,0.052,A
95123381,2016-12-01,0.271,D
95277079,2016-12-01,0.197,C
92053115,2016-10-01,0.058,A
91253949,2016-10-01,0.08,B
92892072,2016-11-01,0.317,D
94421839,2016-12-01,0.208,C
90825475,2016-10-01,0.125,B
92240812,2016-11-01,0.263,D
93819630,2016-12-01,0.186,C
91172349,2016-10-01,0.253,D
90681629,2016-10-01,0.104,B
92270873,2016-11-01,0.154,C
92845570,2016-11-01,0.323,D
91913956,2016-10-01,0.306,D
95111300,2016-12-01,0.055,A
92023143,2016-10-01,0.184,C
94347346,2016-11-01,0.116,B
91332522,2016-10-01,0.037,A
94380679,2016-12-01,0.21,C
91132249,2016-10-01,0.502,E
95369243,2016-12-01,0.145,C
91843506,2016-10-01,0.228,D
91157806,2016-10-01,0.087,B
93770638,2016-12-01,0.211,C
95021655,2016-12-01,0.25,D
92525170,2016-11-01,0.358,D
92432086,2016-11-01,0.252,D
91092393,2016-10-01,0.057,A
93891705,2016-11-01,0.164,C
93698476,2016-11-01,0.376,E
91385608,2016-10-01,0.564,E
93933226,2016-11-01,0.167,C
93307239,2016-11-01,0.193,C
92629182,2016-11-01,0.154,C
91017695,2016-10-01,0.124,B
93749161,2016-11-01,0.233,D
96053887,2016-12-01,0.054,A
91189613,2016-10-01,0.239,D
91340131,2016-10-01,0.392,E
91983692,2016-11-01,0.42,E
94257770,2016-11-01,0.428,E
90236924,2016-10-01,0.438,E
93990082,2016-11-01,0.155,C
91473820,2016-10-01,0.378,E
91057926,2016-10-01,0.086,B
91339392,2016-10-01,0.215,C
91061277,2016-10-01,0.16,C
91659165,2016-10-01,0.184,C
91454513,2016-10-01,0.178,C
93900473,2016-12-01,0.388,E
91305964,2016-10-01,0.224,D
94448829,2016-12-01,0.082,B
95008268,2016-12-01,0.188,C
95058259,2016-12-01,0.227,D
92240997,2016-10-01,0.302,D
94351128,2016-12-01,0.498,E
92420133,2016-11-01,0.228,D
94256156,2016-11-01,0.183,C
93368866,2016-11-01,0.197,C
93463974,2016-11-01,0.262,D
95048258,2016-12-01,0.054,A
95357019,2016-12-01,0.229,D
95322951,2016-12-01,0.292,D
95365543,2016-12-01,0.12,B
93471225,2016-11-01,0.229,D
91296961,2016-10-01,0.068,A
91455004,2016-10-01,0.233,D
95268602,2016-12-01,0.658,E
91488652,2016-10-01,0.196,C
93317217,2016-11-01,0.125,B
91295320,2016-10-01,0.642,E
92818355,2016-11-01,0.195,C
95212296,2016-12-01,0.209,C
95068721,2016-12-01,0.48,E
92577599,2016-11-01,0.11,B
94353297,2016-12-01,0.526,E
93031732,2016-11-01,0.153,C
93994519,2016-12-01,0.296,D
95276554,2016-12-01,0.471,E
93429083,2016-11-01,0.586,E
93994106,2016-11-01,0.152,C
91493648,2016-10-01,0.254,D
92432114,2016-11-01,0.071,A
91964957,2016-11-01,0.076,A
91201510,2016-10-01,0.201,C
93452275,2016-11-01,0.391,E
91284516,2016-10-01,0.289,D
93711389,2016-11-01,0.096,B
91610987,2016-10-01,0.146,C
91448023,2016-10-01,0.227,D
92247607,2016-11-01,0.315,D
92500627,2016-11-01,0.605,E
94469107,2016-12-01,0.206,C
95273766,2016-12-01,0.198,C
93112973,2016-11-01,0.247,D
90197122,2016-10-01,0.652,E
90681865,2016-10-01,0.213,C
91127406,2016-10-01,0.171,C
93762487,2016-11-01,0.104,B
93910787,2016-11-01,0.256,D
91544473,2016-10-01,0.14,C
91394826,2016-10-01,0.311,D
91724168,2016-10-01,0.202,C
94397131,2016-12-01,0.336,D
88849051,2016-10-01,0.28,D
91331918,2016-10-01,0.452,E
90955148,2016-10-01,0.109,B
93999643,2016-12-01,0.186,C
95180218,2016-12-01,0.226,D
91993701,2016-10-01,0.17,C
91445394,2016-10-01,0.218,D
92230008,2016-10-01,0.187,C
94150240,2016-12-01,0.082,B
94486916,2016-12-01,0.308,D
92411548,2016-11-01,0.395,E
91485861,2016-10-01,0.35,D
93780677,2016-11-01,0.257,D
91081503,2016-10-01,0.389,E
91656945,2016-10-01,0.339,D
92044628,2016-10-01,0.298,D
91169677,2016-10-01,0.607,E
92717222,2016-11-01,0.221,D
95198655,2016-12-01,0.67,E
95192500,2016-12-01,0.149,C
94189619,2016-12-01,0.518,E
90945693,2016-10-01,0.429,E
93705422,2016-11-01,0.28,D
94357600,2016-12-01,0.526,E
92054561,2016-10-01,0.445,E
93327503,2016-11-01,0.139,C
94606483,2016-12-01,0.469,E
91943610,2016-10-01,0.173,C
88959570,2016-10-01,0.263,D
95241095,2016-12-01,0.208,C
94059003,2016-12-01,0.1,B
95236369,2016-12-01,0.323,D
93612783,2016-11-01,0.726,E
91635676,2016-10-01,0.758,E
93428249,2016-11-01,0.143,C
93412415,2016-11-01,0.353,D
95109934,2016-12-01,0.398,E
93494225,2016-11-01,0.341,D
92269396,2016-11-01,0.077,A
93762764,2016-11-01,0.041,A
92095416,2016-11-01,0.292,D
93703798,2016-11-01,0.106,B
93491202,2016-11-01,0.285,D
91290573,2016-10-01,0.234,D
93792278,2016-11-01,0.135,B
91287992,2016-10-01,0.058,A
91032247,2016-10-01,0.106,B
93605875,2016-11-01,0.122,B
94001992,2016-12-01,0.297,D
93933119,2016-12-01,0.304,D
95169305,2016-12-01,0.419,E
93582405,2016-12-01,0.166,C
94387559,2016-12-01,0.558,E
92962148,2016-11-01,0.077,A
93378171,2016-11-01,0.421,E
94851564,2016-12-01,0.158,C
93893269,2016-12-01,0.246,D
90161936,2016-10-01,0.719,E
92103926,2016-10-01,0.238,D
90706551,2016-10-01,0.41,E
92440217,2016-11-01,0.175,C
92015626,2016-11-01,0.472,E
92003503,2016-10-01,0.16,C
95331915,2016-12-01,0.16,C
93718914,2016-11-01,0.289,D
94165333,2016-12-01,0.081,B
90936915,2016-10-01,0.289,D
94057548,2016-12-01,0.181,C
91965520,2016-10-01,0.183,C
94254313,2016-12-01,0.315,D
92238524,2016-10-01,0.121,B
92224755,2016-10-01,0.075,A
92134722,2016-11-01,0.633,E
92788205,2016-11-01,0.092,B
92515730,2016-12-01,0.379,E
92779376,2016-11-01,0.202,C
95187666,2016-12-01,0.399,E
90056003,2016-10-01,0.118,B
94427374,2016-12-01,0.262,D
91387052,2016-10-01,0.135,B
93763317,2016-11-01,0.1,B
91127934,2016-10-01,0.217,D
91197491,2016-10-01,0.124,B
94147007,2016-11-01,0.21,C
94479746,2016-12-01,0.218,D
94486434,2016-12-01,0.076,A
95213643,2016-12-01,0.242,D
91525728,2016-10-01,0.089,B
92599041,2016-11-01,0.091,B
94455008,2016-12-01,0.255,D
91294504,2016-10-01,0.25,D
95345144,2016-12-01,0.233,D
94166045,2016-12-01,0.388,E
95359732,2016-12-01,0.262,D
91567546,2016-10-01,0.072,A
91088036,2016-10-01,0.127,B
91504392,2016-10-01,0.147,C
91248621,2016-10-01,0.383,E
91158258,2016-10-01,0.34,D
92289380,2016-10-01,0.421,E
90896361,2016-10-01,0.232,D
94057241,2016-11-01,0.737,E
93429188,2016-11-01,0.557,E
91248083,2016-10-01,0.349,D
93327437,2016-11-01,0.206,C
95076258,2016-12-01,0.298,D
91373162,2016-10-01,0.497,E
95308125,2016-12-01,0.174,C
95929698,2016-12-01,0.259,D
94377049,2016-12-01,0.036,A
92829120,2016-11-01,0.119,B
90197064,2016-10-01,0.552,E
91478886,2016-11-01,0.2,C
93505839,2016-11-01,0.612,E
92830948,2016-11-01,0.104,B
93297662,2016-11-01,0.046,A
91364638,2016-10-01,0.218,D
95261587,2016-12-01,0.367,D
94214222,2016-12-01,0.185,C
93504185,2016-12-01,0.552,E
91051161,2016-10-01,0.378,E
91048140,2016-10-01,0.183,C
90747102,2016-10-01,0.088,B
95189887,2016-12-01,0.155,C
94536486,2016-12-01,0.066,A
90906171,2016-10-01,0.307,D
92628551,2016-11-01,0.164,C
91333627,2016-10-01,0.051,A
93227277,2016-11-01,0.16,C
91031635,2016-10-01,0.13,B
91948054,2016-10-01,0.218,D
93442170,2016-11-01,0.051,A
94029749,2016-11-01,0.387,E
93572597,2016-11-01,0.18,C
93348482,2016-11-01,0.202,C
92471119,2016-11-01,0.19,C
94546744,2016-12-01,0.132,B
91192512,2016-10-01,0.175,C
95263579,2016-12-01,0.529,E
91564419,2016-10-01,0.076,A
94364673,2016-12-01,0.274,D
94467228,2016-12-01,0.407,E
91133107,2016-10-01,0.103,B
92246066,2016-11-01,0.507,E
90836959,2016-10-01,0.295,D
92005051,2016-11-01,0.373,E
93790519,2016-11-01,0.184,C
93801254,2016-11-01,0.142,C
95079565,2016-12-01,0.22,D
90955196,2016-10-01,0.39,E
95108368,2016-12-01,0.222,D
95116443,2016-12-01,0.318,D
90989097,2016-10-01,0.42,E
91453707,2016-10-01,0.066,A
92489800,2016-11-01,0.108,B
95177339,2016-12-01,0.189,C
93695055,2016-11-01,0.129,B
91975665,2016-10-01,0.172,C
93684742,2016-12-01,0.39,E
95246450,2016-12-01,0.186,C
93217437,2016-11-01,0.157,C
93694727,2016-11-01,0.435,E
90151478,2016-10-01,0.726,E
92213722,2016-11-01,0.344,D
94296914,2016-11-01,0.189,C
91904190,2016-10-01,0.478,E
93911683,2016-11-01,0.148,C
95275530,2016-12-01,0.414,E
92193183,2016-10-01,0.363,D
91070047,2016-10-01,0.24,D
91514962,2016-10-01,0.174,C
93809555,2016-11-01,0.265,D
94362245,2016-12-01,0.375,E
93442127,2016-11-01,0.119,B
94480246,2016-12-01,0.373,E
94464244,2016-12-01,0.392,E
94255286,2016-12-01,0.173,C
93653202,2016-11-01,0.099,B
91984824,2016-10-01,0.039,A
94294071,2016-12-01,0.09,B
94015582,2016-12-01,0.143,C
94038903,2016-12-01,0.146,C
91575146,2016-10-01,0.197,C
95062027,2016-12-01,0.257,D
92351728,2016-11-01,0.169,C
93108453,2016-11-01,0.072,A
93742754,2016-11-01,0.28,D
89818994,2016-10-01,0.163,C
93103454,2016-11-01,0.208,C
92165087,2016-10-01,0.126,B
93811408,2016-11-01,0.111,B
91162264,2016-10-01,0.368,D
93810712,2016-11-01,0.178,C
92575378,2016-11-01,0.145,C
95628633,2016-12-01,0.208,C
91332392,2016-11-01,0.189,C
92225931,2016-10-01,0.365,D
90926898,2016-11-01,0.402,E
93368193,2016-11-01,0.078,A
91201257,2016-10-01,0.04,A
92115480,2016-11-01,0.206,C
93103568,2016-11-01,0.154,C
91453270,2016-10-01,0.115,B
93277812,2016-11-01,0.528,E
95002626,2016-12-01,0.208,C
93701898,2016-11-01,0.131,B
91340599,2016-10-01,0.101,B
94164197,2016-12-01,0.495,E
90114611,2016-10-01,0.151,C
93227930,2016-11-01,0.261,D
94229126,2016-12-01,0.216,D
92380274,2016-11-01,0.064,A
91328510,2016-10-01,0.32,D
92501165,2016-11-01,0.214,C
94102730,2016-12-01,0.159,C
92409432,2016-11-01,0.123,B
90993327,2016-10-01,0.244,D
90876497,2016-10-01,0.132,B
91377218,2016-10-01,0.273,D
92245624,2016-11-01,0.224,D
91068272,2016-10-01,0.385,E
92034269,2016-10-01,0.19,C
94458290,2016-12-01,0.145,C
93338086,2016-11-01,0.069,A
92217040,2016-10-01,0.371,E
95109867,2016-12-01,0.06,A
94215654,2016-11-01,0.124,B
94346231,2016-12-01,0.548,E
95059343,2016-12-01,0.386,E
93993062,2016-11-01,0.125,B
90916811,2016-10-01,0.126,B
91524939,2016-10-01,0.175,C
90985408,2016-10-01,0.064,A
91464793,2016-10-01,0.202,C
94110397,2016-12-01,0.287,D
91027554,2016-10-01,0.106,B
93134219,2016-11-01,0.375,E
94257531,2016-11-01,0.157,C
92299408,2016-11-01,0.335,D
92647718,2016-11-01,0.312,D
94252609,2016-12-01,0.297,D
91575554,2016-10-01,0.144,C
91610107,2016-10-01,0.083,B
93516132,2016-11-01,0.358,D
92902288,2016-11-01,0.169,C
92659187,2016-11-01,0.173,C
90999760,2016-10-01,0.138,C
92709618,2016-11-01,0.318,D
94028159,2016-11-01,0.077,A
94420152,2016-12-01,0.397,E
91435604,2016-10-01,0.057,A
91556063,2016-10-01,0.162,C
93444196,2016-11-01,0.469,E
93022120,2016-11-01,0.498,E
91654937,2016-10-01,0.102,B
91032822,2016-10-01,0.152,C
95029117,2016-12-01,0.222,D
92608246,2016-11-01,0.565,E
95706609,2016-12-01,0.39,E
94379450,2016-12-01,0.35,D
91465659,2016-10-01,0.306,D
91343295,2016-10-01,0.185,C
94105779,2016-11-01,0.125,B
90681938,2016-10-01,0.102,B
92221734,2016-10-01,0.342,D
94266546,2016-11-01,0.069,A
93902512,2016-11-01,0.266,D
91507842,2016-11-01,0.097,B
93999156,2016-12-01,0.178,C
92523033,2016-11-01,0.285,D
95049984,2016-12-01,0.145,C
90151297,2016-10-01,0.359,D
91684380,2016-10-01,0.394,E
95168162,2016-12-01,0.038,A
91294839,2016-10-01,0.191,C
95341223,2016-12-01,0.117,B
91153480,2016-10-01,0.125,B
92321541,2016-11-01,0.318,D
92341804,2016-11-01,0.318,D
91544615,2016-10-01,0.122,B
94133488,2016-12-01,0.179,C
92757282,2016-11-01,0.026,A
95062168,2016-12-01,0.116,B
90571676,2016-11-01,0.574,E
94811610,2016-12-01,0.305,D
91302585,2016-10-01,0.422,E
91397082,2016-10-01,0.088,B
93400960,2016-12-01,0.377,E
89909317,2016-10-01,0.141,C
95043459,2016-12-01,0.069,A
93820271,2016-11-01,0.547,E
93493321,2016-11-01,0.115,B
89919003,2016-10-01,0.045,A
93297737,2016-11-01,0.354,D
92280774,2016-11-01,0.481,E
93982380,2016-11-01,0.504,E
94376773,2016-12-01,0.418,E
91474029,2016-10-01,0.273,D
93951103,2016-12-01,0.169,C
91494870,2016-11-01,0.252,D
91667794,2016-10-01,0.336,D
94181855,2016-12-01,0.132,B
92557789,2016-11-01,0.078,A
95275194,2016-12-01,0.328,D
91212599,2016-10-01,0.062,A
92768282,2016-11-01,0.496,E
90906449,2016-10-01,0.537,E
90692756,2016-10-01,0.435,E
93492948,2016-11-01,0.17,C
94277369,2016-12-01,0.102,B
95243354,2016-12-01,0.459,E
94336367,2016-11-01,0.276,D
95246926,2016-12-01,0.156,C
92340779,2016-11-01,0.111,B
91516030,2016-10-01,0.134,B
91294928,2016-10-01,0.036,A
95374756,2016-12-01,0.057,A
93107585,2016-11-01,0.181,C
91488559,2016-10-01,0.171,C
92236525,2016-11-01,0.153,C
95326542,2016-12-01,0.456,E
95066678,2016-12-01,0.337,D
92839100,2016-11-01,0.322,D
95665810,2016-12-01,0.276,D
95022211,2016-12-01,0.047,A
93770769,2016-11-01,0.162,C
94270096,2016-12-01,0.268,D
91673316,2016-10-01,0.184,C
93464233,2016-11-01,0.285,D
92330434,2016-11-01,0.498,E
92845221,2016-11-01,0.558,E
91678615,2016-11-01,0.222,D
94016880,2016-11-01,0.13,B
92241976,2016-10-01,0.163,C
91478171,2016-10-01,0.089,B
92850198,2016-11-01,0.178,C
93831772,2016-12-01,0.145,C
93108004,2016-11-01,0.135,B
91122931,2016-10-01,0.066,A
91556575,2016-10-01,0.258,D
93101803,2016-11-01,0.136,C
91292099,2016-10-01,0.571,E
92500139,2016-11-01,0.266,D
91443673,2016-10-01,0.225,D
91556344,2016-10-01,0.711,E
92807457,2016-11-01,0.205,C
93277582,2016-11-01,0.299,D
92461613,2016-11-01,0.061,A
95078679,2016-12-01,0.177,C
91634429,2016-10-01,0.485,E
93177531,2016-11-01,0.363,D
94005111,2016-11-01,0.499,E
93101504,2016-11-01,0.73,E
94061770,2016-12-01,0.136,C
93512291,2016-12-01,0.218,D
91574076,2016-10-01,0.399,E
91108533,2016-10-01,0.401,E
92389771,2016-11-01,0.653,E
93566040,2016-11-01,0.437,E
91963492,2016-10-01,0.08,B
92063918,2016-10-01,0.116,B
92561472,2016-11-01,0.112,B
94676801,2016-12-01,0.427,E
92319135,2016-11-01,0.464,E
93701778,2016-11-01,0.066,A
90311988,2016-10-01,0.39,E
95291553,2016-12-01,0.513,E
91348779,2016-11-01,0.171,C
90855898,2016-10-01,0.161,C
91051068,2016-10-01,0.161,C
90994189,2016-10-01,0.268,D
90707456,2016-10-01,0.611,E
95735790,2016-12-01,0.22,D
90985713,2016-10-01,0.129,B
93504399,2016-11-01,0.655,E
94246104,2016-11-01,0.157,C
91612136,2016-10-01,0.124,B
93833131,2016-11-01,0.285,D
93483386,2016-11-01,0.163,C
91328516,2016-10-01,0.043,A
91774011,2016-10-01,0.27,D
94169740,2016-12-01,0.538,E
91356926,2016-10-01,0.123,B
93633091,2016-11-01,0.08,B
94137737,2016-12-01,0.263,D
94506895,2016-12-01,0.408,E
91041897,2016-10-01,0.136,C
95363419,2016-12-01,0.117,B
91448463,2016-10-01,0.183,C
93491658,2016-12-01,0.467,E
91873325,2016-10-01,0.2,C
93101495,2016-12-01,0.646,E
94301167,2016-12-01,0.195,C
95335101,2016-12-01,0.254,D
92832067,2016-11-01,0.252,D
92064218,2016-10-01,0.114,B
92881187,2016-11-01,0.151,C
91445057,2016-11-01,0.212,C
89948722,2016-10-01,0.079,B
94391570,2016-12-01,0.041,A
91139215,2016-10-01,0.303,D
93391070,2016-11-01,0.46,E
92729297,2016-11-01,0.187,C
93852885,2016-12-01,0.2,C
93922582,2016-12-01,0.61,E
94183561,2016-12-01,0.094,B
92279819,2016-11-01,0.267,D
94272613,2016-12-01,0.198,C
93625173,2016-11-01,0.294,D
95082324,2016-12-01,0.114,B
94175573,2016-12-01,0.283,D
91143186,2016-10-01,0.231,D
90681888,2016-10-01,0.173,C
89906326,2016-10-01,0.233,D
90994859,2016-10-01,0.311,D
94419884,2016-12-01,0.303,D
93899876,2016-11-01,0.13,B
95845366,2016-12-01,0.092,B
95160003,2016-12-01,0.663,E
94343818,2016-12-01,0.155,C
94478257,2016-12-01,0.44,E
93504911,2016-11-01,0.365,D
91011439,2016-10-01,0.07,A
95666597,2016-12-01,0.673,E
94256243,2016-12-01,0.26,D
90167829,2016-10-01,0.135,B
94332236,2016-11-01,0.226,D
91248468,2016-10-01,0.122,B
92558508,2016-11-01,0.185,C
93308180,2016-11-01,0.191,C
92829458,2016-11-01,0.179,C
95271624,2016-12-01,0.221,D
94066723,2016-12-01,0.124,B
95846201,2016-12-01,0.078,A
91285652,2016-10-01,0.216,D
91647211,2016-10-01,0.374,E
91162665,2016-11-01,0.23,D
94411038,2016-12-01,0.031,A
92727176,2016-11-01,0.063,A
95291489,2016-12-01,0.364,D
91974084,2016-10-01,0.653,E
92911835,2016-11-01,0.165,C
95122326,2016-12-01,0.212,C
91062405,2016-10-01,0.467,E
91585142,2016-10-01,0.228,D
90501519,2016-10-01,0.067,A
91306270,2016-10-01,0.221,D
91744229,2016-10-01,0.193,C
95166503,2016-12-01,0.401,E
90895200,2016-10-01,0.513,E
93789790,2016-11-01,0.305,D
94336752,2016-11-01,0.042,A
91122377,2016-10-01,0.483,E
91307475,2016-10-01,0.361,D
91484451,2016-10-01,0.155,C
95170096,2016-12-01,0.244,D
92359172,2016-11-01,0.303,D
94100663,2016-12-01,0.267,D
91002088,2016-10-01,0.108,B
93177877,2016-11-01,0.181,C
93919433,2016-11-01,0.23,D
91242613,2016-10-01,0.235,D
90150266,2016-10-01,0.043,A
94098475,2016-12-01,0.289,D
94236999,2016-12-01,0.173,C
91546425,2016-10-01,0.144,C
91576906,2016-11-01,0.689,E
91101050,2016-10-01,0.404,E
92351944,2016-11-01,0.343,D
92749314,2016-12-01,0.558,E
91347838,2016-10-01,0.074,A
94332696,2016-12-01,0.346,D
95258615,2016-12-01,0.361,D
94123557,2016-12-01,0.188,C
94355852,2016-12-01,0.577,E
94458207,2016-12-01,0.296,D
94125287,2016-11-01,0.408,E
91067593,2016-10-01,0.283,D
91191898,2016-10-01,0.14,C
91507860,2016-10-01,0.044,A
94126433,2016-11-01,0.176,C
91122960,2016-10-01,0.323,D
93217969,2016-12-01,0.63,E
91152171,2016-10-01,0.157,C
95152968,2016-12-01,0.246,D
95354201,2016-12-01,0.042,A
92411011,2016-11-01,0.313,D
91047583,2016-10-01,0.099,B
92045700,2016-11-01,0.329,D
91212305,2016-10-01,0.141,C
92419251,2016-10-01,0.297,D
94063552,2016-12-01,0.373,E
91121149,2016-10-01,0.465,E
92217223,2016-10-01,0.428,E
90391461,2016-10-01,0.223,D
92282152,2016-11-01,0.303,D
94477218,2016-12-01,0.217,D
94160739,2016-12-01,0.272,D
93536525,2016-11-01,0.277,D
93789979,2016-11-01,0.134,B
93524507,2016-11-01,0.14,C
94177867,2016-12-01,0.386,E
91061796,2016-10-01,0.078,A
94029200,2016-11-01,0.781,E
91417446,2016-11-01,0.18,C
94137104,2016-11-01,0.056,A
95051755,2016-12-01,0.225,D
94021938,2016-12-01,0.546,E
91659229,2016-10-01,0.382,E
92301894,2016-11-01,0.032,A
95256303,2016-12-01,0.259,D
92835360,2016-11-01,0.074,A
90875468,2016-10-01,0.35,D
91574118,2016-10-01,0.117,B
94423659,2016-12-01,0.367,D
96164359,2016-12-01,0.126,B
94358447,2016-12-01,0.151,C
95856795,2016-12-01,0.205,C
95926405,2016-12-01,0.168,C
92124290,2016-11-01,0.477,E
94008744,2016-11-01,0.174,C
93692240,2016-11-01,0.064,A
94076255,2016-12-01,0.188,C
93107682,2016-12-01,0.21,C
91298314,2016-10-01,0.09,B
93664776,2016-11-01,0.119,B
91377598,2016-10-01,0.302,D
92003250,2016-10-01,0.547,E
93491155,2016-11-01,0.404,E
91647718,2016-10-01,0.661,E
91329962,2016-10-01,0.229,D
93791834,2016-11-01,0.255,D
91301328,2016-10-01,0.066,A
94055491,2016-11-01,0.075,A
91661086,2016-10-01,0.229,D
91428272,2016-10-01,0.077,A
91070981,2016-10-01,0.249,D
90389743,2016-10-01,0.149,C
92565831,2016-11-01,0.245,D
92044536,2016-11-01,0.301,D
90985226,2016-10-01,0.617,E
94330755,2016-11-01,0.089,B
90400846,2016-10-01,0.244,D
94008913,2016-11-01,0.197,C
90221794,2016-10-01,0.175,C
92837940,2016-11-01,0.365,D
94000004,2016-11-01,0.372,E
92214370,2016-10-01,0.278,D
91375565,2016-10-01,0.085,B
91494718,2016-10-01,0.122,B
92818676,2016-11-01,0.357,D
37780800,2016-11-01,0.184,C
94241471,2016-12-01,0.335,D
92085455,2016-11-01,0.071,A
91525478,2016-10-01,0.18,C
94437446,2016-12-01,0.094,B
91691605,2016-10-01,0.337,D
91182050,2016-10-01,0.068,A
91553563,2016-10-01,0.173,C
91682490,2016-11-01,0.363,D
94347266,2016-12-01,0.212,C
91383193,2016-10-01,0.327,D
91132301,2016-10-01,0.145,C
91032578,2016-10-01,0.164,C
94123460,2016-12-01,0.061,A
95349481,2016-12-01,0.112,B
92154728,2016-11-01,0.311,D
91122375,2016-11-01,0.236,D
91309931,2016-10-01,0.086,B
92788694,2016-11-01,0.232,D
95775121,2016-12-01,0.306,D
94071934,2016-12-01,0.104,B
93032511,2016-11-01,0.395,E
95029985,2016-12-01,0.107,B
91963709,2016-11-01,0.295,D
94256901,2016-11-01,0.06,A
94065720,2016-11-01,0.239,D
91041894,2016-10-01,0.067,A
91353507,2016-10-01,0.185,C
92073613,2016-10-01,0.109,B
92829335,2016-11-01,0.342,D
91277718,2016-10-01,0.044,A
96033247,2016-12-01,0.259,D
93873434,2016-11-01,0.246,D
94070752,2016-12-01,0.12,B
96043889,2016-12-01,0.153,C
94102371,2016-12-01,0.635,E
95269384,2016-12-01,0.191,C
92340454,2016-11-01,0.319,D
95088079,2016-12-01,0.164,C
93278386,2016-11-01,0.417,E
92748912,2016-11-01,0.196,C
93501683,2016-11-01,0.153,C
91253408,2016-10-01,0.295,D
91373259,2016-10-01,0.072,A
94931566,2016-12-01,0.272,D
92557790,2016-11-01,0.088,B
92588144,2016-12-01,0.037,A
95256491,2016-12-01,0.099,B
91157188,2016-10-01,0.201,C
94017870,2016-11-01,0.496,E
90320572,2016-11-01,0.306,D
94122304,2016-12-01,0.108,B
95096177,2016-12-01,0.126,B
92892095,2016-12-01,0.353,D
95089731,2016-12-01,0.283,D
94248530,2016-12-01,0.154,C
90100160,2016-10-01,0.424,E
95052162,2016-12-01,0.245,D
93534628,2016-12-01,0.073,A
95208479,2016-12-01,0.084,B
94093567,2016-12-01,0.098,B
92215717,2016-10-01,0.088,B
93930236,2016-11-01,0.211,C
96154307,2016-12-01,0.256,D
91534520,2016-10-01,0.048,A
94781630,2016-12-01,0.669,E
91518492,2016-10-01,0.076,A
93605783,2016-11-01,0.168,C
94227947,2016-12-01,0.661,E
94024369,2016-12-01,0.385,E
91172285,2016-10-01,0.167,C
92065169,2016-11-01,0.351,D
95319689,2016-12-01,0.071,A
91121693,2016-10-01,0.253,D
92015024,2016-11-01,0.123,B
92310529,2016-11-01,0.141,C
95047349,2016-12-01,0.343,D
95136344,2016-12-01,0.086,B
91487554,2016-11-01,0.242,D
94392186,2016-12-01,0.125,B
90805309,2016-10-01,0.069,A
91497911,2016-10-01,0.326,D
91041806,2016-10-01,0.129,B
90997195,2016-10-01,0.211,C
91131048,2016-10-01,0.123,B
91423118,2016-10-01,0.376,E
94356797,2016-11-01,0.296,D
93993076,2016-11-01,0.377,E
91913596,2016-11-01,0.232,D
91493953,2016-11-01,0.214,C
92280646,2016-11-01,0.266,D
91630264,2016-10-01,0.241,D
95652114,2016-12-01,0.2,C
95210066,2016-12-01,0.422,E
94348757,2016-12-01,0.046,A
91597550,2016-10-01,0.221,D
94330470,2016-11-01,0.286,D
95557226,2016-12-01,0.236,D
92449822,2016-10-01,0.095,B
91345982,2016-10-01,0.359,D
93687411,2016-11-01,0.19,C
91947537,2016-11-01,0.119,B
91305443,2016-10-01,0.12,B
91589847,2016-10-01,0.524,E
91243289,2016-10-01,0.083,B
93114528,2016-11-01,0.237,D
94228063,2016-12-01,0.659,E
90815825,2016-10-01,0.174,C
90082803,2016-10-01,0.187,C
94012526,2016-11-01,0.556,E
92291724,2016-12-01,0.241,D
93390268,2016-11-01,0.047,A
92524831,2016-11-01,0.142,C
91434038,2016-10-01,0.345,D
94168391,2016-12-01,0.136,C
91031159,2016-10-01,0.476,E
95294231,2016-12-01,0.34,D
93525701,2016-11-01,0.102,B
91414525,2016-10-01,0.247,D
94130128,2016-12-01,0.099,B
95159157,2016-12-01,0.148,C
90956188,2016-10-01,0.138,C
92227071,2016-10-01,0.352,D
91288461,2016-10-01,0.094,B
95043491,2016-12-01,0.095,B
91358391,2016-10-01,0.094,B
94394098,2016-12-01,0.09,B
95855818,2016-12-01,0.293,D
93604423,2016-11-01,0.274,D
94211741,2016-12-01,0.054,A
92835083,2016-11-01,0.18,C
90766441,2016-10-01,0.667,E
92339496,2016-10-01,0.159,C
91219453,2016-10-01,0.228,D
92369658,2016-10-01,0.063,A
94750051,2016-12-01,0.433,E
95365509,2016-12-01,0.188,C
92911741,2016-11-01,0.069,A
91313912,2016-10-01,0.179,C
92460070,2016-11-01,0.417,E
92844464,2016-12-01,0.215,C
91457707,2016-12-01,0.643,E
92174470,2016-11-01,0.299,D
93328209,2016-11-01,0.3,D
95126330,2016-12-01,0.479,E
95008069,2016-12-01,0.193,C
90124838,2016-10-01,0.511,E
95032650,2016-12-01,0.269,D
91203018,2016-10-01,0.478,E
91092322,2016-10-01,0.49,E
95587637,2016-12-01,0.306,D
91949079,2016-10-01,0.083,B
91326241,2016-10-01,0.19,C
95167938,2016-12-01,0.057,A
92321111,2016-11-01,0.423,E
93819777,2016-11-01,0.11,B
95826258,2016-12-01,0.087,B
94209267,2016-12-01,0.136,B
94029829,2016-11-01,0.249,D
95715501,2016-12-01,0.136,B
92573781,2016-11-01,0.271,D
95159999,2016-12-01,0.171,C
92902242,2016-11-01,0.121,B
91784188,2016-11-01,0.092,B
94417750,2016-12-01,0.685,E
93348269,2016-11-01,0.186,C
90591814,2016-10-01,0.155,C
94477541,2016-12-01,0.252,D
91692333,2016-10-01,0.202,C
92232681,2016-11-01,0.149,C
94103864,2016-12-01,0.171,C
92075684,2016-10-01,0.149,C
93831304,2016-11-01,0.123,B
92221491,2016-10-01,0.091,B
94200276,2016-12-01,0.248,D
91723322,2016-10-01,0.2,C
91476723,2016-10-01,0.226,D
91298943,2016-10-01,0.113,B
91071177,2016-10-01,0.49,E
95263061,2016-12-01,0.325,D
92513494,2016-11-01,0.64,E
93705184,2016-11-01,0.088,B
93772977,2016-11-01,0.199,C
92342080,2016-11-01,0.111,B
94434502,2016-12-01,0.22,D
94412361,2016-12-01,0.255,D
96003384,2016-12-01,0.213,C
95527620,2016-12-01,0.152,C
94004998,2016-11-01,0.288,D
93982801,2016-12-01,0.278,D
94122993,2016-12-01,0.067,A
95148621,2016-12-01,0.207,C
93882523,2016-11-01,0.208,C
90413899,2016-10-01,0.101,B
93595376,2016-11-01,0.353,D
93612258,2016-11-01,0.436,E
92535367,2016-11-01,0.209,C
92217910,2016-11-01,0.179,C
91367516,2016-10-01,0.115,B
90511140,2016-10-01,0.552,E
95296207,2016-12-01,0.218,D
95221425,2016-12-01,0.328,D
93900034,2016-11-01,0.326,D
94167506,2016-12-01,0.108,B
93401793,2016-11-01,0.233,D
93101682,2016-12-01,0.298,D
94171054,2016-12-01,0.312,D
91965269,2016-10-01,0.101,B
90065466,2016-10-01,0.272,D
92708267,2016-11-01,0.303,D
93655480,2016-11-01,0.554,E
91804276,2016-10-01,0.297,D
91127665,2016-10-01,0.581,E
94143752,2016-12-01,0.092,B
96269203,2016-12-01,0.146,C
90756705,2016-10-01,0.111,B
94263604,2016-12-01,0.296,D
94164522,2016-12-01,0.196,C
93850100,2016-11-01,0.36,D
93400767,2016-11-01,0.565,E
94339719,2016-12-01,0.164,C
92598513,2016-11-01,0.137,C
91433609,2016-10-01,0.146,C
94022212,2016-12-01,0.244,D
95111443,2016-12-01,0.412,E
90101794,2016-10-01,0.151,C
91012323,2016-10-01,0.158,C
92587225,2016-11-01,0.112,B
92678540,2016-11-01,0.203,C
94067753,2016-12-01,0.279,D
92522261,2016-11-01,0.121,B
90115511,2016-10-01,0.062,A
94921569,2016-12-01,0.057,A
95163138,2016-12-01,0.175,C
91308250,2016-11-01,0.125,B
94122468,2016-12-01,0.375,E
93031942,2016-11-01,0.575,E
92279968,2016-11-01,0.018,A
91278501,2016-10-01,0.299,D
94596428,2016-12-01,0.17,C
94342551,2016-12-01,0.316,D
95012882,2016-12-01,0.289,D
94751123,2016-12-01,0.251,D
90214908,2016-10-01,0.072,A
92543688,2016-11-01,0.282,D
95178443,2016-12-01,0.274,D
91303609,2016-10-01,0.134,B
94241611,2016-12-01,0.145,C
91339561,2016-10-01,0.248,D
93792995,2016-12-01,0.154,C
94448131,2016-12-01,0.441,E
91301057,2016-10-01,0.152,C
94257220,2016-11-01,0.228,D
91596039,2016-10-01,0.239,D
90994381,2016-10-01,0.097,B
92174658,2016-11-01,0.392,E
94467953,2016-12-01,0.339,D
93605443,2016-11-01,0.192,C
94157224,2016-12-01,0.204,C
91277858,2016-10-01,0.269,D
95226918,2016-12-01,0.394,E
93792916,2016-11-01,0.258,D
92872624,2016-11-01,0.249,D
95088105,2016-12-01,0.181,C
91295889,2016-10-01,0.075,A
92575537,2016-11-01,0.348,D
90008901,2016-10-01,0.102,B
95139920,2016-12-01,0.432,E
91357779,2016-10-01,0.244,D
93673919,2016-11-01,0.186,C
91952766,2016-11-01,0.275,D
91416521,2016-10-01,0.057,A
90885131,2016-10-01,0.662,E
91944061,2016-10-01,0.414,E
93901797,2016-11-01,0.071,A
95157030,2016-12-01,0.152,C
93553505,2016-11-01,0.415,E
92291185,2016-11-01,0.167,C
94340719,2016-11-01,0.311,D
93972593,2016-11-01,0.752,E
92320977,2016-11-01,0.086,B
92023635,2016-11-01,0.256,D
94362506,2016-12-01,0.675,E
91037316,2016-10-01,0.188,C
91883557,2016-11-01,0.278,D
92513167,2016-11-01,0.122,B
93717978,2016-11-01,0.555,E
91397542,2016-10-01,0.205,C
94177022,2016-12-01,0.185,C
95327867,2016-12-01,0.35,D
92536583,2016-11-01,0.647,E
93810771,2016-12-01,0.159,C
91287462,2016-10-01,0.347,D
92195366,2016-11-01,0.275,D
95091723,2016-12-01,0.053,A
94385928,2016-12-01,0.273,D
94344735,2016-11-01,0.159,C
91484496,2016-10-01,0.508,E
94047953,2016-12-01,0.283,D
95364840,2016-12-01,0.348,D
95182083,2016-12-01,0.279,D
94333112,2016-12-01,0.158,C
94030227,2016-11-01,0.056,A
94394061,2016-12-01,0.121,B
93492063,2016-11-01,0.198,C
90745147,2016-10-01,0.134,B
93642374,2016-11-01,0.341,D
92193850,2016-10-01,0.521,E
91213159,2016-10-01,0.283,D
94156176,2016-11-01,0.065,A
94333284,2016-11-01,0.087,B
93348518,2016-11-01,0.173,C
91566501,2016-10-01,0.287,D
91893942,2016-10-01,0.126,B
92261319,2016-11-01,0.116,B
94389288,2016-12-01,0.114,B
91691617,2016-10-01,0.198,C
93504198,2016-11-01,0.564,E
92341401,2016-11-01,0.102,B
94412519,2016-12-01,0.17,C
94751164,2016-12-01,0.201,C
91613461,2016-10-01,0.522,E
91679328,2016-11-01,0.168,C
95047990,2016-12-01,0.174,C
91671430,2016-10-01,0.049,A
95110543,2016-12-01,0.205,C
95031615,2016-12-01,0.318,D
90250719,2016-10-01,0.403,E
95228159,2016-12-01,0.345,D
94288580,2016-12-01,0.19,C
95120505,2016-12-01,0.238,D
93525311,2016-11-01,0.245,D
93133651,2016-11-01,0.269,D
94047356,2016-12-01,0.173,C
91119924,2016-10-01,0.181,C
91630647,2016-10-01,0.154,C
93674602,2016-11-01,0.355,D
91577359,2016-11-01,0.414,E
91290292,2016-10-01,0.179,C
92065616,2016-10-01,0.13,B
94142146,2016-12-01,0.227,D
93327797,2016-11-01,0.119,B
91658487,2016-10-01,0.148,C
91121880,2016-10-01,0.073,A
93939762,2016-12-01,0.035,A
92399525,2016-11-01,0.25,D
93753321,2016-11-01,0.066,A
91251829,2016-10-01,0.193,C
91525783,2016-10-01,0.322,D
90815594,2016-10-01,0.322,D
95053104,2016-12-01,0.335,D
91487466,2016-10-01,0.06,A
92576948,2016-11-01,0.305,D
91436441,2016-10-01,0.138,C
91556918,2016-11-01,0.184,C
94383527,2016-12-01,0.239,D
93207126,2016-12-01,0.102,B
91631999,2016-10-01,0.106,B
92350797,2016-12-01,0.25,D
95103269,2016-12-01,0.229,D
92729568,2016-11-01,0.225,D
94467477,2016-12-01,0.244,D
92401621,2016-11-01,0.619,E
91949543,2016-10-01,0.159,C
93279710,2016-12-01,0.087,B
91003324,2016-10-01,0.315,D
94425270,2016-12-01,0.191,C
95259470,2016-12-01,0.187,C
93708575,2016-11-01,0.152,C
90999467,2016-10-01,0.152,C
92708371,2016-11-01,0.516,E
95918682,2016-12-01,0.166,C
95202555,2016-12-01,0.252,D
93564238,2016-11-01,0.233,D
93802856,2016-12-01,0.215,C
94136119,2016-12-01,0.398,E
92228623,2016-10-01,0.096,B
92837281,2016-11-01,0.184,C
95373957,2016-12-01,0.109,B
95110008,2016-12-01,0.549,E
92163453,2016-11-01,0.165,C
95269600,2016-12-01,0.131,B
90040232,2016-10-01,0.223,D
95201514,2016-12-01,0.401,E
95107017,2016-12-01,0.176,C
95170020,2016-12-01,0.272,D
91447927,2016-11-01,0.238,D
94187564,2016-11-01,0.264,D
91773276,2016-10-01,0.178,C
93663228,2016-11-01,0.252,D
91659728,2016-10-01,0.376,E
91172786,2016-10-01,0.082,B
92218279,2016-11-01,0.208,C
90289273,2016-10-01,0.107,B
93429836,2016-11-01,0.043,A
61017756,2016-11-01,0.24,D
94063129,2016-12-01,0.331,D
94448750,2016-12-01,0.38,E
91088046,2016-10-01,0.629,E
95272503,2016-12-01,0.235,D
91307728,2016-10-01,0.147,C
91844822,2016-11-01,0.162,C
93683489,2016-11-01,0.568,E
92370664,2016-11-01,0.202,C
91149517,2016-10-01,0.37,E
91650732,2016-10-01,0.178,C
92370420,2016-11-01,0.133,B
94171736,2016-12-01,0.341,D
91339929,2016-10-01,0.174,C
95086416,2016-12-01,0.163,C
91070525,2016-10-01,0.098,B
91122082,2016-10-01,0.54,E
92941685,2016-11-01,0.294,D
92719222,2016-11-01,0.181,C
92093934,2016-11-01,0.67,E
94379458,2016-12-01,0.51,E
91704277,2016-10-01,0.131,B
92204143,2016-10-01,0.249,D
89967736,2016-10-01,0.165,C
90241307,2016-11-01,0.594,E
90990503,2016-10-01,0.342,D
95358103,2016-12-01,0.443,E
91217866,2016-10-01,0.163,C
91375338,2016-10-01,0.382,E
90926782,2016-10-01,0.285,D
92124099,2016-11-01,0.404,E
94378151,2016-11-01,0.149,C
94023331,2016-12-01,0.326,D
90118218,2016-12-01,0.137,C
91289199,2016-10-01,0.221,D
92185284,2016-10-01,0.301,D
92185323,2016-10-01,0.31,D
91139738,2016-10-01,0.291,D
92492149,2016-11-01,0.266,D
92085308,2016-10-01,0.1,B
93709580,2016-11-01,0.209,C
93708280,2016-12-01,0.298,D
93644237,2016-11-01,0.556,E
95250366,2016-12-01,0.552,E
95921205,2016-12-01,0.206,C
91070113,2016-10-01,0.199,C
95218209,2016-12-01,0.202,C
94181039,2016-12-01,0.488,E
92537828,2016-11-01,0.187,C
92246862,2016-10-01,0.264,D
92392029,2016-11-01,0.147,C
92499170,2016-11-01,0.233,D
91232383,2016-10-01,0.439,E
93689146,2016-11-01,0.352,D
93803060,2016-12-01,0.064,A
95351932,2016-12-01,0.478,E
94099333,2016-12-01,0.085,B
90591334,2016-10-01,0.252,D
93011186,2016-11-01,0.337,D
91072223,2016-10-01,0.108,B
91002600,2016-10-01,0.239,D
39571628,2016-11-01,0.404,E
94077634,2016-11-01,0.104,B
90696318,2016-10-01,0.243,D
94394306,2016-12-01,0.101,B
91172748,2016-10-01,0.047,A
94750552,2016-12-01,0.196,C
94008834,2016-12-01,0.394,E
93981120,2016-12-01,0.088,B
91020042,2016-10-01,0.108,B
92271141,2016-11-01,0.199,C
93688715,2016-11-01,0.638,E
90413222,2016-10-01,0.19,C
93584568,2016-11-01,0.474,E
91983226,2016-10-01,0.266,D
95367659,2016-12-01,0.254,D
91463688,2016-11-01,0.069,A
92237090,2016-11-01,0.114,B
91833780,2016-10-01,0.355,D
91743941,2016-10-01,0.707,E
34283034,2016-12-01,0.267,D
91589381,2016-10-01,0.094,B
92564565,2016-11-01,0.459,E
91377968,2016-10-01,0.15,C
94011139,2016-12-01,0.291,D
5949429,2016-10-01,0.031,A
91873880,2016-10-01,0.086,B
95178335,2016-12-01,0.163,C
93688803,2016-11-01,0.489,E
94107505,2016-12-01,0.437,E
95006865,2016-12-01,0.304,D
92668096,2016-12-01,0.265,D
91192137,2016-10-01,0.176,C
91883618,2016-10-01,0.575,E
94093066,2016-12-01,0.131,B
95158260,2016-12-01,0.367,D
90994153,2016-10-01,0.317,D
93412055,2016-11-01,0.288,D
95088445,2016-12-01,0.048,A
95267149,2016-12-01,0.098,B
94306254,2016-12-01,0.196,C
91610191,2016-10-01,0.166,C
95036276,2016-12-01,0.061,A
91949311,2016-10-01,0.302,D
91477229,2016-11-01,0.083,B
95050218,2016-12-01,0.235,D
93991874,2016-12-01,0.195,C
91960730,2016-10-01,0.365,D
92543900,2016-11-01,0.127,B
91039678,2016-10-01,0.369,E
95477406,2016-12-01,0.256,D
92115030,2016-11-01,0.28,D
94383690,2016-12-01,0.544,E
92133774,2016-10-01,0.319,D
91374796,2016-10-01,0.296,D
95121512,2016-12-01,0.275,D
92451091,2016-11-01,0.264,D
92164301,2016-11-01,0.133,B
90231723,2016-10-01,0.092,B
90156395,2016-10-01,0.081,B
92788682,2016-11-01,0.29,D
94296473,2016-12-01,0.051,A
91070298,2016-10-01,0.284,D
94416426,2016-12-01,0.391,E
94354822,2016-12-01,0.324,D
92399905,2016-11-01,0.154,C
95356761,2016-12-01,0.332,D
92845728,2016-11-01,0.159,C
91177356,2016-10-01,0.2,C
93736084,2016-11-01,0.063,A
91954064,2016-10-01,0.083,B
92657262,2016-11-01,0.375,E
92174908,2016-11-01,0.121,B
94011282,2016-11-01,0.226,D
92043346,2016-11-01,0.364,D
91356305,2016-10-01,0.527,E
95547594,2016-12-01,0.152,C
93750486,2016-11-01,0.475,E
91793355,2016-10-01,0.138,C
91505473,2016-10-01,0.095,B
92290386,2016-11-01,0.396,E
93663275,2016-11-01,0.267,D
93583275,2016-11-01,0.157,C
94132111,2016-12-01,0.295,D
92830016,2016-11-01,0.575,E
91374939,2016-10-01,0.136,C
91958502,2016-10-01,0.188,C
92835954,2016-11-01,0.241,D
91503879,2016-11-01,0.173,C
91960436,2016-10-01,0.662,E
91297107,2016-10-01,0.307,D
91443161,2016-10-01,0.136,B
94029514,2016-12-01,0.109,B
91464288,2016-11-01,0.412,E
92570681,2016-11-01,0.229,D
93645771,2016-11-01,0.337,D
93696489,2016-11-01,0.451,E
95846712,2016-12-01,0.249,D
93870024,2016-12-01,0.152,C
91110182,2016-10-01,0.207,C
91242633,2016-10-01,0.263,D
94216635,2016-12-01,0.349,D
93390736,2016-11-01,0.197,C
92499771,2016-11-01,0.199,C
93880399,2016-12-01,0.165,C
91493526,2016-12-01,0.284,D
94161788,2016-12-01,0.218,D
95158644,2016-12-01,0.404,E
91172111,2016-10-01,0.099,B
93624716,2016-11-01,0.173,C
94176094,2016-12-01,0.309,D
93761816,2016-11-01,0.425,E
91414977,2016-10-01,0.101,B
91538052,2016-10-01,0.246,D
92023419,2016-10-01,0.47,E
94225554,2016-12-01,0.246,D
91111972,2016-10-01,0.179,C
93900916,2016-11-01,0.714,E
92053259,2016-11-01,0.122,B
92911637,2016-11-01,0.536,E
91339967,2016-10-01,0.172,C
90531174,2016-10-01,0.036,A
92688968,2016-11-01,0.155,C
95374489,2016-12-01,0.212,C
91375262,2016-10-01,0.127,B
91824435,2016-10-01,0.094,B
93534459,2016-11-01,0.127,B
92677641,2016-11-01,0.152,C
95355799,2016-12-01,0.278,D
91008506,2016-10-01,0.266,D
90111068,2016-10-01,0.162,C
93483480,2016-11-01,0.034,A
94100279,2016-12-01,0.385,E
91516526,2016-10-01,0.267,D
91704520,2016-10-01,0.451,E
95098152,2016-12-01,0.093,B
93412313,2016-11-01,0.139,C
95006673,2016-12-01,0.705,E
94280281,2016-12-01,0.218,D
92536164,2016-11-01,0.228,D
91243107,2016-10-01,0.077,A
95002489,2016-12-01,0.224,D
91140138,2016-10-01,0.354,D
92542810,2016-11-01,0.097,B
93428796,2016-11-01,0.289,D
92114442,2016-11-01,0.243,D
93105848,2016-11-01,0.133,B
92807607,2016-11-01,0.359,D
94129951,2016-12-01,0.158,C
91328999,2016-10-01,0.38,E
95725589,2016-12-01,0.136,C
91893278,2016-10-01,0.19,C
92748644,2016-11-01,0.121,B
92340150,2016-11-01,0.375,E
92034102,2016-11-01,0.361,D
92842956,2016-11-01,0.096,B
95188723,2016-12-01,0.362,D
95228819,2016-12-01,0.141,C
94212947,2016-12-01,0.144,C
94140296,2016-12-01,0.319,D
90796765,2016-10-01,0.229,D
93442398,2016-11-01,0.157,C
93110486,2016-11-01,0.07,A
94131400,2016-12-01,0.216,D
94349278,2016-12-01,0.124,B
93790050,2016-12-01,0.317,D
91691596,2016-10-01,0.071,A
95338135,2016-12-01,0.316,D
92489364,2016-11-01,0.208,C
90775492,2016-10-01,0.23,D
92301349,2016-11-01,0.205,C
90826778,2016-10-01,0.592,E
92419821,2016-11-01,0.208,C
93307451,2016-11-01,0.036,A
93717500,2016-11-01,0.118,B
92205021,2016-11-01,0.217,D
91673228,2016-10-01,0.306,D
94749606,2016-12-01,0.177,C
90765442,2016-10-01,0.417,E
91687719,2016-10-01,0.231,D
94048818,2016-12-01,0.189,C
94268132,2016-12-01,0.189,C
92569724,2016-11-01,0.267,D
94379277,2016-12-01,0.22,D
92499709,2016-11-01,0.221,D
91398331,2016-10-01,0.07,A
90866384,2016-10-01,0.233,D
93238210,2016-11-01,0.359,D
92329181,2016-11-01,0.295,D
92501194,2016-11-01,0.217,D
95805542,2016-12-01,0.551,E
91039059,2016-10-01,0.117,B
94821358,2016-12-01,0.195,C
94333056,2016-12-01,0.383,E
92536845,2016-10-01,0.12,B
93021755,2016-11-01,0.287,D
90995407,2016-10-01,0.277,D
93400384,2016-11-01,0.266,D
92063491,2016-11-01,0.244,D
92075121,2016-11-01,0.455,E
93427827,2016-11-01,0.414,E
92837191,2016-11-01,0.337,D
92351868,2016-11-01,0.041,A
94359349,2016-12-01,0.582,E
94434842,2016-12-01,0.207,C
95146871,2016-12-01,0.142,C
94360893,2016-11-01,0.071,A
92203532,2016-10-01,0.192,C
92747618,2016-11-01,0.16,C
94334614,2016-11-01,0.17,C
91339840,2016-10-01,0.622,E
94263930,2016-12-01,0.55,E
95003309,2016-12-01,0.222,D
90288388,2016-10-01,0.588,E
91995441,2016-11-01,0.336,D
91108117,2016-10-01,0.273,D
94211230,2016-12-01,0.137,C
95213664,2016-12-01,0.232,D
90915725,2016-10-01,0.045,A
94676363,2016-12-01,0.077,A
91496464,2016-10-01,0.341,D
92470549,2016-11-01,0.15,C
94035254,2016-11-01,0.392,E
91120051,2016-10-01,0.049,A
94557000,2016-12-01,0.121,B
92063770,2016-10-01,0.485,E
94811226,2016-12-01,0.085,B
91329805,2016-10-01,0.078,A
94345149,2016-11-01,0.217,D
95123732,2016-12-01,0.085,B
93280345,2016-12-01,0.409,E
93992289,2016-11-01,0.189,C
95137521,2016-12-01,0.36,D
93110369,2016-11-01,0.356,D
95706867,2016-12-01,0.258,D
92431447,2016-11-01,0.172,C
93931581,2016-11-01,0.094,B
94208454,2016-12-01,0.257,D
95597631,2016-12-01,0.357,D
94177548,2016-11-01,0.283,D
94059912,2016-12-01,0.2,C
95218799,2016-12-01,0.281,D
93101631,2016-11-01,0.347,D
91617130,2016-10-01,0.369,E
95932094,2016-12-01,0.18,C
95323299,2016-12-01,0.184,C
91354851,2016-10-01,0.315,D
93694189,2016-11-01,0.193,C
90251373,2016-10-01,0.376,E
93881871,2016-11-01,0.173,C
92564281,2016-11-01,0.117,B
91138165,2016-10-01,0.193,C
91208670,2016-10-01,0.45,E
90175666,2016-10-01,0.305,D
94046495,2016-12-01,0.097,B
93604398,2016-11-01,0.106,B
91042578,2016-10-01,0.405,E
95158064,2016-12-01,0.105,B
95249973,2016-12-01,0.435,E
95332962,2016-12-01,0.353,D
93358483,2016-12-01,0.152,C
76153141,2016-12-01,0.443,E
95146760,2016-12-01,0.263,D
93932439,2016-11-01,0.128,B
90414073,2016-10-01,0.619,E
92331356,2016-11-01,0.245,D
93523907,2016-11-01,0.074,A
91633136,2016-10-01,0.066,A
94676224,2016-12-01,0.409,E
91098497,2016-10-01,0.242,D
93109589,2016-11-01,0.276,D
95142813,2016-12-01,0.244,D
92133419,2016-10-01,0.408,E
91305629,2016-10-01,0.382,E
93990688,2016-11-01,0.171,C
91643075,2016-10-01,0.555,E
94145744,2016-12-01,0.661,E
92055200,2016-10-01,0.03,A
95170626,2016-12-01,0.182,C
92479123,2016-11-01,0.11,B
91157791,2016-10-01,0.168,C
94195610,2016-12-01,0.539,E
94391542,2016-12-01,0.216,D
91955613,2016-10-01,0.275,D
94111725,2016-12-01,0.097,B
90413701,2016-10-01,0.306,D
95930109,2016-12-01,0.086,B
95279102,2016-12-01,0.094,B
93882295,2016-11-01,0.568,E
95922180,2016-12-01,0.356,D
91527857,2016-10-01,0.657,E
90965353,2016-10-01,0.159,C
93137499,2016-11-01,0.151,C
94016913,2016-11-01,0.067,A
91661053,2016-10-01,0.301,D
91041712,2016-10-01,0.058,A
94124187,2016-12-01,0.385,E
92941252,2016-11-01,0.103,B
95116663,2016-12-01,0.189,C
95189525,2016-12-01,0.281,D
89050187,2016-10-01,0.541,E
94727070,2016-12-01,0.333,D
92055755,2016-11-01,0.205,C
93614913,2016-11-01,0.567,E
95028955,2016-12-01,0.209,C
94248725,2016-12-01,0.262,D
92226414,2016-10-01,0.119,B
91733438,2016-10-01,0.736,E
90721156,2016-10-01,0.126,B
95236819,2016-12-01,0.182,C
90985756,2016-10-01,0.208,C
92951434,2016-11-01,0.432,E
91328468,2016-11-01,0.233,D
91207886,2016-10-01,0.151,C
94344511,2016-12-01,0.391,E
92054514,2016-10-01,0.557,E
93411115,2016-11-01,0.164,C
91505655,2016-10-01,0.457,E
91393725,2016-10-01,0.212,C
94090917,2016-12-01,0.19,C
91574183,2016-10-01,0.548,E
94461292,2016-12-01,0.131,B
93843118,2016-11-01,0.23,D
95716298,2016-12-01,0.074,A
91646191,2016-10-01,0.322,D
89869148,2016-10-01,0.157,C
95351768,2016-12-01,0.258,D
90641606,2016-10-01,0.059,A
94220581,2016-12-01,0.038,A
92331867,2016-12-01,0.179,C
95017052,2016-12-01,0.124,B
91548475,2016-10-01,0.301,D
91704050,2016-10-01,0.51,E
95347850,2016-12-01,0.099,B
93716081,2016-12-01,0.39,E
91691369,2016-10-01,0.107,B
91228795,2016-10-01,0.278,D
91386002,2016-11-01,0.149,C
94245365,2016-11-01,0.17,C
92300226,2016-11-01,0.064,A
91630494,2016-10-01,0.172,C
91038889,2016-10-01,0.12,B
93717025,2016-12-01,0.343,D
93465478,2016-11-01,0.165,C
91296555,2016-10-01,0.176,C
95093395,2016-12-01,0.287,D
91473449,2016-10-01,0.097,B
94059936,2016-12-01,0.251,D
95359578,2016-12-01,0.076,A
91393871,2016-10-01,0.254,D
91232781,2016-10-01,0.132,B
94101686,2016-12-01,0.268,D
92981895,2016-11-01,0.163,C
93992038,2016-11-01,0.389,E
92204281,2016-10-01,0.294,D
91463338,2016-10-01,0.081,B
91649884,2016-10-01,0.302,D
94223368,2016-12-01,0.208,C
92749466,2016-11-01,0.1,B
92638691,2016-11-01,0.439,E
95029813,2016-12-01,0.241,D
91042185,2016-10-01,0.085,B
94070207,2016-12-01,0.127,B
91278031,2016-10-01,0.454,E
91299769,2016-10-01,0.426,E
94395188,2016-12-01,0.191,C
94416226,2016-12-01,0.364,D
93789370,2016-11-01,0.14,C
92321837,2016-11-01,0.17,C
94132223,2016-12-01,0.545,E
91188023,2016-10-01,0.261,D
91661329,2016-10-01,0.127,B
95046355,2016-12-01,0.204,C
93672465,2016-11-01,0.241,D
91007537,2016-10-01,0.511,E
94112994,2016-12-01,0.141,C
91676490,2016-10-01,0.433,E
95213288,2016-12-01,0.142,C
90180735,2016-10-01,0.28,D
93338155,2016-11-01,0.132,B
93187364,2016-11-01,0.091,B
92522368,2016-11-01,0.472,E
91635487,2016-10-01,0.225,D
91556375,2016-11-01,0.622,E
94330546,2016-11-01,0.133,B
94107636,2016-12-01,0.494,E
94335452,2016-11-01,0.053,A
90990252,2016-10-01,0.2,C
95067938,2016-12-01,0.116,B
94616466,2016-12-01,0.154,C
96123160,2016-12-01,0.259,D
91218190,2016-10-01,0.591,E
95921581,2016-12-01,0.636,E
91303809,2016-10-01,0.16,C
91407825,2016-10-01,0.295,D
92524776,2016-11-01,0.247,D
91957768,2016-10-01,0.403,E
94415868,2016-12-01,0.12,B
92310085,2016-11-01,0.235,D
92563336,2016-11-01,0.166,C
92578321,2016-11-01,0.312,D
91526175,2016-11-01,0.207,C
91248965,2016-10-01,0.214,C
92921697,2016-11-01,0.18,C
95230623,2016-12-01,0.232,D
91378545,2016-10-01,0.157,C
93012356,2016-11-01,0.423,E
94432152,2016-12-01,0.116,B
93464564,2016-12-01,0.414,E
91069928,2016-10-01,0.161,C
95315482,2016-12-01,0.413,E
95261313,2016-12-01,0.139,C
93899952,2016-11-01,0.352,D
93092206,2016-12-01,0.473,E
90989245,2016-10-01,0.06,A
91586418,2016-10-01,0.54,E
95151380,2016-12-01,0.363,D
91693414,2016-10-01,0.241,D
90290066,2016-10-01,0.148,C
94465170,2016-12-01,0.084,B
91494629,2016-10-01,0.215,C
94277361,2016-12-01,0.2,C
91160375,2016-10-01,0.306,D
92248771,2016-11-01,0.209,C
91219499,2016-10-01,0.252,D
93177417,2016-11-01,0.221,D
91394166,2016-10-01,0.101,B
94412323,2016-12-01,0.192,C
92837402,2016-11-01,0.253,D
92203748,2016-11-01,0.09,B
91157262,2016-10-01,0.561,E
95826849,2016-12-01,0.12,B
94107841,2016-11-01,0.116,B
91284430,2016-10-01,0.157,C
91307838,2016-10-01,0.404,E
95376012,2016-12-01,0.222,D
93708129,2016-11-01,0.213,C
93338361,2016-11-01,0.095,B
94227933,2016-12-01,0.178,C
90747109,2016-10-01,0.177,C
93104597,2016-11-01,0.267,D
91483198,2016-10-01,0.064,A
94342925,2016-12-01,0.215,C
96197965,2016-12-01,0.212,C
92143646,2016-11-01,0.291,D
93157627,2016-11-01,0.285,D
93997923,2016-11-01,0.626,E
90186738,2016-10-01,0.124,B
92833980,2016-11-01,0.199,C
90775833,2016-10-01,0.113,B
91584578,2016-10-01,0.28,D
93789263,2016-11-01,0.146,C
95374436,2016-12-01,0.108,B
95196188,2016-12-01,0.434,E
91671553,2016-10-01,0.491,E
94419656,2016-12-01,0.214,C
92224882,2016-10-01,0.395,E
94460282,2016-12-01,0.415,E
95047905,2016-12-01,0.423,E
92840399,2016-11-01,0.221,D
95191799,2016-12-01,0.289,D
92223603,2016-10-01,0.183,C
95108006,2016-12-01,0.324,D
94841229,2016-12-01,0.518,E
94140292,2016-12-01,0.213,C
91032307,2016-10-01,0.311,D
95027637,2016-12-01,0.442,E
94831468,2016-12-01,0.151,C
91172989,2016-10-01,0.16,C
92045465,2016-10-01,0.168,C
92819162,2016-11-01,0.375,E
95069929,2016-12-01,0.28,D
91994394,2016-10-01,0.444,E
95264301,2016-12-01,0.498,E
93952690,2016-11-01,0.045,A
93338357,2016-11-01,0.335,D
92005561,2016-10-01,0.179,C
91566011,2016-10-01,0.337,D
92064391,2016-10-01,0.13,B
94435314,2016-12-01,0.294,D
91650584,2016-10-01,0.064,A
94297702,2016-12-01,0.128,B
90736827,2016-10-01,0.22,D
94295993,2016-11-01,0.22,D
95201105,2016-12-01,0.127,B
94268496,2016-11-01,0.162,C
90190510,2016-10-01,0.428,E
92459214,2016-11-01,0.191,C
91596686,2016-11-01,0.336,D
90230780,2016-10-01,0.493,E
91635776,2016-10-01,0.182,C
95735167,2016-12-01,0.137,C
93042185,2016-11-01,0.267,D
94112282,2016-12-01,0.11,B
95040983,2016-12-01,0.185,C
93622343,2016-11-01,0.297,D
91894110,2016-10-01,0.213,C
94219845,2016-12-01,0.218,D
91021647,2016-10-01,0.117,B
93454269,2016-11-01,0.358,D
91924557,2016-10-01,0.09,B
90641773,2016-10-01,0.567,E
95293456,2016-12-01,0.192,C
92787663,2016-11-01,0.23,D
94418366,2016-12-01,0.12,B
93237472,2016-11-01,0.201,C
93789972,2016-11-01,0.044,A
90440301,2016-10-01,0.226,D
91172120,2016-10-01,0.151,C
90997743,2016-10-01,0.181,C
93752451,2016-12-01,0.441,E
93871911,2016-12-01,0.163,C
94208326,2016-11-01,0.181,C
88979497,2016-10-01,0.181,C
91127226,2016-10-01,0.074,A
95109621,2016-12-01,0.215,C
90815746,2016-10-01,0.098,B
92232283,2016-11-01,0.152,C
90694096,2016-10-01,0.352,D
93993218,2016-11-01,0.146,C
93573069,2016-12-01,0.152,C
93899167,2016-11-01,0.523,E
94019284,2016-12-01,0.267,D
91574039,2016-10-01,0.351,D
91364392,2016-10-01,0.065,A
96154489,2016-12-01,0.21,C
91949521,2016-11-01,0.322,D
95169095,2016-12-01,0.062,A
93860229,2016-11-01,0.198,C
91423303,2016-10-01,0.246,D
91346738,2016-10-01,0.135,B
93642299,2016-11-01,0.299,D
95696688,2016-12-01,0.141,C
94036540,2016-12-01,0.173,C
93909718,2016-11-01,0.147,C
95127482,2016-12-01,0.192,C
91368475,2016-10-01,0.446,E
92272163,2016-11-01,0.241,D
91703563,2016-10-01,0.351,D
93546802,2016-11-01,0.223,D
91341134,2016-10-01,0.198,C
90815683,2016-10-01,0.091,B
91081310,2016-10-01,0.094,B
93492737,2016-11-01,0.398,E
95316780,2016-12-01,0.151,C
94244066,2016-12-01,0.093,B
90237683,2016-10-01,0.102,B
94336115,2016-12-01,0.163,C
93605157,2016-11-01,0.058,A
91169452,2016-10-01,0.235,D
91506977,2016-10-01,0.115,B
93822615,2016-11-01,0.086,B
92833019,2016-11-01,0.188,C
95320268,2016-12-01,0.269,D
91723484,2016-10-01,0.53,E
94028705,2016-12-01,0.312,D
91576459,2016-10-01,0.509,E
90127883,2016-10-01,0.224,D
91505822,2016-10-01,0.342,D
90885735,2016-10-01,0.462,E
94344259,2016-12-01,0.401,E
94205800,2016-12-01,0.37,E
94333230,2016-12-01,0.162,C
92329613,2016-11-01,0.503,E
94454082,2016-12-01,0.132,B
92053628,2016-10-01,0.121,B
94356980,2016-12-01,0.453,E
95186391,2016-12-01,0.409,E
92837719,2016-11-01,0.13,B
92901890,2016-11-01,0.156,C
92852169,2016-11-01,0.517,E
94288983,2016-12-01,0.219,D
95920509,2016-12-01,0.23,D
93687895,2016-11-01,0.153,C
94263558,2016-12-01,0.456,E
93919112,2016-11-01,0.283,D
93674007,2016-11-01,0.184,C
93996900,2016-12-01,0.287,D
95122488,2016-12-01,0.235,D
91396520,2016-10-01,0.091,B
94235396,2016-11-01,0.196,C
95363027,2016-12-01,0.187,C
91944727,2016-10-01,0.22,D
91162390,2016-10-01,0.16,C
94447515,2016-12-01,0.076,A
92769339,2016-11-01,0.288,D
92515193,2016-11-01,0.424,E
92991956,2016-11-01,0.139,C
90966707,2016-10-01,0.168,C
92311368,2016-11-01,0.041,A
95069550,2016-12-01,0.177,C
92492139,2016-11-01,0.15,C
95665420,2016-12-01,0.195,C
93686716,2016-11-01,0.171,C
95092527,2016-12-01,0.218,D
91538387,2016-10-01,0.124,B
93889347,2016-11-01,0.232,D
95263546,2016-12-01,0.093,B
91290800,2016-10-01,0.172,C
93454701,2016-11-01,0.185,C
91211853,2016-10-01,0.123,B
94113554,2016-12-01,0.332,D
91516994,2016-10-01,0.173,C
94183030,2016-12-01,0.381,E
90661441,2016-10-01,0.22,D
91221732,2016-10-01,0.121,B
92523199,2016-11-01,0.124,B
92687122,2016-11-01,0.08,B
91507590,2016-10-01,0.157,C
94250682,2016-12-01,0.116,B
91681638,2016-10-01,0.2,C
91514038,2016-11-01,0.176,C
91444460,2016-10-01,0.137,C
92290694,2016-11-01,0.161,C
95312357,2016-12-01,0.238,D
91102237,2016-10-01,0.514,E
90651565,2016-10-01,0.285,D
92155677,2016-11-01,0.185,C
94566799,2016-12-01,0.334,D
92747240,2016-11-01,0.446,E
91476103,2016-10-01,0.658,E
91486604,2016-10-01,0.366,D
95080308,2016-12-01,0.295,D
92557718,2016-12-01,0.293,D
91588990,2016-10-01,0.063,A
91546091,2016-10-01,0.165,C
95665248,2016-12-01,0.115,B
93106310,2016-11-01,0.223,D
91248145,2016-10-01,0.334,D
91526949,2016-11-01,0.141,C
93307191,2016-11-01,0.139,C
95336702,2016-12-01,0.143,C
91528664,2016-10-01,0.383,E
93565354,2016-11-01,0.218,D
91753407,2016-10-01,0.211,C
93368808,2016-11-01,0.639,E
94037269,2016-12-01,0.512,E
91011429,2016-10-01,0.221,D
93051773,2016-11-01,0.158,C
93258004,2016-11-01,0.258,D
95133651,2016-12-01,0.054,A
93933109,2016-12-01,0.261,D
93707950,2016-11-01,0.245,D
95252095,2016-12-01,0.163,C
91518791,2016-10-01,0.119,B
92834253,2016-11-01,0.282,D
93839759,2016-11-01,0.369,E
94961501,2016-12-01,0.209,C
90327344,2016-10-01,0.053,A
92639166,2016-11-01,0.306,D
91588894,2016-10-01,0.215,C
90121603,2016-10-01,0.363,D
95153250,2016-12-01,0.189,C
81536079,2016-11-01,0.408,E
89828620,2016-10-01,0.464,E
90988191,2016-10-01,0.255,D
91671898,2016-10-01,0.261,D
90242005,2016-10-01,0.369,E
94230219,2016-12-01,0.328,D
93545550,2016-11-01,0.304,D
90925994,2016-10-01,0.172,C
94236557,2016-12-01,0.5,E
93697279,2016-12-01,0.628,E
90997734,2016-10-01,0.239,D
94389589,2016-12-01,0.631,E
91090056,2016-10-01,0.282,D
90987929,2016-10-01,0.174,C
89998094,2016-10-01,0.103,B
92429704,2016-11-01,0.326,D
92972166,2016-11-01,0.124,B
94396627,2016-12-01,0.159,C
90986505,2016-10-01,0.146,C
91668526,2016-10-01,0.157,C
93655580,2016-11-01,0.374,E
93920439,2016-11-01,0.271,D
94378313,2016-12-01,0.169,C
94991436,2016-12-01,0.161,C
95068142,2016-12-01,0.152,C
91692194,2016-10-01,0.535,E
90388320,2016-10-01,0.231,D
91102208,2016-10-01,0.02,A
93327888,2016-11-01,0.188,C
92223230,2016-12-01,0.184,C
94139999,2016-12-01,0.122,B
92709580,2016-11-01,0.677,E
92788306,2016-11-01,0.184,C
91080894,2016-10-01,0.169,C
94083078,2016-12-01,0.246,D
94167298,2016-12-01,0.244,D
93091909,2016-11-01,0.531,E
94249222,2016-12-01,0.262,D
95159198,2016-12-01,0.183,C
92981695,2016-11-01,0.248,D
91048748,2016-10-01,0.333,D
91507854,2016-10-01,0.25,D
91843185,2016-10-01,0.405,E
91538802,2016-10-01,0.134,B
94190412,2016-12-01,0.192,C
95327292,2016-12-01,0.276,D
94448366,2016-12-01,0.07,A
95080294,2016-12-01,0.131,B
94220260,2016-12-01,0.034,A
92291576,2016-11-01,0.14,C
93413843,2016-11-01,0.628,E
94455332,2016-12-01,0.266,D
91117548,2016-10-01,0.213,C
91526852,2016-10-01,0.253,D
91212532,2016-10-01,0.298,D
91358094,2016-10-01,0.089,B
92848376,2016-11-01,0.065,A
92053152,2016-11-01,0.099,B
96154573,2016-12-01,0.244,D
91413657,2016-10-01,0.16,C
91670864,2016-10-01,0.136,B
95080245,2016-12-01,0.707,E
95233142,2016-12-01,0.125,B
91538955,2016-10-01,0.268,D
91187699,2016-11-01,0.184,C
95068202,2016-12-01,0.292,D
95310413,2016-12-01,0.375,E
95270132,2016-12-01,0.607,E
91163006,2016-10-01,0.232,D
92083629,2016-11-01,0.139,C
91548533,2016-10-01,0.204,C
92565732,2016-11-01,0.248,D
95321201,2016-12-01,0.11,B
91082547,2016-10-01,0.118,B
90757018,2016-10-01,0.243,D
91250283,2016-10-01,0.109,B
91584138,2016-10-01,0.187,C
92203630,2016-10-01,0.428,E
95271613,2016-12-01,0.183,C
93996690,2016-11-01,0.153,C
91656927,2016-10-01,0.076,A
92951403,2016-11-01,0.399,E
94265283,2016-12-01,0.12,B
92379827,2016-11-01,0.191,C
93525119,2016-11-01,0.072,A
95038689,2016-12-01,0.194,C
93673757,2016-11-01,0.04,A
94656958,2016-12-01,0.377,E
93689024,2016-11-01,0.119,B
91843482,2016-10-01,0.065,A
94467117,2016-12-01,0.196,C
92290933,2016-11-01,0.62,E
95131973,2016-12-01,0.066,A
95944147,2016-12-01,0.217,D
93872408,2016-11-01,0.215,C
92598628,2016-11-01,0.416,E
91021157,2016-10-01,0.365,D
91672653,2016-10-01,0.124,B
91667916,2016-10-01,0.314,D
90956110,2016-10-01,0.177,C
92154362,2016-10-01,0.303,D
91404097,2016-10-01,0.27,D
92035644,2016-11-01,0.505,E
94283281,2016-12-01,0.547,E
91565833,2016-11-01,0.205,C
93929159,2016-11-01,0.119,B
93612656,2016-11-01,0.183,C
90816159,2016-10-01,0.15,C
95181732,2016-12-01,0.252,D
93525751,2016-11-01,0.091,B
92155314,2016-11-01,0.539,E
93982379,2016-11-01,0.225,D
94178711,2016-12-01,0.164,C
95766741,2016-12-01,0.229,D
93604199,2016-11-01,0.371,E
92460080,2016-11-01,0.172,C
95207692,2016-12-01,0.766,E
93762778,2016-11-01,0.44,E
93279313,2016-11-01,0.503,E
94388377,2016-12-01,0.216,D
92748574,2016-11-01,0.134,B
94233307,2016-12-01,0.148,C
94441443,2016-12-01,0.23,D
96013251,2016-12-01,0.114,B
93672911,2016-11-01,0.189,C
92818009,2016-11-01,0.126,B
94165745,2016-11-01,0.268,D
95865228,2016-12-01,0.643,E
92309763,2016-11-01,0.31,D
91188862,2016-10-01,0.308,D
91383370,2016-10-01,0.222,D
93752008,2016-12-01,0.469,E
94001844,2016-12-01,0.542,E
88957928,2016-10-01,0.15,C
94171927,2016-12-01,0.263,D
92214487,2016-11-01,0.201,C
93106641,2016-11-01,0.451,E
91595605,2016-10-01,0.323,D
91508264,2016-10-01,0.165,C
90395903,2016-10-01,0.086,B
90396390,2016-10-01,0.16,C
94442825,2016-12-01,0.328,D
92247534,2016-11-01,0.077,A
96144294,2016-12-01,0.129,B
93696641,2016-11-01,0.084,B
92542705,2016-11-01,0.159,C
92845250,2016-11-01,0.203,C
91302064,2016-10-01,0.359,D
93572165,2016-11-01,0.461,E
92380473,2016-11-01,0.062,A
95172928,2016-12-01,0.418,E
93892214,2016-11-01,0.101,B
92728861,2016-12-01,0.368,D
94190565,2016-12-01,0.148,C
92597357,2016-11-01,0.143,C
91655435,2016-10-01,0.112,B
91833908,2016-11-01,0.096,B
94105571,2016-12-01,0.189,C
91423335,2016-10-01,0.27,D
93584117,2016-11-01,0.599,E
93584746,2016-11-01,0.348,D
92073578,2016-10-01,0.094,B
93403567,2016-11-01,0.258,D
91585072,2016-10-01,0.241,D
91567923,2016-10-01,0.092,B
95252600,2016-12-01,0.027,A
94257965,2016-12-01,0.423,E
90966119,2016-10-01,0.639,E
91242300,2016-10-01,0.496,E
92083526,2016-12-01,0.19,C
93001135,2016-11-01,0.199,C
91617676,2016-10-01,0.427,E
90896404,2016-10-01,0.214,C
91485521,2016-10-01,0.296,D
91515606,2016-10-01,0.235,D
92134139,2016-12-01,0.276,D
94380149,2016-12-01,0.168,C
91011581,2016-11-01,0.102,B
91514888,2016-11-01,0.15,C
91544718,2016-10-01,0.239,D
94183649,2016-12-01,0.081,B
91446616,2016-10-01,0.13,B
95127937,2016-12-01,0.202,C
94111769,2016-12-01,0.167,C
95008687,2016-12-01,0.166,C
91443129,2016-10-01,0.23,D
93781410,2016-11-01,0.341,D
93869491,2016-11-01,0.397,E
90992150,2016-10-01,0.335,D
90211581,2016-10-01,0.1,B
90257207,2016-10-01,0.564,E
92677784,2016-12-01,0.315,D
93716798,2016-11-01,0.221,D
94420657,2016-12-01,0.202,C
91993364,2016-10-01,0.172,C
93267355,2016-11-01,0.488,E
93992588,2016-11-01,0.091,B
96043269,2016-12-01,0.353,D
95150086,2016-12-01,0.311,D
91007804,2016-10-01,0.244,D
93738573,2016-11-01,0.241,D
91387679,2016-10-01,0.199,C
91903564,2016-10-01,0.079,B
94110010,2016-12-01,0.25,D
91018710,2016-10-01,0.117,B
92226860,2016-10-01,0.052,A
93501559,2016-11-01,0.206,C
91311897,2016-10-01,0.056,A
92834278,2016-11-01,0.105,B
95001321,2016-12-01,0.087,B
94233063,2016-12-01,0.131,B
91168964,2016-10-01,0.19,C
90988170,2016-10-01,0.136,B
92134548,2016-10-01,0.261,D
93997682,2016-12-01,0.168,C
92331188,2016-11-01,0.175,C
95004716,2016-12-01,0.331,D
95203448,2016-12-01,0.301,D
94233629,2016-12-01,0.189,C
94696732,2016-12-01,0.137,C
91001931,2016-10-01,0.152,C
91052762,2016-10-01,0.099,B
92340775,2016-11-01,0.202,C
92638293,2016-11-01,0.097,B
94236376,2016-11-01,0.276,D
91142231,2016-10-01,0.297,D
95269746,2016-12-01,0.312,D
94060164,2016-12-01,0.389,E
94637079,2016-12-01,0.426,E
90521427,2016-10-01,0.102,B
91303694,2016-10-01,0.488,E
96190821,2016-12-01,0.139,C
95139878,2016-12-01,0.249,D
91089763,2016-10-01,0.223,D
94206913,2016-12-01,0.446,E
94199983,2016-12-01,0.335,D
95077865,2016-12-01,0.12,B
94462617,2016-12-01,0.105,B
93760238,2016-12-01,0.498,E
90745510,2016-10-01,0.38,E
95136918,2016-12-01,0.351,D
93751507,2016-11-01,0.443,E
91172594,2016-10-01,0.112,B
95340782,2016-12-01,0.486,E
88966196,2016-10-01,0.193,C
88805958,2016-10-01,0.157,C
91069057,2016-10-01,0.1,B
90165167,2016-10-01,0.292,D
92848610,2016-11-01,0.168,C
95020529,2016-12-01,0.187,C
93072348,2016-11-01,0.114,B
93105513,2016-11-01,0.201,C
90885361,2016-10-01,0.23,D
93081879,2016-11-01,0.077,A
94017017,2016-11-01,0.221,D
91435659,2016-10-01,0.28,D
92589355,2016-11-01,0.338,D
93980992,2016-11-01,0.203,C
95417419,2016-12-01,0.367,D
91010925,2016-10-01,0.113,B
90098837,2016-10-01,0.345,D
90987843,2016-10-01,0.245,D
93444915,2016-11-01,0.339,D
91993258,2016-10-01,0.31,D
91171067,2016-10-01,0.16,C
94361517,2016-12-01,0.359,D
93791913,2016-11-01,0.065,A
95377331,2016-12-01,0.043,A
93403679,2016-11-01,0.118,B
92524411,2016-11-01,0.537,E
91434232,2016-11-01,0.467,E
94067810,2016-12-01,0.441,E
93187453,2016-11-01,0.107,B
91524337,2016-11-01,0.361,D
91545132,2016-11-01,0.366,D
95262373,2016-12-01,0.136,B
93532477,2016-11-01,0.256,D
92301163,2016-11-01,0.437,E
94282659,2016-12-01,0.413,E
90916521,2016-10-01,0.127,B
93873086,2016-11-01,0.192,C
94188306,2016-12-01,0.253,D
91523720,2016-10-01,0.166,C
92043180,2016-10-01,0.095,B
93403969,2016-11-01,0.497,E
92523151,2016-11-01,0.314,D
95276377,2016-12-01,0.711,E
94228952,2016-12-01,0.203,C
94069508,2016-12-01,0.572,E
90407180,2016-10-01,0.58,E
90408968,2016-10-01,0.289,D
95228005,2016-12-01,0.357,D
91048987,2016-10-01,0.273,D
91393927,2016-10-01,0.05,A
91763966,2016-10-01,0.146,C
92292197,2016-11-01,0.167,C
91455253,2016-10-01,0.27,D
91177326,2016-10-01,0.213,C
90174350,2016-10-01,0.235,D
93474026,2016-12-01,0.122,B
94128099,2016-12-01,0.535,E
93685770,2016-12-01,0.314,D
92233064,2016-10-01,0.447,E
94248523,2016-11-01,0.165,C
94213789,2016-12-01,0.039,A
91291195,2016-10-01,0.344,D
91050537,2016-10-01,0.437,E
91010994,2016-10-01,0.239,D
91555783,2016-10-01,0.254,D
90876783,2016-10-01,0.185,C
94196660,2016-11-01,0.065,A
91574253,2016-10-01,0.537,E
94127375,2016-12-01,0.371,E
94350903,2016-12-01,0.152,C
91635396,2016-10-01,0.109,B
92747923,2016-11-01,0.085,B
94378585,2016-12-01,0.191,C
93709504,2016-11-01,0.156,C
91634218,2016-10-01,0.201,C
93655915,2016-12-01,0.261,D
94167459,2016-12-01,0.27,D
94626964,2016-12-01,0.368,D
91984629,2016-11-01,0.464,E
91286068,2016-10-01,0.065,A
90826114,2016-10-01,0.156,C
91960447,2016-10-01,0.197,C
91398837,2016-10-01,0.191,C
92829192,2016-11-01,0.16,C
92574692,2016-11-01,0.102,B
91097482,2016-10-01,0.046,A
94418736,2016-12-01,0.41,E
91485918,2016-10-01,0.157,C
92523440,2016-11-01,0.267,D
91167769,2016-10-01,0.342,D
91984624,2016-11-01,0.172,C
92677849,2016-12-01,0.185,C
92535326,2016-11-01,0.223,D
91428356,2016-10-01,0.103,B
91632326,2016-12-01,0.075,A
94546847,2016-12-01,0.283,D
90993087,2016-10-01,0.085,B
91427703,2016-10-01,0.638,E
91161366,2016-10-01,0.153,C
94131192,2016-12-01,0.201,C
93751439,2016-11-01,0.397,E
91159034,2016-10-01,0.46,E
91693239,2016-10-01,0.048,A
91417180,2016-10-01,0.229,D
92597523,2016-11-01,0.328,D
95039450,2016-12-01,0.192,C
91923729,2016-10-01,0.149,C
90915354,2016-10-01,0.384,E
95347447,2016-12-01,0.422,E
93635201,2016-11-01,0.277,D
94013233,2016-11-01,0.245,D
94470270,2016-12-01,0.129,B
95040568,2016-12-01,0.198,C
92807232,2016-12-01,0.214,C
95467668,2016-12-01,0.116,B
91744624,2016-10-01,0.401,E
94164482,2016-12-01,0.466,E
94247152,2016-11-01,0.075,A
91494029,2016-10-01,0.133,B
91477082,2016-10-01,0.186,C
93973092,2016-11-01,0.196,C
90238481,2016-10-01,0.42,E
91162833,2016-11-01,0.153,C
91488241,2016-10-01,0.307,D
90140820,2016-10-01,0.157,C
90571317,2016-10-01,0.144,C
95338730,2016-12-01,0.099,B
93789302,2016-11-01,0.286,D
94442260,2016-12-01,0.21,C
91358570,2016-10-01,0.274,D
91487014,2016-10-01,0.185,C
93959266,2016-11-01,0.231,D
92391379,2016-11-01,0.179,C
95313690,2016-12-01,0.09,B
95007140,2016-12-01,0.196,C
91358951,2016-10-01,0.103,B
91364781,2016-10-01,0.071,A
90707778,2016-10-01,0.151,C
95223063,2016-12-01,0.03,A
92013456,2016-11-01,0.208,C
92241044,2016-11-01,0.183,C
95322239,2016-12-01,0.497,E
92627302,2016-11-01,0.153,C
94086899,2016-12-01,0.187,C
94276701,2016-12-01,0.412,E
96153919,2016-12-01,0.219,D
92074929,2016-11-01,0.18,C
93688926,2016-11-01,0.461,E
93972994,2016-11-01,0.526,E
94458093,2016-12-01,0.584,E
91416879,2016-10-01,0.149,C
95716356,2016-12-01,0.197,C
91061626,2016-10-01,0.105,B
92971115,2016-11-01,0.178,C
94116993,2016-12-01,0.47,E
90521239,2016-10-01,0.321,D
95213337,2016-12-01,0.247,D
95119997,2016-12-01,0.261,D
93685030,2016-11-01,0.285,D
94333487,2016-11-01,0.076,A
94001285,2016-11-01,0.392,E
94007326,2016-11-01,0.252,D
94726632,2016-12-01,0.367,D
92173468,2016-10-01,0.567,E
96173814,2016-12-01,0.145,C
94526669,2016-12-01,0.238,D
94102660,2016-12-01,0.536,E
92597473,2016-11-01,0.155,C
93586452,2016-11-01,0.269,D
90270797,2016-10-01,0.54,E
94626112,2016-12-01,0.154,C
91072901,2016-10-01,0.078,A
91407385,2016-10-01,0.109,B
93108963,2016-11-01,0.041,A
92829705,2016-11-01,0.266,D
94606594,2016-12-01,0.198,C
93157388,2016-11-01,0.244,D
91162972,2016-10-01,0.207,C
91069789,2016-10-01,0.275,D
93643208,2016-12-01,0.152,C
90886472,2016-10-01,0.08,B
91595267,2016-10-01,0.198,C
91632821,2016-10-01,0.367,D
90986346,2016-10-01,0.198,C
95327578,2016-12-01,0.538,E
91307500,2016-10-01,0.272,D
91298291,2016-10-01,0.688,E
95089056,2016-12-01,0.155,C
91028885,2016-10-01,0.124,B
92095552,2016-11-01,0.133,B
88916648,2016-10-01,0.135,B
91295018,2016-10-01,0.217,D
95089775,2016-12-01,0.18,C
93411703,2016-11-01,0.034,A
95922557,2016-12-01,0.287,D
95062361,2016-12-01,0.123,B
93697015,2016-11-01,0.242,D
92185078,2016-11-01,0.24,D
94338181,2016-11-01,0.177,C
91640088,2016-10-01,0.179,C
93739936,2016-12-01,0.358,D
94232398,2016-12-01,0.607,E
92133627,2016-11-01,0.336,D
92065175,2016-11-01,0.353,D
93830015,2016-11-01,0.388,E
91963690,2016-10-01,0.192,C
91030769,2016-10-01,0.613,E
91295996,2016-10-01,0.456,E
90997904,2016-10-01,0.232,D
91280294,2016-10-01,0.185,C
91209935,2016-10-01,0.286,D
92014550,2016-10-01,0.14,C
94156506,2016-12-01,0.474,E
93750411,2016-11-01,0.168,C
92441161,2016-11-01,0.194,C
94411063,2016-12-01,0.07,A
91356506,2016-10-01,0.287,D
95191429,2016-12-01,0.162,C
94085812,2016-11-01,0.248,D
91956321,2016-10-01,0.255,D
93625369,2016-11-01,0.373,E
91575108,2016-10-01,0.14,C
91297901,2016-10-01,0.237,D
93107879,2016-11-01,0.3,D
94240078,2016-12-01,0.168,C
93623409,2016-11-01,0.247,D
94256970,2016-11-01,0.099,B
94085540,2016-12-01,0.144,C
91207974,2016-10-01,0.206,C
91345387,2016-11-01,0.03,A
93502697,2016-11-01,0.585,E
94344822,2016-12-01,0.267,D
94062998,2016-12-01,0.346,D
93863059,2016-11-01,0.22,D
91553302,2016-10-01,0.145,C
91300852,2016-10-01,0.326,D
93780469,2016-11-01,0.17,C
93665697,2016-11-01,0.14,C
92369550,2016-11-01,0.201,C
90990925,2016-10-01,0.629,E
93790958,2016-11-01,0.096,B
94516459,2016-12-01,0.094,B
95319485,2016-12-01,0.291,D
95356823,2016-12-01,0.192,C
94109854,2016-12-01,0.088,B
91341071,2016-10-01,0.476,E
91628145,2016-10-01,0.392,E
91629726,2016-10-01,0.408,E
93105598,2016-12-01,0.121,B
91052694,2016-10-01,0.064,A
92400544,2016-11-01,0.221,D
91182559,2016-10-01,0.134,B
91704026,2016-10-01,0.196,C
93739909,2016-11-01,0.217,D
92261387,2016-11-01,0.231,D
92699464,2016-11-01,0.083,B
94175919,2016-11-01,0.236,D
91053030,2016-10-01,0.446,E
92757755,2016-11-01,0.16,C
91098755,2016-10-01,0.243,D
91949902,2016-11-01,0.446,E
91913566,2016-10-01,0.32,D
92043215,2016-11-01,0.101,B
91179814,2016-10-01,0.177,C
95261955,2016-12-01,0.16,C
90991949,2016-10-01,0.038,A
90055606,2016-10-01,0.348,D
93207998,2016-11-01,0.165,C
93227692,2016-11-01,0.373,E
95021368,2016-12-01,0.101,B
91406930,2016-11-01,0.097,B
92962016,2016-11-01,0.444,E
91346652,2016-10-01,0.091,B
93390658,2016-11-01,0.287,D
93870460,2016-11-01,0.127,B
94221959,2016-12-01,0.303,D
92114738,2016-10-01,0.035,A
94744241,2016-12-01,0.114,B
93197444,2016-11-01,0.315,D
91191740,2016-10-01,0.135,B
91294357,2016-10-01,0.312,D
91733134,2016-10-01,0.111,B
95705311,2016-12-01,0.183,C
93686655,2016-11-01,0.312,D
91536335,2016-10-01,0.114,B
91219816,2016-10-01,0.111,B
91227289,2016-10-01,0.187,C
93841673,2016-11-01,0.257,D
93687608,2016-12-01,0.424,E
95128373,2016-12-01,0.202,C
94465495,2016-12-01,0.394,E
91793638,2016-10-01,0.624,E
90826689,2016-10-01,0.305,D
93809969,2016-11-01,0.52,E
94270193,2016-12-01,0.542,E
92125405,2016-11-01,0.479,E
93850526,2016-12-01,0.333,D
94109074,2016-12-01,0.405,E
94744453,2016-12-01,0.156,C
92677653,2016-11-01,0.153,C
94036008,2016-12-01,0.304,D
92561393,2016-11-01,0.151,C
91733530,2016-10-01,0.199,C
94448249,2016-12-01,0.163,C
91670467,2016-10-01,0.068,A
93998264,2016-11-01,0.564,E
90571609,2016-10-01,0.115,B
95180265,2016-12-01,0.422,E
94199826,2016-12-01,0.148,C
92310213,2016-11-01,0.033,A
94362950,2016-11-01,0.123,B
92439658,2016-11-01,0.364,D
92515570,2016-11-01,0.43,E
91615262,2016-10-01,0.075,A
93762653,2016-11-01,0.232,D
91302743,2016-10-01,0.137,C
91443593,2016-10-01,0.122,B
95128508,2016-12-01,0.242,D
91645210,2016-10-01,0.183,C
94275458,2016-12-01,0.087,B
95022566,2016-12-01,0.133,B
95021195,2016-12-01,0.139,C
91974371,2016-11-01,0.245,D
92248028,2016-11-01,0.168,C
91486563,2016-10-01,0.074,A
95170830,2016-12-01,0.113,B
95198121,2016-12-01,0.212,C
93542236,2016-11-01,0.221,D
91714127,2016-10-01,0.408,E
91563136,2016-11-01,0.125,B
91691112,2016-11-01,0.611,E
92708225,2016-11-01,0.629,E
91180059,2016-10-01,0.147,C
95161679,2016-12-01,0.139,C
94438101,2016-12-01,0.278,D
95133102,2016-12-01,0.065,A
92176048,2016-11-01,0.249,D
95358687,2016-12-01,0.21,C
93563946,2016-12-01,0.74,E
95058719,2016-12-01,0.432,E
91001344,2016-10-01,0.296,D
95022891,2016-12-01,0.125,B
92460248,2016-11-01,0.233,D
91587322,2016-10-01,0.045,A
91993961,2016-10-01,0.213,C
95240376,2016-12-01,0.256,D
92607376,2016-11-01,0.103,B
91041182,2016-11-01,0.234,D
93134975,2016-11-01,0.298,D
93741073,2016-11-01,0.136,B
94148139,2016-12-01,0.293,D
94230483,2016-12-01,0.39,E
91515276,2016-10-01,0.059,A
92831895,2016-11-01,0.2,C
92114183,2016-10-01,0.107,B
90621175,2016-10-01,0.151,C
92608490,2016-11-01,0.253,D
95232350,2016-12-01,0.277,D
95607337,2016-12-01,0.323,D
91714458,2016-10-01,0.063,A
91417924,2016-10-01,0.189,C
91433718,2016-10-01,0.173,C
95236801,2016-12-01,0.226,D
93869659,2016-11-01,0.261,D
94209427,2016-12-01,0.265,D
92085147,2016-10-01,0.26,D
95258625,2016-12-01,0.204,C
94392711,2016-12-01,0.245,D
91744251,2016-10-01,0.382,E
94274088,2016-12-01,0.12,B
94410197,2016-12-01,0.136,B
93585708,2016-12-01,0.366,D
95277783,2016-12-01,0.06,A
92241178,2016-10-01,0.319,D
94821279,2016-12-01,0.112,B
94352185,2016-12-01,0.281,D
93248241,2016-11-01,0.055,A
94118904,2016-11-01,0.109,B
91444159,2016-10-01,0.242,D
91413576,2016-10-01,0.24,D
92232225,2016-11-01,0.174,C
91189381,2016-10-01,0.376,E
93959740,2016-11-01,0.074,A
92668642,2016-12-01,0.064,A
90986979,2016-10-01,0.25,D
94149638,2016-12-01,0.141,C
93108084,2016-11-01,0.119,B
94078267,2016-12-01,0.296,D
90388261,2016-10-01,0.167,C
91824584,2016-10-01,0.149,C
95313447,2016-12-01,0.097,B
95120810,2016-12-01,0.153,C
91436489,2016-11-01,0.695,E
94129351,2016-12-01,0.086,B
92309316,2016-11-01,0.147,C
95001842,2016-12-01,0.317,D
94157597,2016-12-01,0.259,D
91634451,2016-10-01,0.062,A
91684322,2016-10-01,0.118,B
94007268,2016-11-01,0.319,D
91300974,2016-10-01,0.041,A
94280739,2016-12-01,0.192,C
92279120,2016-11-01,0.146,C
92480221,2016-11-01,0.27,D
90152294,2016-10-01,0.182,C
91181560,2016-10-01,0.258,D
92841132,2016-11-01,0.123,B
93602637,2016-11-01,0.401,E
92065518,2016-11-01,0.545,E
92840261,2016-11-01,0.227,D
92243138,2016-11-01,0.188,C
93633453,2016-11-01,0.175,C
94046472,2016-11-01,0.225,D
91617671,2016-10-01,0.249,D
92971682,2016-11-01,0.214,C
91111412,2016-10-01,0.164,C
94160743,2016-12-01,0.119,B
92339442,2016-10-01,0.245,D
94022959,2016-11-01,0.182,C
91793154,2016-10-01,0.131,B
91975307,2016-11-01,0.081,B
93738483,2016-12-01,0.343,D
91946569,2016-10-01,0.41,E
93879474,2016-12-01,0.294,D
90148862,2016-10-01,0.262,D
95371122,2016-12-01,0.091,B
92075643,2016-10-01,0.158,C
91301274,2016-11-01,0.093,B
93997205,2016-12-01,0.079,A
94363143,2016-12-01,0.206,C
94149558,2016-12-01,0.451,E
91685908,2016-11-01,0.691,E
90611395,2016-10-01,0.152,C
93685302,2016-12-01,0.105,B
92842236,2016-12-01,0.373,E
94138703,2016-11-01,0.161,C
89829217,2016-10-01,0.216,C
71088744,2016-12-01,0.108,B
93662652,2016-11-01,0.306,D
91304821,2016-10-01,0.346,D
94188674,2016-12-01,0.11,B
95876350,2016-12-01,0.12,B
91207245,2016-10-01,0.172,C
92243256,2016-10-01,0.055,A
93494559,2016-11-01,0.287,D
91047958,2016-10-01,0.46,E
93993702,2016-11-01,0.163,C
90135333,2016-10-01,0.299,D
95183483,2016-12-01,0.294,D
93740931,2016-11-01,0.134,B
94307196,2016-12-01,0.361,D
90264461,2016-10-01,0.077,A
92589359,2016-11-01,0.245,D
91864047,2016-10-01,0.356,D
91407108,2016-10-01,0.155,C
91904380,2016-10-01,0.111,B
92767490,2016-11-01,0.135,B
91150108,2016-10-01,0.17,C
93672797,2016-11-01,0.073,A
95577652,2016-12-01,0.095,B
92225432,2016-10-01,0.373,E
92698216,2016-11-01,0.082,B
93652215,2016-11-01,0.161,C
95021454,2016-12-01,0.199,C
94443610,2016-12-01,0.169,C
93998156,2016-11-01,0.028,A
91010403,2016-10-01,0.065,A
91467711,2016-10-01,0.268,D
91723304,2016-10-01,0.164,C
91654195,2016-10-01,0.439,E
92054465,2016-10-01,0.474,E
93890288,2016-11-01,0.058,A
91404225,2016-10-01,0.2,C
95885533,2016-12-01,0.26,D
93584648,2016-11-01,0.393,E
91564475,2016-10-01,0.19,C
92533699,2016-11-01,0.257,D
95148754,2016-12-01,0.195,C
91142262,2016-10-01,0.089,B
91629534,2016-10-01,0.107,B
93604342,2016-12-01,0.479,E
91142271,2016-10-01,0.33,D
93763290,2016-12-01,0.417,E
89785039,2016-10-01,0.263,D
96124203,2016-12-01,0.235,D
91294539,2016-10-01,0.171,C
90698463,2016-10-01,0.424,E
92247916,2016-11-01,0.256,D
91367697,2016-11-01,0.08,B
95836096,2016-12-01,0.497,E
94009837,2016-11-01,0.063,A
93622136,2016-11-01,0.149,C
91182025,2016-10-01,0.164,C
90471535,2016-10-01,0.434,E
93749715,2016-11-01,0.044,A
94035156,2016-11-01,0.119,B
95227035,2016-12-01,0.259,D
95274441,2016-12-01,0.075,A
94744438,2016-12-01,0.128,B
92778124,2016-11-01,0.198,C
91995460,2016-11-01,0.263,D
91548027,2016-11-01,0.31,D
94285117,2016-12-01,0.217,D
91312344,2016-10-01,0.253,D
93750582,2016-11-01,0.242,D
93942911,2016-11-01,0.135,B
91975341,2016-11-01,0.161,C
93483734,2016-12-01,0.416,E
94449753,2016-12-01,0.492,E
94289153,2016-12-01,0.095,B
93703613,2016-11-01,0.306,D
95066624,2016-12-01,0.484,E
95139122,2016-12-01,0.157,C
94101947,2016-12-01,0.277,D
91092298,2016-10-01,0.145,C
93461334,2016-11-01,0.196,C
93973295,2016-11-01,0.134,B
92647199,2016-11-01,0.237,D
94330572,2016-12-01,0.107,B
93982209,2016-12-01,0.166,C
93133302,2016-12-01,0.547,E
92135111,2016-10-01,0.28,D
91254901,2016-10-01,0.095,B
94271262,2016-12-01,0.181,C
93542671,2016-11-01,0.35,D
91518980,2016-11-01,0.271,D
95347751,2016-12-01,0.4,E
92135135,2016-10-01,0.307,D
91473995,2016-10-01,0.118,B
95258932,2016-12-01,0.258,D
92219403,2016-10-01,0.086,B
93711676,2016-11-01,0.18,C
92164974,2016-11-01,0.218,D
91643657,2016-10-01,0.339,D
91049082,2016-10-01,0.202,C
93822988,2016-11-01,0.077,A
92084042,2016-10-01,0.334,D
95323616,2016-12-01,0.272,D
95149363,2016-12-01,0.738,E
95126679,2016-12-01,0.118,B
95070548,2016-12-01,0.309,D
91000541,2016-10-01,0.087,B
93654019,2016-11-01,0.31,D
93453756,2016-12-01,0.097,B
93197957,2016-11-01,0.206,C
94010024,2016-11-01,0.06,A
92737416,2016-11-01,0.428,E
91374838,2016-10-01,0.244,D
94208734,2016-11-01,0.147,C
93462553,2016-11-01,0.252,D
92648482,2016-11-01,0.214,C
94061956,2016-12-01,0.128,B
95126364,2016-12-01,0.073,A
92145716,2016-11-01,0.639,E
95343808,2016-12-01,0.483,E
91284631,2016-10-01,0.25,D
92319262,2016-11-01,0.151,C
93197844,2016-11-01,0.078,A
91473770,2016-10-01,0.195,C
93493583,2016-11-01,0.049,A
93693594,2016-12-01,0.318,D
90461762,2016-10-01,0.081,B
95259367,2016-12-01,0.501,E
93484497,2016-11-01,0.084,B
92460675,2016-11-01,0.569,E
90321671,2016-10-01,0.188,C
94282604,2016-12-01,0.415,E
94080300,2016-12-01,0.211,C
91594116,2016-10-01,0.065,A
92836378,2016-11-01,0.121,B
95028869,2016-12-01,0.319,D
91678759,2016-12-01,0.21,C
94249412,2016-12-01,0.41,E
95315322,2016-12-01,0.314,D
95296811,2016-12-01,0.342,D
93695598,2016-11-01,0.122,B
90237426,2016-10-01,0.249,D
91232982,2016-10-01,0.258,D
91503553,2016-10-01,0.214,C
92135298,2016-11-01,0.126,B
94159730,2016-12-01,0.046,A
92942212,2016-11-01,0.144,C
93032508,2016-11-01,0.066,A
91152238,2016-11-01,0.159,C
91555820,2016-11-01,0.141,C
93852139,2016-12-01,0.089,B
93770604,2016-12-01,0.694,E
91312256,2016-10-01,0.384,E
94285825,2016-11-01,0.062,A
91231963,2016-10-01,0.235,D
92055000,2016-10-01,0.101,B
95238327,2016-12-01,0.245,D
93949742,2016-11-01,0.271,D
91354589,2016-10-01,0.129,B
93022305,2016-11-01,0.154,C
91384240,2016-10-01,0.154,C
91198160,2016-10-01,0.17,C
95159524,2016-12-01,0.378,E
95292811,2016-12-01,0.083,B
91632518,2016-11-01,0.085,B
91348056,2016-10-01,0.174,C
91984857,2016-11-01,0.075,A
92248872,2016-11-01,0.289,D
91692536,2016-10-01,0.203,C
90414381,2016-10-01,0.164,C
90061067,2016-10-01,0.148,C
93912083,2016-11-01,0.209,C
92460239,2016-11-01,0.639,E
92134265,2016-10-01,0.118,B
92113723,2016-10-01,0.042,A
95324913,2016-12-01,0.122,B
93031579,2016-11-01,0.292,D
93178025,2016-11-01,0.49,E
91658197,2016-10-01,0.165,C
91517873,2016-10-01,0.197,C
92759341,2016-11-01,0.066,A
95182454,2016-12-01,0.28,D
92237246,2016-11-01,0.246,D
94341977,2016-11-01,0.165,C
92134342,2016-10-01,0.152,C
95068245,2016-12-01,0.163,C
95351903,2016-12-01,0.158,C
95246144,2016-12-01,0.222,D
91961856,2016-10-01,0.258,D
91651091,2016-10-01,0.125,B
94626213,2016-12-01,0.262,D
94327895,2016-11-01,0.062,A
94132935,2016-12-01,0.11,B
92574885,2016-11-01,0.177,C
95317516,2016-12-01,0.36,D
92577329,2016-11-01,0.212,C
92589250,2016-11-01,0.453,E
93328352,2016-11-01,0.506,E
93525094,2016-11-01,0.621,E
95333116,2016-12-01,0.362,D
92490547,2016-11-01,0.494,E
90865416,2016-10-01,0.617,E
93872159,2016-12-01,0.425,E
95296223,2016-12-01,0.132,B
92981266,2016-11-01,0.208,C
91278056,2016-10-01,0.036,A
91814095,2016-10-01,0.646,E
94237726,2016-11-01,0.313,D
93843057,2016-12-01,0.371,E
94750747,2016-12-01,0.457,E
92749197,2016-11-01,0.122,B
92260897,2016-11-01,0.099,B
90895540,2016-10-01,0.198,C
91685589,2016-11-01,0.166,C
94382616,2016-12-01,0.182,C
92084743,2016-11-01,0.425,E
91803534,2016-10-01,0.151,C
93811410,2016-12-01,0.153,C
94457609,2016-12-01,0.336,D
91960005,2016-10-01,0.279,D
90392915,2016-10-01,0.299,D
91356563,2016-10-01,0.071,A
95148926,2016-12-01,0.113,B
89989389,2016-10-01,0.077,A
95080818,2016-12-01,0.259,D
94100560,2016-12-01,0.358,D
94206208,2016-11-01,0.101,B
93831040,2016-12-01,0.509,E
94360158,2016-12-01,0.143,C
94139467,2016-12-01,0.23,D
93831159,2016-11-01,0.289,D
92246293,2016-11-01,0.127,B
94152512,2016-12-01,0.524,E
94414362,2016-12-01,0.219,D
94103458,2016-12-01,0.417,E
91291625,2016-10-01,0.469,E
94293801,2016-12-01,0.18,C
90181902,2016-10-01,0.221,D
91973224,2016-10-01,0.244,D
91131628,2016-10-01,0.349,D
94269067,2016-12-01,0.293,D
91873335,2016-10-01,0.177,C
93115648,2016-11-01,0.608,E
92409492,2016-11-01,0.064,A
91833549,2016-10-01,0.514,E
94223084,2016-12-01,0.185,C
92124538,2016-11-01,0.249,D
95008796,2016-12-01,0.194,C
95377207,2016-12-01,0.123,B
92849024,2016-11-01,0.428,E
95018252,2016-12-01,0.44,E
91417683,2016-10-01,0.351,D
94135471,2016-12-01,0.495,E
94237358,2016-12-01,0.437,E
95183824,2016-12-01,0.132,B
92023425,2016-11-01,0.146,C
94045498,2016-12-01,0.235,D
94666710,2016-12-01,0.133,B
95206909,2016-12-01,0.221,D
94013168,2016-11-01,0.469,E
94438002,2016-12-01,0.187,C
91286292,2016-10-01,0.094,B
92629127,2016-11-01,0.48,E
94861423,2016-12-01,0.4,E
92203305,2016-10-01,0.241,D
91733805,2016-10-01,0.127,B
91689419,2016-10-01,0.139,C
95004486,2016-12-01,0.36,D
95815653,2016-12-01,0.081,B
91002514,2016-10-01,0.648,E
93789418,2016-11-01,0.469,E
93462591,2016-11-01,0.213,C
94029454,2016-11-01,0.528,E
57296591,2016-12-01,0.269,D
92852105,2016-11-01,0.35,D
94009732,2016-11-01,0.316,D
94375519,2016-12-01,0.278,D
93412205,2016-11-01,0.526,E
91373700,2016-10-01,0.246,D
93665159,2016-12-01,0.282,D
90736757,2016-10-01,0.1,B
95060977,2016-12-01,0.355,D
91545213,2016-10-01,0.477,E
92537812,2016-11-01,0.347,D
91455103,2016-10-01,0.109,B
94222796,2016-12-01,0.201,C
89805916,2016-10-01,0.164,C
92005025,2016-11-01,0.178,C
94461354,2016-12-01,0.465,E
92728476,2016-11-01,0.25,D
91182188,2016-10-01,0.078,A
92571032,2016-11-01,0.319,D
94291504,2016-12-01,0.114,B
91042339,2016-10-01,0.07,A
92262191,2016-11-01,0.114,B
94108485,2016-12-01,0.102,B
93675539,2016-11-01,0.489,E
92025428,2016-11-01,0.575,E
94181652,2016-12-01,0.233,D
94468330,2016-12-01,0.197,C
91733371,2016-12-01,0.111,B
95002347,2016-12-01,0.651,E
93177682,2016-11-01,0.081,B
94287238,2016-11-01,0.292,D
94556685,2016-12-01,0.119,B
94103581,2016-12-01,0.255,D
93279796,2016-12-01,0.651,E
93545407,2016-12-01,0.646,E
93701882,2016-11-01,0.102,B
94354938,2016-12-01,0.676,E
94283536,2016-12-01,0.093,B
91486027,2016-10-01,0.119,B
91613082,2016-11-01,0.4,E
94433734,2016-12-01,0.368,D
95334976,2016-12-01,0.248,D
93769587,2016-11-01,0.163,C
92739505,2016-11-01,0.127,B
94463477,2016-12-01,0.412,E
92564085,2016-11-01,0.11,B
95151298,2016-12-01,0.301,D
94249920,2016-12-01,0.573,E
91278121,2016-10-01,0.232,D
91041653,2016-10-01,0.526,E
91385094,2016-10-01,0.257,D
91092547,2016-11-01,0.097,B
93207299,2016-11-01,0.316,D
91306115,2016-10-01,0.296,D
91434197,2016-10-01,0.022,A
95885508,2016-12-01,0.157,C
93378367,2016-11-01,0.101,B
91483519,2016-10-01,0.199,C
92174473,2016-11-01,0.193,C
93674720,2016-11-01,0.266,D
94120047,2016-12-01,0.241,D
94410141,2016-12-01,0.048,A
92125592,2016-11-01,0.207,C
91251466,2016-10-01,0.037,A
93839719,2016-11-01,0.079,B
94394405,2016-12-01,0.1,B
92214001,2016-10-01,0.209,C
92238421,2016-10-01,0.311,D
91523746,2016-10-01,0.058,A
92828955,2016-11-01,0.407,E
91158615,2016-10-01,0.757,E
93811543,2016-12-01,0.165,C
93749815,2016-11-01,0.191,C
95267115,2016-12-01,0.591,E
91456030,2016-10-01,0.041,A
91289686,2016-10-01,0.204,C
93575821,2016-11-01,0.629,E
91171544,2016-10-01,0.202,C
94337462,2016-11-01,0.229,D
92667702,2016-11-01,0.372,E
92728536,2016-11-01,0.246,D
92573465,2016-11-01,0.125,B
90726223,2016-10-01,0.267,D
93552467,2016-11-01,0.172,C
94397712,2016-12-01,0.208,C
93616359,2016-11-01,0.261,D
91089727,2016-10-01,0.235,D
91232408,2016-10-01,0.328,D
93655395,2016-11-01,0.179,C
90438235,2016-10-01,0.06,A
94075339,2016-11-01,0.081,B
92115332,2016-10-01,0.287,D
94011452,2016-12-01,0.149,C
91681295,2016-10-01,0.121,B
94112983,2016-12-01,0.172,C
94139186,2016-12-01,0.078,A
94226027,2016-11-01,0.198,C
91424393,2016-10-01,0.248,D
95933594,2016-12-01,0.561,E
90806679,2016-10-01,0.344,D
91413153,2016-11-01,0.143,C
90177823,2016-10-01,0.216,C
91121647,2016-10-01,0.201,C
93983000,2016-11-01,0.242,D
95289955,2016-12-01,0.045,A
91112668,2016-10-01,0.22,D
91254498,2016-10-01,0.283,D
93980646,2016-11-01,0.355,D
94136503,2016-12-01,0.365,D
91053024,2016-10-01,0.267,D
91367348,2016-10-01,0.131,B
94185946,2016-12-01,0.562,E
93107845,2016-12-01,0.159,C
91368280,2016-10-01,0.2,C
91129826,2016-10-01,0.226,D
93989590,2016-12-01,0.398,E
91514208,2016-10-01,0.059,A
90721927,2016-10-01,0.128,B
93909310,2016-11-01,0.154,C
92638336,2016-11-01,0.349,D
94437579,2016-12-01,0.231,D
92262109,2016-11-01,0.166,C
91677554,2016-11-01,0.391,E
91958321,2016-10-01,0.52,E
90985514,2016-10-01,0.113,B
93902421,2016-11-01,0.226,D
94901133,2016-12-01,0.271,D
93780013,2016-11-01,0.411,E
94026639,2016-12-01,0.146,C
93108269,2016-11-01,0.121,B
95929367,2016-12-01,0.333,D
94066810,2016-12-01,0.074,A
93751285,2016-11-01,0.049,A
95248628,2016-12-01,0.041,A
95158384,2016-12-01,0.213,C
93851749,2016-11-01,0.212,C
94726751,2016-12-01,0.137,C
63498003,2016-12-01,0.185,C
92309856,2016-11-01,0.233,D
93452417,2016-11-01,0.291,D
93492873,2016-12-01,0.329,D
95324595,2016-12-01,0.133,B
93690053,2016-11-01,0.069,A
94771164,2016-12-01,0.677,E
91398835,2016-10-01,0.266,D
91444490,2016-10-01,0.098,B
91577353,2016-10-01,0.186,C
91110955,2016-10-01,0.328,D
91473926,2016-11-01,0.117,B
95233226,2016-12-01,0.097,B
91333436,2016-10-01,0.339,D
93829703,2016-12-01,0.252,D
93860573,2016-11-01,0.392,E
91962130,2016-10-01,0.166,C
92628208,2016-11-01,0.182,C
93779943,2016-12-01,0.254,D
94203375,2016-12-01,0.372,E
93403204,2016-12-01,0.358,D
91873782,2016-11-01,0.557,E
94059947,2016-12-01,0.217,D
90826489,2016-10-01,0.372,E
94443765,2016-12-01,0.109,B
94164404,2016-12-01,0.075,A
91277883,2016-10-01,0.201,C
91485084,2016-10-01,0.137,C
94032465,2016-12-01,0.188,C
93972730,2016-12-01,0.377,E
92223777,2016-11-01,0.508,E
93872714,2016-12-01,0.18,C
91121933,2016-10-01,0.128,B
95655099,2016-12-01,0.36,D
94011257,2016-11-01,0.342,D
88819932,2016-10-01,0.121,B
94411885,2016-12-01,0.604,E
94556847,2016-12-01,0.4,E
91544238,2016-11-01,0.122,B
95933890,2016-12-01,0.315,D
91669648,2016-11-01,0.428,E
93555695,2016-11-01,0.098,B
93287948,2016-11-01,0.289,D
95933978,2016-12-01,0.534,E
94182182,2016-12-01,0.234,D
91668501,2016-10-01,0.192,C
92523056,2016-11-01,0.123,B
95352975,2016-12-01,0.221,D
94107515,2016-12-01,0.277,D
94140661,2016-12-01,0.467,E
91077473,2016-10-01,0.451,E
91010287,2016-10-01,0.167,C
94748481,2016-12-01,0.07,A
91676939,2016-10-01,0.189,C
91609554,2016-10-01,0.412,E
92514130,2016-11-01,0.155,C
92399797,2016-11-01,0.19,C
94007277,2016-12-01,0.201,C
94057308,2016-12-01,0.214,C
92833513,2016-11-01,0.245,D
92738953,2016-11-01,0.105,B
95188030,2016-12-01,0.166,C
91099346,2016-10-01,0.083,B
90056192,2016-10-01,0.251,D
91685823,2016-10-01,0.212,C
92033369,2016-11-01,0.19,C
92470890,2016-11-01,0.255,D
92237657,2016-10-01,0.169,C
91973688,2016-10-01,0.074,A
93483474,2016-11-01,0.207,C
92217912,2016-10-01,0.178,C
94252217,2016-12-01,0.051,A
92861718,2016-11-01,0.183,C
93553546,2016-11-01,0.155,C
91635911,2016-10-01,0.398,E
90724155,2016-10-01,0.408,E
95666160,2016-12-01,0.296,D
91179930,2016-10-01,0.289,D
95318689,2016-12-01,0.198,C
93922362,2016-11-01,0.168,C
93981364,2016-11-01,0.105,B
93674768,2016-11-01,0.161,C
94136931,2016-11-01,0.116,B
90186015,2016-10-01,0.092,B
91659188,2016-11-01,0.17,C
92818052,2016-11-01,0.373,E
95168331,2016-12-01,0.046,A
94348167,2016-12-01,0.078,A
94092487,2016-12-01,0.275,D
91641580,2016-10-01,0.546,E
95002063,2016-12-01,0.124,B
94060515,2016-12-01,0.54,E
93041328,2016-11-01,0.134,B
94268146,2016-12-01,0.113,B
90501847,2016-10-01,0.375,E
91029006,2016-10-01,0.04,A
93995018,2016-11-01,0.237,D
93890769,2016-11-01,0.122,B
93704747,2016-11-01,0.067,A
91367043,2016-10-01,0.599,E
94381276,2016-12-01,0.558,E
95359457,2016-12-01,0.251,D
91427001,2016-10-01,0.104,B
91507111,2016-10-01,0.239,D
93721509,2016-12-01,0.302,D
93708572,2016-11-01,0.073,A
90290311,2016-10-01,0.28,D
93860448,2016-11-01,0.392,E
93722247,2016-12-01,0.458,E
92578436,2016-11-01,0.248,D
92441349,2016-11-01,0.561,E
95278158,2016-12-01,0.074,A
91301178,2016-10-01,0.085,B
92064815,2016-10-01,0.264,D
93811934,2016-11-01,0.35,D
93970047,2016-11-01,0.337,D
95138529,2016-12-01,0.056,A
91148737,2016-10-01,0.401,E
92971844,2016-11-01,0.209,C
94143074,2016-12-01,0.18,C
94380875,2016-12-01,0.621,E
93930562,2016-12-01,0.66,E
95915417,2016-12-01,0.057,A
92270706,2016-11-01,0.216,C
92261115,2016-11-01,0.193,C
92737986,2016-11-01,0.49,E
93922464,2016-11-01,0.572,E
90896999,2016-10-01,0.211,C
91338549,2016-10-01,0.204,C
91153299,2016-10-01,0.256,D
93881952,2016-11-01,0.678,E
90986495,2016-10-01,0.648,E
93701806,2016-11-01,0.498,E
93032529,2016-12-01,0.339,D
90906343,2016-10-01,0.414,E
94467793,2016-12-01,0.062,A
91984018,2016-11-01,0.124,B
91132359,2016-10-01,0.14,C
92525818,2016-11-01,0.267,D
94000775,2016-12-01,0.092,B
92013202,2016-11-01,0.137,C
92831497,2016-11-01,0.522,E
91615686,2016-10-01,0.044,A
90816767,2016-10-01,0.197,C
95102309,2016-12-01,0.213,C
95665532,2016-12-01,0.149,C
92400040,2016-11-01,0.155,C
91197959,2016-10-01,0.413,E
94185244,2016-11-01,0.243,D
93434734,2016-11-01,0.194,C
92560173,2016-11-01,0.143,C
91413567,2016-10-01,0.28,D
93307912,2016-11-01,0.179,C
95203313,2016-12-01,0.245,D
91281309,2016-10-01,0.234,D
93158094,2016-11-01,0.08,B
91416761,2016-10-01,0.124,B
92442080,2016-11-01,0.084,B
94131340,2016-12-01,0.281,D
93137501,2016-11-01,0.533,E
93830335,2016-11-01,0.382,E
93714403,2016-11-01,0.063,A
91404087,2016-10-01,0.659,E
93979521,2016-11-01,0.691,E
95241991,2016-12-01,0.17,C
94296105,2016-11-01,0.186,C
94066520,2016-11-01,0.082,B
91141573,2016-10-01,0.313,D
91517167,2016-10-01,0.136,B
92014041,2016-10-01,0.571,E
95374214,2016-12-01,0.382,E
90269620,2016-10-01,0.154,C
93101730,2016-11-01,0.412,E
91948924,2016-10-01,0.118,B
91689866,2016-10-01,0.078,A
92543961,2016-11-01,0.244,D
93485086,2016-11-01,0.488,E
91584398,2016-10-01,0.343,D
92349432,2016-11-01,0.306,D
90230621,2016-10-01,0.162,C
95905469,2016-12-01,0.535,E
94272344,2016-12-01,0.182,C
93696682,2016-12-01,0.562,E
90207544,2016-10-01,0.035,A
96173545,2016-12-01,0.073,A
90385641,2016-10-01,0.194,C
95358336,2016-12-01,0.104,B
93653140,2016-11-01,0.158,C
93664940,2016-11-01,0.066,A
91406506,2016-10-01,0.389,E
94381749,2016-12-01,0.114,B
93524190,2016-11-01,0.569,E
93564842,2016-11-01,0.107,B
94445420,2016-12-01,0.17,C
91463127,2016-10-01,0.084,B
91547276,2016-11-01,0.244,D
93247733,2016-11-01,0.227,D
91523696,2016-10-01,0.247,D
91121292,2016-10-01,0.5,E
91363528,2016-10-01,0.119,B
91465388,2016-10-01,0.067,A
93710414,2016-11-01,0.042,A
94447817,2016-12-01,0.372,E
92678737,2016-11-01,0.153,C
91142127,2016-11-01,0.094,B
92153252,2016-11-01,0.383,E
92844559,2016-11-01,0.065,A
92758446,2016-11-01,0.113,B
95062581,2016-12-01,0.283,D
95845314,2016-12-01,0.427,E
94168326,2016-11-01,0.37,E
91191673,2016-10-01,0.032,A
92564058,2016-11-01,0.063,A
92135684,2016-11-01,0.262,D
92574091,2016-11-01,0.418,E
93106161,2016-11-01,0.281,D
92718272,2016-11-01,0.168,C
91388181,2016-10-01,0.216,D
94436047,2016-12-01,0.566,E
91535560,2016-10-01,0.313,D
94461121,2016-12-01,0.383,E
91127534,2016-10-01,0.338,D
93879175,2016-11-01,0.142,C
93523261,2016-11-01,0.286,D
90816465,2016-10-01,0.365,D
91011684,2016-10-01,0.579,E
92525713,2016-11-01,0.465,E
93368798,2016-11-01,0.079,B
91733790,2016-10-01,0.285,D
91062101,2016-10-01,0.353,D
90267391,2016-10-01,0.094,B
93157284,2016-11-01,0.213,C
91443699,2016-11-01,0.047,A
91138117,2016-11-01,0.1,B
90707173,2016-10-01,0.411,E
90721269,2016-10-01,0.344,D
91173204,2016-10-01,0.183,C
95151626,2016-12-01,0.215,C
91251649,2016-10-01,0.153,C
91593305,2016-10-01,0.116,B
90988453,2016-10-01,0.083,B
94118308,2016-12-01,0.123,B
90925946,2016-10-01,0.207,C
91304588,2016-10-01,0.084,B
91404095,2016-10-01,0.19,C
95149107,2016-12-01,0.169,C
95002482,2016-12-01,0.204,C
91241877,2016-10-01,0.13,B
94083344,2016-12-01,0.228,D
91985025,2016-11-01,0.273,D
91354081,2016-10-01,0.362,D
93535339,2016-11-01,0.282,D
91946878,2016-10-01,0.418,E
91923971,2016-10-01,0.372,E
92236029,2016-10-01,0.052,A
94418262,2016-12-01,0.071,A
94139728,2016-12-01,0.187,C
92331403,2016-11-01,0.221,D
91427131,2016-10-01,0.211,C
91640793,2016-10-01,0.437,E
92991894,2016-11-01,0.166,C
93929419,2016-11-01,0.385,E
95725140,2016-12-01,0.187,C
91353796,2016-10-01,0.088,B
91161568,2016-10-01,0.077,A
93700973,2016-11-01,0.239,D
91190392,2016-10-01,0.536,E
91298592,2016-10-01,0.261,D
91427815,2016-11-01,0.225,D
95329386,2016-12-01,0.135,B
90265158,2016-10-01,0.459,E
91678001,2016-10-01,0.115,B
92144062,2016-10-01,0.29,D
95179213,2016-12-01,0.282,D
94145335,2016-12-01,0.327,D
93981929,2016-11-01,0.568,E
93889627,2016-11-01,0.283,D
94286480,2016-11-01,0.703,E
91555517,2016-10-01,0.321,D
91228855,2016-10-01,0.276,D
95010507,2016-12-01,0.055,A
94019817,2016-11-01,0.399,E
94177030,2016-11-01,0.061,A
92524919,2016-12-01,0.191,C
91495363,2016-10-01,0.227,D
92492132,2016-11-01,0.278,D
94616701,2016-12-01,0.25,D
94444902,2016-12-01,0.345,D
95320803,2016-12-01,0.062,A
92492114,2016-11-01,0.111,B
93413064,2016-11-01,0.361,D
90995278,2016-10-01,0.265,D
95557571,2016-12-01,0.111,B
93525945,2016-11-01,0.105,B
91354239,2016-10-01,0.245,D
92174069,2016-12-01,0.209,C
91118030,2016-10-01,0.28,D
95330030,2016-12-01,0.256,D
95138153,2016-12-01,0.056,A
94364870,2016-12-01,0.1,B
93791870,2016-11-01,0.173,C
92577442,2016-11-01,0.227,D
95090485,2016-12-01,0.411,E
93602981,2016-11-01,0.477,E
91575683,2016-10-01,0.08,B
92223872,2016-10-01,0.262,D
93546608,2016-11-01,0.271,D
95417326,2016-12-01,0.69,E
95157175,2016-12-01,0.233,D
95049798,2016-12-01,0.149,C
93655296,2016-11-01,0.136,C
91041338,2016-10-01,0.237,D
92054139,2016-11-01,0.351,D
95173198,2016-12-01,0.063,A
92971868,2016-11-01,0.134,B
95375540,2016-12-01,0.255,D
92707910,2016-11-01,0.305,D
94303239,2016-12-01,0.075,A
92225689,2016-10-01,0.487,E
94083474,2016-12-01,0.106,B
93197286,2016-11-01,0.16,C
94145552,2016-12-01,0.221,D
95108561,2016-12-01,0.1,B
96143773,2016-12-01,0.08,B
95651628,2016-12-01,0.162,C
93703466,2016-11-01,0.3,D
93280864,2016-11-01,0.361,D
95113565,2016-12-01,0.033,A
95181674,2016-12-01,0.143,C
90511813,2016-10-01,0.439,E
94381060,2016-12-01,0.16,C
91168638,2016-10-01,0.14,C
91305680,2016-10-01,0.254,D
92807456,2016-11-01,0.171,C
93704552,2016-11-01,0.149,C
91377860,2016-10-01,0.4,E
95083616,2016-12-01,0.072,A
94391110,2016-12-01,0.258,D
94336458,2016-12-01,0.281,D
94142586,2016-12-01,0.167,C
93187424,2016-11-01,0.288,D
94262898,2016-12-01,0.136,B
94007255,2016-11-01,0.255,D
93809667,2016-12-01,0.215,C
92599134,2016-11-01,0.669,E
91949380,2016-10-01,0.184,C
93951274,2016-11-01,0.311,D
91843866,2016-10-01,0.258,D
91671394,2016-11-01,0.483,E
91446622,2016-11-01,0.089,B
94038167,2016-12-01,0.273,D
95162583,2016-12-01,0.13,B
92512943,2016-11-01,0.133,B
95193223,2016-12-01,0.553,E
91160787,2016-10-01,0.24,D
92534854,2016-11-01,0.113,B
93494123,2016-11-01,0.183,C
92832748,2016-11-01,0.244,D
92248901,2016-11-01,0.042,A
94480508,2016-12-01,0.132,B
91242115,2016-10-01,0.119,B
94023040,2016-11-01,0.222,D
94480238,2016-12-01,0.164,C
95142083,2016-12-01,0.17,C
92451879,2016-11-01,0.076,A
92248247,2016-11-01,0.056,A
93831700,2016-11-01,0.242,D
92245758,2016-11-01,0.211,C
91276207,2016-10-01,0.163,C
93911323,2016-11-01,0.209,C
91328347,2016-10-01,0.249,D
91027508,2016-10-01,0.22,D
93841641,2016-11-01,0.149,C
92085196,2016-11-01,0.38,E
93800430,2016-11-01,0.318,D
94336898,2016-12-01,0.1,B
94287475,2016-12-01,0.03,A
94344254,2016-12-01,0.155,C
91948064,2016-11-01,0.302,D
91437705,2016-10-01,0.161,C
91524079,2016-10-01,0.129,B
92657841,2016-11-01,0.255,D
95128312,2016-12-01,0.196,C
91503427,2016-10-01,0.226,D
94365060,2016-12-01,0.259,D
91628579,2016-10-01,0.153,C
92569277,2016-11-01,0.109,B
93337273,2016-11-01,0.233,D
91610169,2016-10-01,0.095,B
93109035,2016-11-01,0.169,C
94395201,2016-12-01,0.312,D
91396443,2016-10-01,0.671,E
92901562,2016-11-01,0.136,C
92829119,2016-12-01,0.249,D
94095980,2016-11-01,0.106,B
91844467,2016-10-01,0.316,D
92226765,2016-10-01,0.373,E
91173097,2016-10-01,0.294,D
91573633,2016-10-01,0.213,C
95057560,2016-12-01,0.305,D
93972312,2016-11-01,0.083,B
93724213,2016-12-01,0.29,D
93109941,2016-12-01,0.063,A
94461472,2016-12-01,0.098,B
91704545,2016-10-01,0.21,C
94327814,2016-11-01,0.239,D
91864640,2016-11-01,0.07,A
95334739,2016-12-01,0.102,B
93573704,2016-11-01,0.056,A
91646888,2016-10-01,0.148,C
91960156,2016-10-01,0.258,D
93562588,2016-11-01,0.242,D
94117358,2016-11-01,0.172,C
93505315,2016-11-01,0.412,E
91753763,2016-11-01,0.572,E
91289504,2016-10-01,0.5,E
91416490,2016-10-01,0.124,B
92023725,2016-11-01,0.112,B
94189493,2016-12-01,0.097,B
93931910,2016-12-01,0.244,D
94072737,2016-12-01,0.108,B
91456666,2016-10-01,0.104,B
93851187,2016-11-01,0.062,A
91247299,2016-10-01,0.191,C
91304552,2016-11-01,0.35,D
94781572,2016-12-01,0.396,E
95322241,2016-12-01,0.344,D
95715589,2016-12-01,0.309,D
94716742,2016-12-01,0.101,B
91833528,2016-11-01,0.158,C
91329089,2016-10-01,0.269,D
94496185,2016-12-01,0.255,D
94417232,2016-12-01,0.034,A
91457349,2016-10-01,0.041,A
91052131,2016-10-01,0.169,C
95143914,2016-12-01,0.12,B
95147491,2016-12-01,0.473,E
93983040,2016-12-01,0.203,C
91956711,2016-10-01,0.096,B
92360198,2016-11-01,0.248,D
95929569,2016-12-01,0.287,D
94412120,2016-12-01,0.218,D
93709962,2016-12-01,0.271,D
90875214,2016-10-01,0.098,B
93962083,2016-11-01,0.061,A
95020484,2016-12-01,0.246,D
91305994,2016-10-01,0.122,B
92370629,2016-11-01,0.214,C
94141862,2016-12-01,0.228,D
96043319,2016-12-01,0.131,B
94193665,2016-12-01,0.137,C
91637595,2016-10-01,0.074,A
95349576,2016-12-01,0.661,E
91162121,2016-10-01,0.248,D
93544084,2016-12-01,0.113,B
94096378,2016-11-01,0.114,B
91396974,2016-10-01,0.282,D
94122976,2016-12-01,0.121,B
92024481,2016-11-01,0.273,D
94931404,2016-12-01,0.548,E
92228820,2016-11-01,0.614,E
91516713,2016-11-01,0.248,D
93451516,2016-11-01,0.277,D
92500923,2016-11-01,0.198,C
93812621,2016-11-01,0.253,D
94215467,2016-12-01,0.086,B
91443518,2016-10-01,0.322,D
95375087,2016-12-01,0.091,B
92845614,2016-11-01,0.077,A
91101438,2016-10-01,0.116,B
95119516,2016-12-01,0.449,E
95437365,2016-12-01,0.19,C
93494165,2016-12-01,0.25,D
91904318,2016-10-01,0.168,C
91198132,2016-10-01,0.095,B
92185368,2016-10-01,0.261,D
93427032,2016-11-01,0.175,C
89052159,2016-10-01,0.222,D
91158208,2016-10-01,0.33,D
92064060,2016-10-01,0.137,C
94229761,2016-12-01,0.266,D
93473000,2016-11-01,0.182,C
92719343,2016-11-01,0.201,C
94095957,2016-12-01,0.105,B
90106790,2016-10-01,0.198,C
92399927,2016-11-01,0.219,D
94235855,2016-12-01,0.181,C
95259717,2016-12-01,0.262,D
95219502,2016-12-01,0.439,E
95875715,2016-12-01,0.342,D
92241593,2016-11-01,0.081,B
92697742,2016-11-01,0.103,B
91961169,2016-10-01,0.131,B
94229361,2016-12-01,0.248,D
90071528,2016-10-01,0.633,E
91680748,2016-10-01,0.224,D
94470000,2016-12-01,0.321,D
92459119,2016-11-01,0.158,C
91072692,2016-10-01,0.612,E
91943639,2016-11-01,0.097,B
95059705,2016-12-01,0.107,B
94165768,2016-12-01,0.3,D
95928919,2016-12-01,0.299,D
91517034,2016-10-01,0.073,A
95070007,2016-12-01,0.243,D
91394698,2016-10-01,0.117,B
90101488,2016-10-01,0.364,D
95310415,2016-12-01,0.101,B
92524038,2016-11-01,0.282,D
91650104,2016-10-01,0.133,B
95083539,2016-12-01,0.066,A
93791591,2016-11-01,0.125,B
91525368,2016-10-01,0.261,D
92629240,2016-11-01,0.399,E
92911961,2016-11-01,0.093,B
91309178,2016-10-01,0.224,D
95038188,2016-12-01,0.243,D
93584412,2016-11-01,0.218,D
91280217,2016-10-01,0.359,D
90171276,2016-10-01,0.276,D
64098742,2016-12-01,0.23,D
91657760,2016-11-01,0.591,E
92421693,2016-11-01,0.219,D
94676944,2016-12-01,0.641,E
91656338,2016-10-01,0.277,D
92419700,2016-11-01,0.382,E
94355972,2016-11-01,0.174,C
93962944,2016-11-01,0.1,B
92205749,2016-11-01,0.276,D
95183044,2016-12-01,0.285,D
93031149,2016-11-01,0.187,C
95028125,2016-12-01,0.243,D
95219312,2016-12-01,0.063,A
94397019,2016-12-01,0.528,E
92718949,2016-11-01,0.496,E
94991520,2016-12-01,0.109,B
93707532,2016-11-01,0.044,A
94334886,2016-12-01,0.071,A
94362483,2016-12-01,0.184,C
91983575,2016-11-01,0.242,D
94122926,2016-12-01,0.471,E
94442612,2016-12-01,0.112,B
94062245,2016-12-01,0.113,B
94105965,2016-12-01,0.121,B
92777865,2016-11-01,0.219,D
95517347,2016-12-01,0.275,D
94421027,2016-12-01,0.188,C
94163111,2016-12-01,0.166,C
92578084,2016-11-01,0.093,B
94748826,2016-12-01,0.124,B
93933020,2016-11-01,0.311,D
95007812,2016-12-01,0.495,E
95027736,2016-12-01,0.113,B
92524176,2016-11-01,0.196,C
92758886,2016-11-01,0.246,D
92808159,2016-11-01,0.113,B
94460392,2016-12-01,0.253,D
94132333,2016-12-01,0.055,A
95354959,2016-12-01,0.107,B
91834666,2016-11-01,0.419,E
91693841,2016-10-01,0.485,E
96186960,2016-12-01,0.052,A
91636722,2016-11-01,0.118,B
95227453,2016-12-01,0.088,B
93999036,2016-11-01,0.371,E
92819175,2016-11-01,0.058,A
91182521,2016-10-01,0.193,C
93431273,2016-11-01,0.113,B
94378432,2016-12-01,0.332,D
95259157,2016-12-01,0.083,B
91635810,2016-10-01,0.082,B
95136783,2016-12-01,0.371,E
91589331,2016-10-01,0.154,C
95181067,2016-12-01,0.121,B
94191236,2016-12-01,0.353,D
94340993,2016-12-01,0.484,E
92185718,2016-11-01,0.083,B
91047264,2016-10-01,0.248,D
92556722,2016-11-01,0.281,D
92619188,2016-11-01,0.167,C
92512565,2016-11-01,0.269,D
91974413,2016-11-01,0.161,C
91032949,2016-10-01,0.246,D
91307704,2016-10-01,0.196,C
93535646,2016-12-01,0.356,D
95340167,2016-12-01,0.027,A
92165128,2016-11-01,0.238,D
95167810,2016-12-01,0.119,B
91774022,2016-10-01,0.08,B
94225535,2016-11-01,0.164,C
92339768,2016-11-01,0.599,E
94030198,2016-11-01,0.233,D
92560845,2016-11-01,0.17,C
94077313,2016-12-01,0.287,D
91039679,2016-11-01,0.113,B
91276772,2016-10-01,0.108,B
92233475,2016-10-01,0.212,C
91854640,2016-10-01,0.174,C
94273789,2016-12-01,0.083,B
94077986,2016-11-01,0.156,C
94666806,2016-12-01,0.433,E
94392608,2016-12-01,0.136,B
94261955,2016-12-01,0.205,C
94390640,2016-12-01,0.229,D
91000640,2016-10-01,0.157,C
91647588,2016-11-01,0.186,C
91112574,2016-10-01,0.25,D
93831300,2016-12-01,0.213,C
90641163,2016-10-01,0.28,D
93524304,2016-12-01,0.344,D
92657285,2016-11-01,0.233,D
91557473,2016-11-01,0.276,D
93713913,2016-11-01,0.658,E
95172090,2016-12-01,0.186,C
95272127,2016-12-01,0.534,E
91951626,2016-11-01,0.145,C
94303557,2016-12-01,0.249,D
93132918,2016-11-01,0.406,E
94446159,2016-12-01,0.302,D
91087800,2016-10-01,0.188,C
94113128,2016-12-01,0.136,B
93674614,2016-11-01,0.286,D
91039004,2016-10-01,0.217,D
95338552,2016-12-01,0.25,D
94566834,2016-12-01,0.357,D
95345219,2016-12-01,0.188,C
92830581,2016-11-01,0.108,B
94118788,2016-11-01,0.043,A
92599214,2016-11-01,0.236,D
95876868,2016-12-01,0.364,D
94413991,2016-12-01,0.088,B
90241939,2016-10-01,0.446,E
92064805,2016-10-01,0.216,D
91523617,2016-10-01,0.108,B
91061576,2016-10-01,0.152,C
90936424,2016-10-01,0.428,E
92576379,2016-11-01,0.214,C
94477078,2016-12-01,0.126,B
95111523,2016-12-01,0.061,A
93484577,2016-11-01,0.33,D
93790202,2016-11-01,0.08,B
92360823,2016-11-01,0.25,D
93686508,2016-11-01,0.728,E
90413386,2016-10-01,0.105,B
91650185,2016-10-01,0.272,D
90735605,2016-10-01,0.089,B
91950527,2016-10-01,0.249,D
91163102,2016-10-01,0.251,D
92839978,2016-11-01,0.131,B
93553621,2016-11-01,0.154,C
91127827,2016-11-01,0.089,B
91638938,2016-11-01,0.273,D
94841496,2016-12-01,0.236,D
93738247,2016-11-01,0.126,B
94477187,2016-12-01,0.149,C
94375168,2016-12-01,0.32,D
94616952,2016-12-01,0.443,E
91238036,2016-10-01,0.581,E
94123781,2016-12-01,0.24,D
95147171,2016-12-01,0.261,D
91222141,2016-10-01,0.303,D
94142929,2016-12-01,0.208,C
65353772,2016-11-01,0.156,C
94480115,2016-12-01,0.136,B
91535900,2016-10-01,0.146,C
93574334,2016-11-01,0.329,D
93951781,2016-11-01,0.167,C
93542350,2016-11-01,0.104,B
91306602,2016-10-01,0.141,C
94294050,2016-12-01,0.183,C
95038160,2016-12-01,0.096,B
91070492,2016-10-01,0.385,E
92095005,2016-10-01,0.274,D
91296977,2016-10-01,0.096,B
94078809,2016-12-01,0.361,D
95138937,2016-12-01,0.068,A
40350353,2016-11-01,0.244,D
91312067,2016-10-01,0.018,A
93949424,2016-11-01,0.133,B
93390626,2016-11-01,0.187,C
93809706,2016-11-01,0.191,C
91279541,2016-10-01,0.427,E
92270747,2016-11-01,0.188,C
92840949,2016-11-01,0.179,C
94392484,2016-12-01,0.624,E
91568457,2016-10-01,0.161,C
91298695,2016-10-01,0.116,B
94750842,2016-12-01,0.13,B
95041433,2016-12-01,0.227,D
90395094,2016-10-01,0.1,B
94424230,2016-12-01,0.346,D
94446489,2016-12-01,0.277,D
91465210,2016-10-01,0.081,B
95825372,2016-12-01,0.238,D
93762143,2016-11-01,0.238,D
91170367,2016-10-01,0.079,B
96063764,2016-12-01,0.467,E
93106441,2016-11-01,0.302,D
91687896,2016-10-01,0.311,D
90392150,2016-10-01,0.159,C
91644434,2016-12-01,0.627,E
95587139,2016-12-01,0.402,E
92369179,2016-10-01,0.12,B
92193829,2016-10-01,0.076,A
95091427,2016-12-01,0.624,E
94173921,2016-12-01,0.168,C
93297640,2016-11-01,0.334,D
90946808,2016-10-01,0.185,C
91486606,2016-10-01,0.208,C
91152875,2016-10-01,0.22,D
94454394,2016-12-01,0.444,E
91330449,2016-10-01,0.095,B
91950622,2016-11-01,0.236,D
92183229,2016-10-01,0.069,A
94391343,2016-12-01,0.149,C
92183319,2016-10-01,0.174,C
92371049,2016-11-01,0.219,D
91945614,2016-11-01,0.085,B
95666463,2016-12-01,0.208,C
95336298,2016-12-01,0.147,C
91814228,2016-10-01,0.141,C
91172294,2016-10-01,0.084,B
94121923,2016-12-01,0.149,C
91303213,2016-10-01,0.247,D
94223344,2016-12-01,0.088,B
91017699,2016-10-01,0.051,A
94496846,2016-12-01,0.305,D
94105536,2016-12-01,0.206,C
91407800,2016-10-01,0.656,E
94395973,2016-12-01,0.171,C
93434448,2016-12-01,0.721,E
94423644,2016-12-01,0.288,D
91554675,2016-11-01,0.195,C
92289724,2016-11-01,0.218,D
90551529,2016-10-01,0.444,E
94239607,2016-12-01,0.079,B
95096173,2016-12-01,0.153,C
91434655,2016-10-01,0.498,E
90210511,2016-10-01,0.559,E
93278952,2016-11-01,0.199,C
93851983,2016-11-01,0.368,E
91965863,2016-10-01,0.101,B
91554654,2016-10-01,0.165,C
91477171,2016-10-01,0.187,C
91443413,2016-10-01,0.146,C
93859639,2016-11-01,0.165,C
94243187,2016-12-01,0.196,C
94424499,2016-12-01,0.328,D
95188568,2016-12-01,0.098,B
92575260,2016-11-01,0.059,A
93872514,2016-11-01,0.422,E
94253950,2016-12-01,0.085,B
94343582,2016-12-01,0.206,C
92369726,2016-11-01,0.165,C
92852400,2016-11-01,0.251,D
95928517,2016-12-01,0.144,C
92480199,2016-11-01,0.328,D
92114785,2016-10-01,0.369,E
93451128,2016-11-01,0.486,E
94123783,2016-12-01,0.334,D
91027616,2016-11-01,0.329,D
95296846,2016-12-01,0.231,D
92440083,2016-11-01,0.178,C
92559858,2016-11-01,0.207,C
89816305,2016-10-01,0.134,B
95127035,2016-12-01,0.378,E
91308074,2016-10-01,0.073,A
91041832,2016-10-01,0.507,E
96190418,2016-12-01,0.111,B
91684334,2016-11-01,0.147,C
91169048,2016-10-01,0.196,C
91373682,2016-10-01,0.139,C
94297745,2016-12-01,0.608,E
92320707,2016-11-01,0.212,C
91642420,2016-10-01,0.223,D
94296803,2016-12-01,0.3,D
91516193,2016-10-01,0.6,E
93870616,2016-11-01,0.417,E
94172501,2016-12-01,0.244,D
94361084,2016-12-01,0.146,C
91630349,2016-10-01,0.157,C
93051732,2016-11-01,0.126,B
95654559,2016-12-01,0.39,E
93526066,2016-11-01,0.272,D
95176351,2016-12-01,0.339,D
94436987,2016-12-01,0.507,E
91347755,2016-11-01,0.567,E
91227357,2016-10-01,0.287,D
92911228,2016-11-01,0.306,D
94246504,2016-11-01,0.127,B
92219384,2016-10-01,0.062,A
94378633,2016-12-01,0.079,B
93116064,2016-12-01,0.505,E
93071983,2016-11-01,0.294,D
93951702,2016-11-01,0.179,C
91398113,2016-10-01,0.461,E
91248594,2016-10-01,0.022,A
92043844,2016-11-01,0.478,E
94285260,2016-12-01,0.329,D
94411685,2016-12-01,0.116,B
91010728,2016-10-01,0.152,C
91188863,2016-10-01,0.232,D
90695658,2016-10-01,0.245,D
91089310,2016-10-01,0.399,E
91483772,2016-10-01,0.062,A
94526712,2016-12-01,0.394,E
93962866,2016-12-01,0.037,A
90993027,2016-10-01,0.118,B
93401743,2016-11-01,0.283,D
91217418,2016-11-01,0.171,C
91173736,2016-10-01,0.252,D
91101922,2016-10-01,0.182,C
95218120,2016-12-01,0.08,B
92164792,2016-11-01,0.117,B
92379289,2016-11-01,0.197,C
90330667,2016-10-01,0.501,E
94125928,2016-12-01,0.129,B
93217526,2016-11-01,0.221,D
92838378,2016-11-01,0.135,B
94150300,2016-12-01,0.129,B
90220551,2016-10-01,0.154,C
90765350,2016-10-01,0.282,D
92561242,2016-11-01,0.152,C
92757413,2016-11-01,0.235,D
95638238,2016-12-01,0.219,D
94027934,2016-12-01,0.158,C
92739368,2016-11-01,0.183,C
92647937,2016-11-01,0.098,B
92524975,2016-11-01,0.147,C
95163403,2016-12-01,0.449,E
95333206,2016-12-01,0.139,C
93217445,2016-11-01,0.031,A
93400672,2016-11-01,0.234,D
94412919,2016-12-01,0.4,E
94426083,2016-12-01,0.214,C
93061790,2016-11-01,0.225,D
93849663,2016-11-01,0.311,D
94455415,2016-12-01,0.132,B
93799770,2016-12-01,0.652,E
91304889,2016-10-01,0.324,D
90723443,2016-10-01,0.164,C
92113997,2016-11-01,0.171,C
93809829,2016-12-01,0.557,E
91328367,2016-10-01,0.078,A
95038544,2016-12-01,0.324,D
92123356,2016-10-01,0.478,E
81741128,2016-11-01,0.239,D
93583662,2016-11-01,0.572,E
90697381,2016-10-01,0.564,E
94201383,2016-12-01,0.237,D
92216329,2016-10-01,0.249,D
89887227,2016-10-01,0.144,C
92659532,2016-11-01,0.265,D
93613083,2016-11-01,0.266,D
91631388,2016-10-01,0.216,D
91405785,2016-10-01,0.12,B
91574579,2016-10-01,0.636,E
95173433,2016-12-01,0.152,C
93522534,2016-11-01,0.055,A
92389124,2016-11-01,0.101,B
90708327,2016-10-01,0.317,D
91524822,2016-10-01,0.211,C
91365312,2016-10-01,0.139,C
94250845,2016-12-01,0.276,D
93432032,2016-12-01,0.268,D
90827079,2016-10-01,0.14,C
95128186,2016-12-01,0.686,E
91395214,2016-10-01,0.3,D
93950234,2016-11-01,0.149,C
92451803,2016-11-01,0.17,C
91281294,2016-10-01,0.204,C
91894554,2016-10-01,0.153,C
91090815,2016-10-01,0.264,D
92184955,2016-10-01,0.103,B
92114790,2016-10-01,0.067,A
95715632,2016-12-01,0.145,C
95326166,2016-12-01,0.366,D
94071287,2016-12-01,0.149,C
92561500,2016-11-01,0.155,C
94202010,2016-12-01,0.524,E
91631481,2016-10-01,0.179,C
95330368,2016-12-01,0.209,C
92687220,2016-11-01,0.054,A
92214415,2016-10-01,0.064,A
95296625,2016-12-01,0.354,D
94069844,2016-12-01,0.066,A
95325125,2016-12-01,0.431,E
94743771,2016-12-01,0.19,C
91298212,2016-10-01,0.096,B
91514295,2016-10-01,0.156,C
94305159,2016-11-01,0.217,D
95350888,2016-12-01,0.411,E
94009272,2016-11-01,0.092,B
92500768,2016-11-01,0.082,B
91358704,2016-10-01,0.12,B
93130134,2016-11-01,0.369,E
90708243,2016-10-01,0.335,D
91242767,2016-10-01,0.278,D
95066799,2016-12-01,0.312,D
92260410,2016-11-01,0.404,E
95447620,2016-12-01,0.029,A
91179365,2016-10-01,0.188,C
91168473,2016-10-01,0.207,C
92788040,2016-11-01,0.235,D
90060135,2016-10-01,0.154,C
94196443,2016-11-01,0.455,E
93932625,2016-12-01,0.242,D
93950637,2016-12-01,0.226,D
94215232,2016-11-01,0.648,E
93740294,2016-12-01,0.563,E
91680646,2016-11-01,0.259,D
92981146,2016-11-01,0.084,B
93972623,2016-11-01,0.295,D
93809614,2016-11-01,0.086,B
94175540,2016-11-01,0.062,A
91239287,2016-10-01,0.185,C
93318075,2016-11-01,0.132,B
95262190,2016-12-01,0.118,B
91081276,2016-10-01,0.262,D
92084417,2016-10-01,0.612,E
94606332,2016-12-01,0.206,C
91222608,2016-10-01,0.046,A
92718267,2016-11-01,0.084,B
91642488,2016-10-01,0.642,E
94300282,2016-12-01,0.281,D
91454889,2016-10-01,0.158,C
91616101,2016-10-01,0.235,D
90257284,2016-10-01,0.574,E
92319897,2016-10-01,0.093,B
91188955,2016-10-01,0.078,A
91528319,2016-10-01,0.255,D
91002887,2016-10-01,0.649,E
91416052,2016-10-01,0.179,C
91543327,2016-10-01,0.25,D
92560188,2016-11-01,0.042,A
92829012,2016-11-01,0.059,A
94189741,2016-12-01,0.404,E
92578432,2016-11-01,0.355,D
91189455,2016-10-01,0.271,D
94328698,2016-12-01,0.554,E
95928396,2016-12-01,0.269,D
92203277,2016-11-01,0.106,B
91296036,2016-10-01,0.237,D
94191951,2016-12-01,0.316,D
91407431,2016-10-01,0.078,A
90697844,2016-11-01,0.222,D
95126383,2016-12-01,0.115,B
93522643,2016-12-01,0.17,C
94016860,2016-11-01,0.362,D
93841233,2016-11-01,0.221,D
92627130,2016-11-01,0.193,C
95097813,2016-12-01,0.087,B
93674216,2016-11-01,0.319,D
94636485,2016-12-01,0.084,B
92844552,2016-11-01,0.37,E
91041214,2016-10-01,0.04,A
91435514,2016-11-01,0.118,B
92618166,2016-11-01,0.431,E
91330849,2016-10-01,0.116,B
94285327,2016-12-01,0.091,B
92083241,2016-10-01,0.148,C
91476631,2016-10-01,0.065,A
90124888,2016-10-01,0.26,D
95053798,2016-12-01,0.549,E
92778675,2016-11-01,0.337,D
90697258,2016-10-01,0.126,B
91170466,2016-10-01,0.278,D
91632302,2016-10-01,0.162,C
92525312,2016-12-01,0.483,E
95825393,2016-12-01,0.119,B
91433122,2016-10-01,0.039,A
92842737,2016-11-01,0.246,D
93711396,2016-11-01,0.253,D
93961743,2016-11-01,0.661,E
91567982,2016-10-01,0.182,C
94288614,2016-12-01,0.641,E
91060420,2016-11-01,0.449,E
92575923,2016-11-01,0.237,D
95275847,2016-12-01,0.078,A
93463737,2016-11-01,0.25,D
92749104,2016-11-01,0.204,C
91198330,2016-10-01,0.386,E
91457265,2016-11-01,0.265,D
93724136,2016-11-01,0.653,E
95295517,2016-12-01,0.217,D
94346486,2016-12-01,0.319,D
93708476,2016-11-01,0.218,D
92163576,2016-10-01,0.276,D
94156543,2016-12-01,0.485,E
95577682,2016-12-01,0.252,D
93593835,2016-11-01,0.42,E
91733830,2016-10-01,0.574,E
93723501,2016-11-01,0.131,B
91240713,2016-10-01,0.415,E
91229785,2016-10-01,0.498,E
92769610,2016-11-01,0.069,A
94450120,2016-12-01,0.296,D
95296124,2016-12-01,0.244,D
94299556,2016-12-01,0.287,D
95736524,2016-12-01,0.204,C
94586503,2016-12-01,0.162,C
91984186,2016-11-01,0.58,E
92233650,2016-10-01,0.398,E
95577598,2016-12-01,0.248,D
91611467,2016-10-01,0.14,C
92831593,2016-11-01,0.165,C
92992451,2016-11-01,0.14,C
90985466,2016-10-01,0.15,C
91101332,2016-10-01,0.216,D
94131472,2016-12-01,0.163,C
92094536,2016-10-01,0.447,E
91295589,2016-10-01,0.252,D
92717571,2016-11-01,0.186,C
91647498,2016-10-01,0.124,B
95172646,2016-12-01,0.142,C
91484530,2016-10-01,0.055,A
91576625,2016-11-01,0.131,B
92769422,2016-11-01,0.283,D
93462082,2016-11-01,0.572,E
91354276,2016-10-01,0.156,C
92490585,2016-11-01,0.54,E
90997136,2016-10-01,0.372,E
90755618,2016-10-01,0.132,B
92236299,2016-11-01,0.185,C
94251126,2016-12-01,0.062,A
92461967,2016-11-01,0.531,E
91574599,2016-10-01,0.299,D
92767308,2016-11-01,0.318,D
91634481,2016-10-01,0.123,B
91949884,2016-11-01,0.302,D
92185769,2016-11-01,0.36,D
93426665,2016-11-01,0.262,D
95296854,2016-12-01,0.138,C
93709690,2016-12-01,0.224,D
94394534,2016-12-01,0.665,E
93673312,2016-11-01,0.177,C
95228216,2016-12-01,0.268,D
96064227,2016-12-01,0.067,A
92538192,2016-11-01,0.185,C
93695909,2016-11-01,0.157,C
92452305,2016-11-01,0.242,D
93614389,2016-12-01,0.281,D
95324550,2016-12-01,0.463,E
95001863,2016-12-01,0.06,A
94094159,2016-12-01,0.103,B
92598517,2016-11-01,0.503,E
93831211,2016-11-01,0.355,D
91020048,2016-10-01,0.258,D
94480333,2016-12-01,0.272,D
90278794,2016-10-01,0.453,E
91923283,2016-10-01,0.111,B
91169085,2016-10-01,0.236,D
95927948,2016-12-01,0.179,C
95079045,2016-12-01,0.335,D
91000313,2016-10-01,0.249,D
95276988,2016-12-01,0.15,C
90866883,2016-10-01,0.209,C
94462941,2016-12-01,0.211,C
92637734,2016-11-01,0.26,D
93051967,2016-11-01,0.178,C
95322418,2016-12-01,0.059,A
95273135,2016-12-01,0.291,D
92841126,2016-11-01,0.667,E
91610721,2016-10-01,0.172,C
91290577,2016-10-01,0.11,B
90998563,2016-10-01,0.161,C
95334300,2016-12-01,0.293,D
91633649,2016-10-01,0.096,B
91574099,2016-10-01,0.263,D
92133159,2016-10-01,0.285,D
91221511,2016-10-01,0.361,D
93665712,2016-11-01,0.232,D
95292549,2016-12-01,0.321,D
94259542,2016-12-01,0.428,E
95156519,2016-12-01,0.391,E
92235934,2016-10-01,0.313,D
95103671,2016-12-01,0.292,D
93799352,2016-11-01,0.374,E
91375754,2016-10-01,0.182,C
94159574,2016-12-01,0.279,D
93465228,2016-11-01,0.218,D
93714642,2016-11-01,0.213,C
92402254,2016-11-01,0.222,D
95177918,2016-12-01,0.195,C
91734623,2016-10-01,0.212,C
91813194,2016-10-01,0.195,C
91573736,2016-10-01,0.313,D
91947267,2016-10-01,0.51,E
92134978,2016-10-01,0.196,C
93503478,2016-11-01,0.417,E
90084633,2016-10-01,0.175,C
91407749,2016-10-01,0.228,D
92045596,2016-11-01,0.215,C
94477144,2016-12-01,0.239,D
95030381,2016-12-01,0.61,E
90925842,2016-10-01,0.146,C
94062007,2016-12-01,0.238,D
96124565,2016-12-01,0.153,C
91180379,2016-10-01,0.32,D
92848861,2016-11-01,0.263,D
94169283,2016-12-01,0.188,C
92175130,2016-10-01,0.17,C
92501887,2016-11-01,0.206,C
95038668,2016-12-01,0.457,E
95079246,2016-12-01,0.103,B
91142022,2016-11-01,0.215,C
92341687,2016-11-01,0.379,E
93337322,2016-11-01,0.066,A
95930512,2016-12-01,0.427,E
92807539,2016-11-01,0.667,E
93432838,2016-11-01,0.046,A
95329849,2016-12-01,0.345,D
91109654,2016-10-01,0.53,E
93267176,2016-11-01,0.183,C
90865557,2016-10-01,0.161,C
91241746,2016-11-01,0.246,D
92469608,2016-10-01,0.367,D
90111317,2016-10-01,0.515,E
95776730,2016-12-01,0.407,E
91496353,2016-10-01,0.24,D
93378576,2016-11-01,0.035,A
93691826,2016-11-01,0.538,E
94006427,2016-11-01,0.324,D
93390220,2016-11-01,0.255,D
90641653,2016-10-01,0.189,C
95547132,2016-12-01,0.47,E
94083557,2016-12-01,0.162,C
94297487,2016-12-01,0.099,B
94412828,2016-12-01,0.231,D
92839680,2016-11-01,0.31,D
95248926,2016-12-01,0.265,D
93434476,2016-11-01,0.315,D
94152935,2016-12-01,0.359,D
93993928,2016-11-01,0.063,A
95109468,2016-12-01,0.278,D
93739411,2016-11-01,0.081,B
92104940,2016-10-01,0.308,D
94170144,2016-12-01,0.22,D
95220294,2016-12-01,0.14,C
91667692,2016-10-01,0.354,D
91635972,2016-10-01,0.073,A
92841338,2016-11-01,0.142,C
91554436,2016-10-01,0.166,C
92462193,2016-11-01,0.275,D
93962295,2016-12-01,0.42,E
91341438,2016-10-01,0.498,E
94165875,2016-11-01,0.083,B
95338966,2016-12-01,0.262,D
91539007,2016-10-01,0.211,C
94225556,2016-12-01,0.147,C
91396926,2016-11-01,0.438,E
94716569,2016-12-01,0.549,E
92758105,2016-11-01,0.114,B
94147330,2016-12-01,0.072,A
91200201,2016-10-01,0.06,A
91051640,2016-10-01,0.051,A
90993655,2016-10-01,0.064,A
94391014,2016-12-01,0.221,D
91091589,2016-10-01,0.552,E
93434636,2016-11-01,0.358,D
91744576,2016-10-01,0.275,D
90990688,2016-10-01,0.175,C
90722546,2016-10-01,0.349,D
95087652,2016-12-01,0.242,D
92237185,2016-10-01,0.068,A
92379586,2016-11-01,0.119,B
94422045,2016-12-01,0.212,C
92409554,2016-10-01,0.249,D
92835142,2016-11-01,0.573,E
90987005,2016-10-01,0.097,B
92281810,2016-11-01,0.109,B
94377669,2016-12-01,0.132,B
94433712,2016-12-01,0.556,E
92204408,2016-11-01,0.29,D
92044411,2016-11-01,0.26,D
94196907,2016-12-01,0.397,E
91794653,2016-10-01,0.19,C
95087775,2016-12-01,0.551,E
93116631,2016-11-01,0.184,C
94185519,2016-11-01,0.055,A
93317508,2016-11-01,0.135,B
93760286,2016-11-01,0.668,E
93942282,2016-11-01,0.102,B
91190834,2016-10-01,0.212,C
93157769,2016-11-01,0.211,C
93136016,2016-11-01,0.458,E
91673755,2016-10-01,0.299,D
94219529,2016-12-01,0.259,D
96033494,2016-12-01,0.53,E
91209669,2016-10-01,0.266,D
94362845,2016-11-01,0.511,E
93690155,2016-11-01,0.141,C
94375368,2016-12-01,0.307,D
94771670,2016-12-01,0.489,E
93594041,2016-11-01,0.193,C
95072411,2016-12-01,0.345,D
95252162,2016-12-01,0.161,C
92618604,2016-11-01,0.137,C
91109777,2016-10-01,0.221,D
92003405,2016-10-01,0.349,D
94119320,2016-11-01,0.174,C
91220362,2016-10-01,0.245,D
91556244,2016-10-01,0.599,E
92667695,2016-11-01,0.421,E
91068460,2016-10-01,0.356,D
94391347,2016-12-01,0.197,C
92579448,2016-11-01,0.118,B
92233514,2016-10-01,0.207,C
94567038,2016-12-01,0.497,E
91090767,2016-10-01,0.165,C
95294085,2016-12-01,0.26,D
95030673,2016-12-01,0.334,D
95273871,2016-12-01,0.236,D
90255765,2016-10-01,0.171,C
91229317,2016-10-01,0.135,B
94180081,2016-12-01,0.122,B
91553920,2016-10-01,0.247,D
95147019,2016-12-01,0.241,D
90246319,2016-10-01,0.122,B
92669164,2016-11-01,0.251,D
92381999,2016-11-01,0.585,E
91947666,2016-11-01,0.097,B
91189751,2016-10-01,0.16,C
91704524,2016-10-01,0.461,E
91613692,2016-10-01,0.11,B
94287979,2016-11-01,0.168,C
94209299,2016-11-01,0.209,C
93585189,2016-12-01,0.544,E
95037666,2016-12-01,0.164,C
90797043,2016-10-01,0.211,C
91232733,2016-10-01,0.099,B
95198825,2016-12-01,0.216,D
91288115,2016-10-01,0.075,A
90845607,2016-10-01,0.17,C
95143151,2016-12-01,0.542,E
91047535,2016-10-01,0.262,D
92075062,2016-11-01,0.134,B
91416345,2016-10-01,0.255,D
92195328,2016-10-01,0.112,B
91354446,2016-10-01,0.229,D
92512775,2016-11-01,0.26,D
91672990,2016-10-01,0.233,D
91208690,2016-10-01,0.105,B
94851214,2016-12-01,0.304,D
94270419,2016-12-01,0.134,B
92165281,2016-10-01,0.244,D
92175804,2016-10-01,0.128,B
90836276,2016-10-01,0.296,D
91217265,2016-10-01,0.602,E
91984691,2016-10-01,0.302,D
91414636,2016-10-01,0.408,E
90988187,2016-10-01,0.054,A
93800840,2016-11-01,0.179,C
94801219,2016-12-01,0.112,B
93880225,2016-11-01,0.194,C
92399815,2016-11-01,0.199,C
95038023,2016-12-01,0.042,A
94743321,2016-12-01,0.687,E
95260790,2016-12-01,0.331,D
91019395,2016-10-01,0.404,E
90955544,2016-10-01,0.154,C
92571954,2016-11-01,0.288,D
92738440,2016-11-01,0.291,D
94280630,2016-12-01,0.066,A
94536752,2016-12-01,0.346,D
90916148,2016-10-01,0.118,B
91633383,2016-10-01,0.493,E
91904290,2016-10-01,0.184,C
38626561,2016-11-01,0.187,C
93501281,2016-11-01,0.207,C
91456443,2016-10-01,0.177,C
93683597,2016-11-01,0.098,B
92667263,2016-11-01,0.088,B
95294083,2016-12-01,0.172,C
92154737,2016-11-01,0.199,C
95003668,2016-12-01,0.105,B
95333712,2016-12-01,0.515,E
94428467,2016-12-01,0.129,B
93525772,2016-12-01,0.106,B
92849903,2016-11-01,0.035,A
93862695,2016-12-01,0.647,E
94329404,2016-12-01,0.293,D
94155311,2016-12-01,0.15,C
94431817,2016-12-01,0.307,D
93441839,2016-12-01,0.12,B
91227594,2016-10-01,0.128,B
91407707,2016-10-01,0.386,E
91277175,2016-10-01,0.503,E
93515694,2016-11-01,0.215,C
90221848,2016-10-01,0.037,A
90876466,2016-10-01,0.227,D
93505804,2016-12-01,0.251,D
94269316,2016-12-01,0.22,D
95318213,2016-12-01,0.254,D
91039797,2016-11-01,0.15,C
92183355,2016-11-01,0.503,E
92861733,2016-11-01,0.443,E
91670795,2016-10-01,0.148,C
92213892,2016-10-01,0.213,C
91122963,2016-10-01,0.57,E
94616487,2016-12-01,0.139,C
91278825,2016-10-01,0.272,D
90331777,2016-10-01,0.187,C
92260002,2016-11-01,0.108,B
93307422,2016-11-01,0.264,D
91364211,2016-10-01,0.12,B
92758152,2016-11-01,0.431,E
95237239,2016-12-01,0.166,C
90404436,2016-10-01,0.496,E
91137576,2016-10-01,0.082,B
95294150,2016-12-01,0.515,E
94202155,2016-12-01,0.123,B
93752954,2016-11-01,0.137,C
91513558,2016-10-01,0.253,D
93716812,2016-12-01,0.301,D
92843589,2016-11-01,0.122,B
91339093,2016-10-01,0.336,D
95078132,2016-12-01,0.381,E
95358588,2016-12-01,0.048,A
90985619,2016-10-01,0.124,B
94414855,2016-12-01,0.412,E
89857939,2016-10-01,0.219,D
92851700,2016-11-01,0.388,E
94017863,2016-11-01,0.263,D
93604055,2016-11-01,0.268,D
91198034,2016-10-01,0.308,D
95187901,2016-12-01,0.089,B
91112415,2016-10-01,0.243,D
91958891,2016-11-01,0.588,E
95735782,2016-12-01,0.114,B
93318027,2016-11-01,0.151,C
93802028,2016-11-01,0.226,D
93683740,2016-11-01,0.036,A
93930700,2016-11-01,0.157,C
91354989,2016-10-01,0.029,A
93574153,2016-11-01,0.281,D
93237545,2016-11-01,0.141,C
94516834,2016-12-01,0.451,E
91456326,2016-10-01,0.279,D
95696025,2016-12-01,0.213,C
91844168,2016-11-01,0.671,E
92668971,2016-11-01,0.514,E
94576422,2016-12-01,0.223,D
91574781,2016-11-01,0.432,E
92846446,2016-11-01,0.364,D
91773202,2016-11-01,0.331,D
91102234,2016-10-01,0.23,D
91567218,2016-10-01,0.171,C
91774618,2016-11-01,0.269,D
93663024,2016-11-01,0.184,C
93298235,2016-11-01,0.293,D
94416496,2016-12-01,0.1,B
95019199,2016-12-01,0.132,B
91072946,2016-10-01,0.361,D
93849324,2016-11-01,0.178,C
94411073,2016-12-01,0.466,E
91457759,2016-11-01,0.229,D
93941228,2016-11-01,0.174,C
94198773,2016-12-01,0.546,E
92350153,2016-11-01,0.156,C
95143577,2016-12-01,0.168,C
81566986,2016-11-01,0.219,D
94082114,2016-12-01,0.168,C
95293982,2016-12-01,0.246,D
92301439,2016-11-01,0.29,D
94009330,2016-12-01,0.516,E
91098385,2016-10-01,0.153,C
94020045,2016-12-01,0.355,D
93002495,2016-11-01,0.168,C
92133694,2016-10-01,0.525,E
95152394,2016-12-01,0.201,C
91773428,2016-10-01,0.087,B
92165648,2016-11-01,0.237,D
95159646,2016-12-01,0.118,B
92469892,2016-11-01,0.223,D
95715519,2016-12-01,0.559,E
91473903,2016-10-01,0.753,E
92175435,2016-11-01,0.509,E
95865254,2016-12-01,0.171,C
91173616,2016-10-01,0.35,D
93101759,2016-11-01,0.117,B
92471876,2016-11-01,0.42,E
94359480,2016-12-01,0.266,D
91956947,2016-11-01,0.063,A
94186595,2016-11-01,0.118,B
94352841,2016-12-01,0.527,E
92173375,2016-10-01,0.123,B
94360196,2016-12-01,0.269,D
94389010,2016-12-01,0.16,C
95067415,2016-12-01,0.437,E
90256673,2016-10-01,0.19,C
94470701,2016-12-01,0.184,C
91031901,2016-10-01,0.094,B
90987953,2016-10-01,0.204,C
93721428,2016-11-01,0.256,D
93472691,2016-11-01,0.156,C
91903843,2016-10-01,0.297,D
95218771,2016-12-01,0.299,D
91687543,2016-11-01,0.115,B
94469208,2016-12-01,0.12,B
92203611,2016-10-01,0.263,D
92155171,2016-10-01,0.478,E
94749020,2016-12-01,0.243,D
91173175,2016-10-01,0.297,D
91475780,2016-10-01,0.183,C
91733938,2016-11-01,0.162,C
92687852,2016-11-01,0.113,B
94016157,2016-11-01,0.264,D
91152287,2016-10-01,0.096,B
94444724,2016-12-01,0.124,B
90301398,2016-10-01,0.386,E
95213550,2016-12-01,0.25,D
91338981,2016-10-01,0.108,B
94164492,2016-12-01,0.179,C
93452188,2016-11-01,0.082,B
91563635,2016-10-01,0.464,E
91305227,2016-10-01,0.532,E
93493379,2016-11-01,0.302,D
91948144,2016-10-01,0.561,E
94178017,2016-12-01,0.482,E
94338363,2016-12-01,0.085,B
90621689,2016-10-01,0.059,A
91121664,2016-10-01,0.578,E
91182475,2016-11-01,0.192,C
91803862,2016-11-01,0.228,D
92556231,2016-11-01,0.51,E
94046190,2016-12-01,0.12,B
91082311,2016-11-01,0.394,E
91984311,2016-11-01,0.19,C
91288927,2016-10-01,0.314,D
95329417,2016-12-01,0.193,C
91646121,2016-11-01,0.285,D
94011663,2016-12-01,0.184,C
93583017,2016-11-01,0.136,C
91048534,2016-10-01,0.065,A
91345485,2016-10-01,0.334,D
94546966,2016-12-01,0.238,D
93972974,2016-11-01,0.128,B
93400861,2016-11-01,0.416,E
93723120,2016-11-01,0.34,D
93890087,2016-11-01,0.135,B
93523763,2016-11-01,0.135,B
92440322,2016-11-01,0.252,D
91474324,2016-10-01,0.258,D
92280402,2016-11-01,0.437,E
94247431,2016-11-01,0.152,C
94447738,2016-12-01,0.221,D
95106708,2016-12-01,0.162,C
92708337,2016-11-01,0.253,D
94467666,2016-12-01,0.295,D
92442024,2016-11-01,0.401,E
94384177,2016-12-01,0.437,E
94083084,2016-12-01,0.199,C
93920596,2016-11-01,0.04,A
94411006,2016-12-01,0.214,C
95052572,2016-12-01,0.19,C
95077259,2016-12-01,0.364,D
95083451,2016-12-01,0.161,C
90161147,2016-10-01,0.129,B
94258989,2016-12-01,0.074,A
90398995,2016-10-01,0.163,C
94415849,2016-12-01,0.278,D
90987318,2016-10-01,0.17,C
91404634,2016-10-01,0.194,C
94352500,2016-12-01,0.54,E
91853543,2016-10-01,0.103,B
94749337,2016-12-01,0.346,D
90745381,2016-10-01,0.184,C
92220387,2016-10-01,0.482,E
92114858,2016-10-01,0.135,B
92224800,2016-11-01,0.497,E
92708655,2016-11-01,0.297,D
94097018,2016-11-01,0.448,E
92234857,2016-10-01,0.119,B
93532254,2016-11-01,0.086,B
95374173,2016-12-01,0.129,B
91022409,2016-10-01,0.09,B
89797087,2016-12-01,0.234,D
93992947,2016-11-01,0.538,E
93751908,2016-11-01,0.319,D
94033401,2016-11-01,0.249,D
95329118,2016-12-01,0.335,D
90836924,2016-10-01,0.083,B
94207007,2016-11-01,0.135,B
95329589,2016-12-01,0.084,B
91157501,2016-10-01,0.241,D
90765637,2016-10-01,0.071,A
94078817,2016-12-01,0.12,B
93368457,2016-11-01,0.073,A
93596294,2016-11-01,0.21,C
94340576,2016-12-01,0.144,C
91340584,2016-10-01,0.183,C
90986807,2016-10-01,0.466,E
93923282,2016-12-01,0.122,B
93831665,2016-11-01,0.157,C
91199266,2016-10-01,0.098,B
93632764,2016-12-01,0.676,E
93535654,2016-11-01,0.235,D
91172205,2016-10-01,0.3,D
90835848,2016-10-01,0.508,E
94123645,2016-12-01,0.161,C
92556833,2016-11-01,0.189,C
92153480,2016-10-01,0.137,C
93586266,2016-11-01,0.096,B
94187263,2016-12-01,0.411,E
95148087,2016-12-01,0.205,C
92045540,2016-10-01,0.186,C
91553893,2016-10-01,0.235,D
92562905,2016-11-01,0.065,A
94438612,2016-12-01,0.366,D
93474154,2016-11-01,0.385,E
91163033,2016-10-01,0.133,B
95330829,2016-12-01,0.191,C
95918881,2016-12-01,0.239,D
94177928,2016-12-01,0.116,B
90745224,2016-10-01,0.689,E
93949619,2016-11-01,0.089,B
91020936,2016-10-01,0.331,D
91554390,2016-11-01,0.317,D
91366605,2016-11-01,0.126,B
94083748,2016-12-01,0.2,C
91339057,2016-10-01,0.28,D
93135585,2016-11-01,0.224,D
94004485,2016-11-01,0.129,B
91668352,2016-10-01,0.171,C
90641488,2016-10-01,0.118,B
95336843,2016-12-01,0.268,D
93893031,2016-11-01,0.223,D
91048125,2016-10-01,0.314,D
94068385,2016-12-01,0.295,D
91434006,2016-10-01,0.225,D
91494672,2016-10-01,0.067,A
91202085,2016-11-01,0.119,B
91386367,2016-10-01,0.22,D
93852176,2016-11-01,0.245,D
94081873,2016-12-01,0.179,C
92689392,2016-11-01,0.027,A
93932158,2016-11-01,0.251,D
93950912,2016-12-01,0.651,E
95118890,2016-12-01,0.096,B
94217499,2016-12-01,0.498,E
94394281,2016-12-01,0.035,A
93278879,2016-11-01,0.436,E
95067700,2016-12-01,0.157,C
94536560,2016-12-01,0.176,C
92093347,2016-10-01,0.163,C
90301427,2016-10-01,0.142,C
94476562,2016-12-01,0.401,E
93707765,2016-11-01,0.31,D
94183397,2016-12-01,0.382,E
95071643,2016-12-01,0.322,D
92649369,2016-11-01,0.122,B
95056657,2016-12-01,0.191,C
92381466,2016-11-01,0.24,D
92500316,2016-11-01,0.175,C
90501234,2016-10-01,0.072,A
94009100,2016-11-01,0.23,D
95032927,2016-12-01,0.237,D
94436218,2016-12-01,0.244,D
92094350,2016-10-01,0.205,C
95107036,2016-12-01,0.213,C
91784345,2016-10-01,0.284,D
94941476,2016-12-01,0.433,E
91098101,2016-10-01,0.053,A
94443905,2016-12-01,0.105,B
92607511,2016-11-01,0.278,D
90776133,2016-10-01,0.404,E
94001876,2016-12-01,0.388,E
91433521,2016-10-01,0.374,E
93281253,2016-11-01,0.193,C
93950313,2016-11-01,0.154,C
91122830,2016-10-01,0.117,B
91506215,2016-10-01,0.083,B
94075733,2016-12-01,0.18,C
92361288,2016-11-01,0.203,C
95010815,2016-12-01,0.204,C
93889127,2016-12-01,0.253,D
91638152,2016-10-01,0.106,B
93803284,2016-12-01,0.258,D
89969262,2016-10-01,0.092,B
91003469,2016-10-01,0.09,B
92163764,2016-11-01,0.203,C
92523628,2016-11-01,0.754,E
93704788,2016-11-01,0.253,D
91284835,2016-10-01,0.099,B
95274538,2016-12-01,0.16,C
94227870,2016-12-01,0.272,D
95010159,2016-12-01,0.503,E
91594598,2016-10-01,0.65,E
91733674,2016-10-01,0.13,B
93740962,2016-11-01,0.314,D
93594119,2016-11-01,0.444,E
91824472,2016-10-01,0.206,C
91180963,2016-10-01,0.479,E
95587542,2016-12-01,0.119,B
92269595,2016-11-01,0.061,A
91300194,2016-10-01,0.238,D
91082045,2016-10-01,0.098,B
94327186,2016-11-01,0.287,D
95795672,2016-12-01,0.305,D
94646559,2016-12-01,0.534,E
93464762,2016-11-01,0.448,E
94210324,2016-12-01,0.081,B
92034379,2016-11-01,0.267,D
90985613,2016-10-01,0.134,B
94192469,2016-12-01,0.291,D
93999220,2016-11-01,0.417,E
93574581,2016-11-01,0.362,D
93501436,2016-11-01,0.147,C
91305688,2016-10-01,0.124,B
91366840,2016-10-01,0.037,A
94716964,2016-12-01,0.245,D
90987923,2016-10-01,0.476,E
92627506,2016-11-01,0.085,B
92833962,2016-11-01,0.483,E
94181614,2016-12-01,0.097,B
95180730,2016-12-01,0.316,D
93961439,2016-12-01,0.127,B
91596918,2016-11-01,0.234,D
94396674,2016-12-01,0.19,C
92787201,2016-11-01,0.127,B
93278489,2016-11-01,0.075,A
95129606,2016-12-01,0.304,D
94350806,2016-12-01,0.243,D
90776299,2016-10-01,0.272,D
93277781,2016-11-01,0.627,E
94434566,2016-12-01,0.192,C
94280505,2016-12-01,0.322,D
95239884,2016-12-01,0.164,C
90238477,2016-10-01,0.155,C
92717599,2016-11-01,0.176,C
92450284,2016-11-01,0.217,D
91444733,2016-10-01,0.517,E
91299470,2016-10-01,0.441,E
91310927,2016-11-01,0.07,A
92248153,2016-10-01,0.094,B
94059049,2016-12-01,0.361,D
91170768,2016-10-01,0.604,E
91694372,2016-10-01,0.235,D
93682910,2016-11-01,0.071,A
91674026,2016-10-01,0.368,D
93890007,2016-11-01,0.482,E
93665585,2016-11-01,0.16,C
94327423,2016-12-01,0.706,E
92729150,2016-11-01,0.247,D
92232762,2016-11-01,0.249,D
91149823,2016-10-01,0.149,C
92524524,2016-11-01,0.468,E
93712208,2016-11-01,0.159,C
95052627,2016-12-01,0.147,C
